personiOrscene,person,personiOr,scene,face_path,global_path,width,height
f10ih3k,f10,f10i,h3k,"D:\work\secondYearMaster\thesis\reference\appeal\algorithms\preference_evaluate\deepskin\data\toMax\rendered_face\f10i\f10ih3k_01_face.jpg","D:\work\secondYearMaster\thesis\reference\appeal\algorithms\preference_evaluate\deepskin\data\toMax\rendered_2max\f10i\f10ih3k_01.jpg",1148,1530
f10ih3k,f10,f10i,h3k,"D:\work\secondYearMaster\thesis\reference\appeal\algorithms\preference_evaluate\deepskin\data\toMax\rendered_face\f10i\f10ih3k_02_face.jpg","D:\work\secondYearMaster\thesis\reference\appeal\algorithms\preference_evaluate\deepskin\data\toMax\rendered_2max\f10i\f10ih3k_01.jpg",1148,1530
f10ih3k,f10,f10i,h3k,"D:\work\secondYearMaster\thesis\reference\appeal\algorithms\preference_evaluate\deepskin\data\toMax\rendered_face\f10i\f10ih3k_03_face.jpg","D:\work\secondYearMaster\thesis\reference\appeal\algorithms\preference_evaluate\deepskin\data\toMax\rendered_2max\f10i\f10ih3k_01.jpg",1148,1530
f10ih3k,f10,f10i,h3k,"D:\work\secondYearMaster\thesis\reference\appeal\algorithms\preference_evaluate\deepskin\data\toMax\rendered_face\f10i\f10ih3k_04_face.jpg","D:\work\secondYearMaster\thesis\reference\appeal\algorithms\preference_evaluate\deepskin\data\toMax\rendered_2max\f10i\f10ih3k_01.jpg",1148,1530
f10ih3k,f10,f10i,h3k,"D:\work\secondYearMaster\thesis\reference\appeal\algorithms\preference_evaluate\deepskin\data\toMax\rendered_face\f10i\f10ih3k_05_face.jpg","D:\work\secondYearMaster\thesis\reference\appeal\algorithms\preference_evaluate\deepskin\data\toMax\rendered_2max\f10i\f10ih3k_01.jpg",1148,1530
f10ih3k,f10,f10i,h3k,"D:\work\secondYearMaster\thesis\reference\appeal\algorithms\preference_evaluate\deepskin\data\toMax\rendered_face\f10i\f10ih3k_06_face.jpg","D:\work\secondYearMaster\thesis\reference\appeal\algorithms\preference_evaluate\deepskin\data\toMax\rendered_2max\f10i\f10ih3k_01.jpg",1148,1530
f10ih3k,f10,f10i,h3k,"D:\work\secondYearMaster\thesis\reference\appeal\algorithms\preference_evaluate\deepskin\data\toMax\rendered_face\f10i\f10ih3k_07_face.jpg","D:\work\secondYearMaster\thesis\reference\appeal\algorithms\preference_evaluate\deepskin\data\toMax\rendered_2max\f10i\f10ih3k_01.jpg",1148,1530
f10ih3k,f10,f10i,h3k,"D:\work\secondYearMaster\thesis\reference\appeal\algorithms\preference_evaluate\deepskin\data\toMax\rendered_face\f10i\f10ih3k_08_face.jpg","D:\work\secondYearMaster\thesis\reference\appeal\algorithms\preference_evaluate\deepskin\data\toMax\rendered_2max\f10i\f10ih3k_01.jpg",1148,1530
f10ih3k,f10,f10i,h3k,"D:\work\secondYearMaster\thesis\reference\appeal\algorithms\preference_evaluate\deepskin\data\toMax\rendered_face\f10i\f10ih3k_09_face.jpg","D:\work\secondYearMaster\thesis\reference\appeal\algorithms\preference_evaluate\deepskin\data\toMax\rendered_2max\f10i\f10ih3k_01.jpg",1148,1530
f10ih3k,f10,f10i,h3k,"D:\work\secondYearMaster\thesis\reference\appeal\algorithms\preference_evaluate\deepskin\data\toMax\rendered_face\f10i\f10ih3k_10_face.jpg","D:\work\secondYearMaster\thesis\reference\appeal\algorithms\preference_evaluate\deepskin\data\toMax\rendered_2max\f10i\f10ih3k_01.jpg",1148,1530
f10ih3k,f10,f10i,h3k,"D:\work\secondYearMaster\thesis\reference\appeal\algorithms\preference_evaluate\deepskin\data\toMax\rendered_face\f10i\f10ih3k_11_face.jpg","D:\work\secondYearMaster\thesis\reference\appeal\algorithms\preference_evaluate\deepskin\data\toMax\rendered_2max\f10i\f10ih3k_01.jpg",1148,1530
f10ih3k,f10,f10i,h3k,"D:\work\secondYearMaster\thesis\reference\appeal\algorithms\preference_evaluate\deepskin\data\toMax\rendered_face\f10i\f10ih3k_12_face.jpg","D:\work\secondYearMaster\thesis\reference\appeal\algorithms\preference_evaluate\deepskin\data\toMax\rendered_2max\f10i\f10ih3k_01.jpg",1148,1530
f10ih3k,f10,f10i,h3k,"D:\work\secondYearMaster\thesis\reference\appeal\algorithms\preference_evaluate\deepskin\data\toMax\rendered_face\f10i\f10ih3k_13_face.jpg","D:\work\secondYearMaster\thesis\reference\appeal\algorithms\preference_evaluate\deepskin\data\toMax\rendered_2max\f10i\f10ih3k_01.jpg",1148,1530
f10ih3k,f10,f10i,h3k,"D:\work\secondYearMaster\thesis\reference\appeal\algorithms\preference_evaluate\deepskin\data\toMax\rendered_face\f10i\f10ih3k_14_face.jpg","D:\work\secondYearMaster\thesis\reference\appeal\algorithms\preference_evaluate\deepskin\data\toMax\rendered_2max\f10i\f10ih3k_01.jpg",1148,1530
f10ih3k,f10,f10i,h3k,"D:\work\secondYearMaster\thesis\reference\appeal\algorithms\preference_evaluate\deepskin\data\toMax\rendered_face\f10i\f10ih3k_15_face.jpg","D:\work\secondYearMaster\thesis\reference\appeal\algorithms\preference_evaluate\deepskin\data\toMax\rendered_2max\f10i\f10ih3k_01.jpg",1148,1530
f10ih3k,f10,f10i,h3k,"D:\work\secondYearMaster\thesis\reference\appeal\algorithms\preference_evaluate\deepskin\data\toMax\rendered_face\f10i\f10ih3k_16_face.jpg","D:\work\secondYearMaster\thesis\reference\appeal\algorithms\preference_evaluate\deepskin\data\toMax\rendered_2max\f10i\f10ih3k_01.jpg",1148,1530
f10ih3k,f10,f10i,h3k,"D:\work\secondYearMaster\thesis\reference\appeal\algorithms\preference_evaluate\deepskin\data\toMax\rendered_face\f10i\f10ih3k_17_face.jpg","D:\work\secondYearMaster\thesis\reference\appeal\algorithms\preference_evaluate\deepskin\data\toMax\rendered_2max\f10i\f10ih3k_01.jpg",1148,1530
f10ih3k,f10,f10i,h3k,"D:\work\secondYearMaster\thesis\reference\appeal\algorithms\preference_evaluate\deepskin\data\toMax\rendered_face\f10i\f10ih3k_18_face.jpg","D:\work\secondYearMaster\thesis\reference\appeal\algorithms\preference_evaluate\deepskin\data\toMax\rendered_2max\f10i\f10ih3k_01.jpg",1148,1530
f10ih3k,f10,f10i,h3k,"D:\work\secondYearMaster\thesis\reference\appeal\algorithms\preference_evaluate\deepskin\data\toMax\rendered_face\f10i\f10ih3k_19_face.jpg","D:\work\secondYearMaster\thesis\reference\appeal\algorithms\preference_evaluate\deepskin\data\toMax\rendered_2max\f10i\f10ih3k_01.jpg",1148,1530
f10ih3k,f10,f10i,h3k,"D:\work\secondYearMaster\thesis\reference\appeal\algorithms\preference_evaluate\deepskin\data\toMax\rendered_face\f10i\f10ih3k_20_face.jpg","D:\work\secondYearMaster\thesis\reference\appeal\algorithms\preference_evaluate\deepskin\data\toMax\rendered_2max\f10i\f10ih3k_01.jpg",1148,1530
f10ih3k,f10,f10i,h3k,"D:\work\secondYearMaster\thesis\reference\appeal\algorithms\preference_evaluate\deepskin\data\toMax\rendered_face\f10i\f10ih3k_21_face.jpg","D:\work\secondYearMaster\thesis\reference\appeal\algorithms\preference_evaluate\deepskin\data\toMax\rendered_2max\f10i\f10ih3k_01.jpg",1148,1530
f10ih3k,f10,f10i,h3k,"D:\work\secondYearMaster\thesis\reference\appeal\algorithms\preference_evaluate\deepskin\data\toMax\rendered_face\f10i\f10ih3k_22_face.jpg","D:\work\secondYearMaster\thesis\reference\appeal\algorithms\preference_evaluate\deepskin\data\toMax\rendered_2max\f10i\f10ih3k_01.jpg",1148,1530
f10ih3k,f10,f10i,h3k,"D:\work\secondYearMaster\thesis\reference\appeal\algorithms\preference_evaluate\deepskin\data\toMax\rendered_face\f10i\f10ih3k_23_face.jpg","D:\work\secondYearMaster\thesis\reference\appeal\algorithms\preference_evaluate\deepskin\data\toMax\rendered_2max\f10i\f10ih3k_01.jpg",1148,1530
f10ih3k,f10,f10i,h3k,"D:\work\secondYearMaster\thesis\reference\appeal\algorithms\preference_evaluate\deepskin\data\toMax\rendered_face\f10i\f10ih3k_24_face.jpg","D:\work\secondYearMaster\thesis\reference\appeal\algorithms\preference_evaluate\deepskin\data\toMax\rendered_2max\f10i\f10ih3k_01.jpg",1148,1530
f10ih3k,f10,f10i,h3k,"D:\work\secondYearMaster\thesis\reference\appeal\algorithms\preference_evaluate\deepskin\data\toMax\rendered_face\f10i\f10ih3k_25_face.jpg","D:\work\secondYearMaster\thesis\reference\appeal\algorithms\preference_evaluate\deepskin\data\toMax\rendered_2max\f10i\f10ih3k_01.jpg",1148,1530
f10ih3k,f10,f10i,h3k,"D:\work\secondYearMaster\thesis\reference\appeal\algorithms\preference_evaluate\deepskin\data\toMax\rendered_face\f10i\f10ih3k_26_face.jpg","D:\work\secondYearMaster\thesis\reference\appeal\algorithms\preference_evaluate\deepskin\data\toMax\rendered_2max\f10i\f10ih3k_01.jpg",1148,1530
f10ih3k,f10,f10i,h3k,"D:\work\secondYearMaster\thesis\reference\appeal\algorithms\preference_evaluate\deepskin\data\toMax\rendered_face\f10i\f10ih3k_27_face.jpg","D:\work\secondYearMaster\thesis\reference\appeal\algorithms\preference_evaluate\deepskin\data\toMax\rendered_2max\f10i\f10ih3k_01.jpg",1148,1530
f10ih3k,f10,f10i,h3k,"D:\work\secondYearMaster\thesis\reference\appeal\algorithms\preference_evaluate\deepskin\data\toMax\rendered_face\f10i\f10ih3k_28_face.jpg","D:\work\secondYearMaster\thesis\reference\appeal\algorithms\preference_evaluate\deepskin\data\toMax\rendered_2max\f10i\f10ih3k_01.jpg",1148,1530
f10ih3k,f10,f10i,h3k,"D:\work\secondYearMaster\thesis\reference\appeal\algorithms\preference_evaluate\deepskin\data\toMax\rendered_face\f10i\f10ih3k_29_face.jpg","D:\work\secondYearMaster\thesis\reference\appeal\algorithms\preference_evaluate\deepskin\data\toMax\rendered_2max\f10i\f10ih3k_01.jpg",1148,1530
f10ih3k,f10,f10i,h3k,"D:\work\secondYearMaster\thesis\reference\appeal\algorithms\preference_evaluate\deepskin\data\toMax\rendered_face\f10i\f10ih3k_30_face.jpg","D:\work\secondYearMaster\thesis\reference\appeal\algorithms\preference_evaluate\deepskin\data\toMax\rendered_2max\f10i\f10ih3k_01.jpg",1148,1530
f10ih3k,f10,f10i,h3k,"D:\work\secondYearMaster\thesis\reference\appeal\algorithms\preference_evaluate\deepskin\data\toMax\rendered_face\f10i\f10ih3k_31_face.jpg","D:\work\secondYearMaster\thesis\reference\appeal\algorithms\preference_evaluate\deepskin\data\toMax\rendered_2max\f10i\f10ih3k_01.jpg",1148,1530
f10ih3k,f10,f10i,h3k,"D:\work\secondYearMaster\thesis\reference\appeal\algorithms\preference_evaluate\deepskin\data\toMax\rendered_face\f10i\f10ih3k_32_face.jpg","D:\work\secondYearMaster\thesis\reference\appeal\algorithms\preference_evaluate\deepskin\data\toMax\rendered_2max\f10i\f10ih3k_01.jpg",1148,1530
f10ih3k,f10,f10i,h3k,"D:\work\secondYearMaster\thesis\reference\appeal\algorithms\preference_evaluate\deepskin\data\toMax\rendered_face\f10i\f10ih3k_33_face.jpg","D:\work\secondYearMaster\thesis\reference\appeal\algorithms\preference_evaluate\deepskin\data\toMax\rendered_2max\f10i\f10ih3k_01.jpg",1148,1530
f10ih4k,f10,f10i,h4k,"D:\work\secondYearMaster\thesis\reference\appeal\algorithms\preference_evaluate\deepskin\data\toMax\rendered_face\f10i\f10ih4k_01_face.jpg","D:\work\secondYearMaster\thesis\reference\appeal\algorithms\preference_evaluate\deepskin\data\toMax\rendered_2max\f10i\f10ih4k_01.jpg",1148,1530
f10ih4k,f10,f10i,h4k,"D:\work\secondYearMaster\thesis\reference\appeal\algorithms\preference_evaluate\deepskin\data\toMax\rendered_face\f10i\f10ih4k_02_face.jpg","D:\work\secondYearMaster\thesis\reference\appeal\algorithms\preference_evaluate\deepskin\data\toMax\rendered_2max\f10i\f10ih4k_01.jpg",1148,1530
f10ih4k,f10,f10i,h4k,"D:\work\secondYearMaster\thesis\reference\appeal\algorithms\preference_evaluate\deepskin\data\toMax\rendered_face\f10i\f10ih4k_03_face.jpg","D:\work\secondYearMaster\thesis\reference\appeal\algorithms\preference_evaluate\deepskin\data\toMax\rendered_2max\f10i\f10ih4k_01.jpg",1148,1530
f10ih4k,f10,f10i,h4k,"D:\work\secondYearMaster\thesis\reference\appeal\algorithms\preference_evaluate\deepskin\data\toMax\rendered_face\f10i\f10ih4k_04_face.jpg","D:\work\secondYearMaster\thesis\reference\appeal\algorithms\preference_evaluate\deepskin\data\toMax\rendered_2max\f10i\f10ih4k_01.jpg",1148,1530
f10ih4k,f10,f10i,h4k,"D:\work\secondYearMaster\thesis\reference\appeal\algorithms\preference_evaluate\deepskin\data\toMax\rendered_face\f10i\f10ih4k_05_face.jpg","D:\work\secondYearMaster\thesis\reference\appeal\algorithms\preference_evaluate\deepskin\data\toMax\rendered_2max\f10i\f10ih4k_01.jpg",1148,1530
f10ih4k,f10,f10i,h4k,"D:\work\secondYearMaster\thesis\reference\appeal\algorithms\preference_evaluate\deepskin\data\toMax\rendered_face\f10i\f10ih4k_06_face.jpg","D:\work\secondYearMaster\thesis\reference\appeal\algorithms\preference_evaluate\deepskin\data\toMax\rendered_2max\f10i\f10ih4k_01.jpg",1148,1530
f10ih4k,f10,f10i,h4k,"D:\work\secondYearMaster\thesis\reference\appeal\algorithms\preference_evaluate\deepskin\data\toMax\rendered_face\f10i\f10ih4k_07_face.jpg","D:\work\secondYearMaster\thesis\reference\appeal\algorithms\preference_evaluate\deepskin\data\toMax\rendered_2max\f10i\f10ih4k_01.jpg",1148,1530
f10ih4k,f10,f10i,h4k,"D:\work\secondYearMaster\thesis\reference\appeal\algorithms\preference_evaluate\deepskin\data\toMax\rendered_face\f10i\f10ih4k_08_face.jpg","D:\work\secondYearMaster\thesis\reference\appeal\algorithms\preference_evaluate\deepskin\data\toMax\rendered_2max\f10i\f10ih4k_01.jpg",1148,1530
f10ih4k,f10,f10i,h4k,"D:\work\secondYearMaster\thesis\reference\appeal\algorithms\preference_evaluate\deepskin\data\toMax\rendered_face\f10i\f10ih4k_09_face.jpg","D:\work\secondYearMaster\thesis\reference\appeal\algorithms\preference_evaluate\deepskin\data\toMax\rendered_2max\f10i\f10ih4k_01.jpg",1148,1530
f10ih4k,f10,f10i,h4k,"D:\work\secondYearMaster\thesis\reference\appeal\algorithms\preference_evaluate\deepskin\data\toMax\rendered_face\f10i\f10ih4k_10_face.jpg","D:\work\secondYearMaster\thesis\reference\appeal\algorithms\preference_evaluate\deepskin\data\toMax\rendered_2max\f10i\f10ih4k_01.jpg",1148,1530
f10ih4k,f10,f10i,h4k,"D:\work\secondYearMaster\thesis\reference\appeal\algorithms\preference_evaluate\deepskin\data\toMax\rendered_face\f10i\f10ih4k_11_face.jpg","D:\work\secondYearMaster\thesis\reference\appeal\algorithms\preference_evaluate\deepskin\data\toMax\rendered_2max\f10i\f10ih4k_01.jpg",1148,1530
f10ih4k,f10,f10i,h4k,"D:\work\secondYearMaster\thesis\reference\appeal\algorithms\preference_evaluate\deepskin\data\toMax\rendered_face\f10i\f10ih4k_12_face.jpg","D:\work\secondYearMaster\thesis\reference\appeal\algorithms\preference_evaluate\deepskin\data\toMax\rendered_2max\f10i\f10ih4k_01.jpg",1148,1530
f10ih4k,f10,f10i,h4k,"D:\work\secondYearMaster\thesis\reference\appeal\algorithms\preference_evaluate\deepskin\data\toMax\rendered_face\f10i\f10ih4k_13_face.jpg","D:\work\secondYearMaster\thesis\reference\appeal\algorithms\preference_evaluate\deepskin\data\toMax\rendered_2max\f10i\f10ih4k_01.jpg",1148,1530
f10ih4k,f10,f10i,h4k,"D:\work\secondYearMaster\thesis\reference\appeal\algorithms\preference_evaluate\deepskin\data\toMax\rendered_face\f10i\f10ih4k_14_face.jpg","D:\work\secondYearMaster\thesis\reference\appeal\algorithms\preference_evaluate\deepskin\data\toMax\rendered_2max\f10i\f10ih4k_01.jpg",1148,1530
f10ih4k,f10,f10i,h4k,"D:\work\secondYearMaster\thesis\reference\appeal\algorithms\preference_evaluate\deepskin\data\toMax\rendered_face\f10i\f10ih4k_15_face.jpg","D:\work\secondYearMaster\thesis\reference\appeal\algorithms\preference_evaluate\deepskin\data\toMax\rendered_2max\f10i\f10ih4k_01.jpg",1148,1530
f10ih4k,f10,f10i,h4k,"D:\work\secondYearMaster\thesis\reference\appeal\algorithms\preference_evaluate\deepskin\data\toMax\rendered_face\f10i\f10ih4k_16_face.jpg","D:\work\secondYearMaster\thesis\reference\appeal\algorithms\preference_evaluate\deepskin\data\toMax\rendered_2max\f10i\f10ih4k_01.jpg",1148,1530
f10ih4k,f10,f10i,h4k,"D:\work\secondYearMaster\thesis\reference\appeal\algorithms\preference_evaluate\deepskin\data\toMax\rendered_face\f10i\f10ih4k_17_face.jpg","D:\work\secondYearMaster\thesis\reference\appeal\algorithms\preference_evaluate\deepskin\data\toMax\rendered_2max\f10i\f10ih4k_01.jpg",1148,1530
f10ih4k,f10,f10i,h4k,"D:\work\secondYearMaster\thesis\reference\appeal\algorithms\preference_evaluate\deepskin\data\toMax\rendered_face\f10i\f10ih4k_18_face.jpg","D:\work\secondYearMaster\thesis\reference\appeal\algorithms\preference_evaluate\deepskin\data\toMax\rendered_2max\f10i\f10ih4k_01.jpg",1148,1530
f10ih4k,f10,f10i,h4k,"D:\work\secondYearMaster\thesis\reference\appeal\algorithms\preference_evaluate\deepskin\data\toMax\rendered_face\f10i\f10ih4k_19_face.jpg","D:\work\secondYearMaster\thesis\reference\appeal\algorithms\preference_evaluate\deepskin\data\toMax\rendered_2max\f10i\f10ih4k_01.jpg",1148,1530
f10ih4k,f10,f10i,h4k,"D:\work\secondYearMaster\thesis\reference\appeal\algorithms\preference_evaluate\deepskin\data\toMax\rendered_face\f10i\f10ih4k_20_face.jpg","D:\work\secondYearMaster\thesis\reference\appeal\algorithms\preference_evaluate\deepskin\data\toMax\rendered_2max\f10i\f10ih4k_01.jpg",1148,1530
f10ih4k,f10,f10i,h4k,"D:\work\secondYearMaster\thesis\reference\appeal\algorithms\preference_evaluate\deepskin\data\toMax\rendered_face\f10i\f10ih4k_21_face.jpg","D:\work\secondYearMaster\thesis\reference\appeal\algorithms\preference_evaluate\deepskin\data\toMax\rendered_2max\f10i\f10ih4k_01.jpg",1148,1530
f10ih4k,f10,f10i,h4k,"D:\work\secondYearMaster\thesis\reference\appeal\algorithms\preference_evaluate\deepskin\data\toMax\rendered_face\f10i\f10ih4k_22_face.jpg","D:\work\secondYearMaster\thesis\reference\appeal\algorithms\preference_evaluate\deepskin\data\toMax\rendered_2max\f10i\f10ih4k_01.jpg",1148,1530
f10ih4k,f10,f10i,h4k,"D:\work\secondYearMaster\thesis\reference\appeal\algorithms\preference_evaluate\deepskin\data\toMax\rendered_face\f10i\f10ih4k_23_face.jpg","D:\work\secondYearMaster\thesis\reference\appeal\algorithms\preference_evaluate\deepskin\data\toMax\rendered_2max\f10i\f10ih4k_01.jpg",1148,1530
f10ih4k,f10,f10i,h4k,"D:\work\secondYearMaster\thesis\reference\appeal\algorithms\preference_evaluate\deepskin\data\toMax\rendered_face\f10i\f10ih4k_24_face.jpg","D:\work\secondYearMaster\thesis\reference\appeal\algorithms\preference_evaluate\deepskin\data\toMax\rendered_2max\f10i\f10ih4k_01.jpg",1148,1530
f10ih4k,f10,f10i,h4k,"D:\work\secondYearMaster\thesis\reference\appeal\algorithms\preference_evaluate\deepskin\data\toMax\rendered_face\f10i\f10ih4k_25_face.jpg","D:\work\secondYearMaster\thesis\reference\appeal\algorithms\preference_evaluate\deepskin\data\toMax\rendered_2max\f10i\f10ih4k_01.jpg",1148,1530
f10ih4k,f10,f10i,h4k,"D:\work\secondYearMaster\thesis\reference\appeal\algorithms\preference_evaluate\deepskin\data\toMax\rendered_face\f10i\f10ih4k_26_face.jpg","D:\work\secondYearMaster\thesis\reference\appeal\algorithms\preference_evaluate\deepskin\data\toMax\rendered_2max\f10i\f10ih4k_01.jpg",1148,1530
f10ih4k,f10,f10i,h4k,"D:\work\secondYearMaster\thesis\reference\appeal\algorithms\preference_evaluate\deepskin\data\toMax\rendered_face\f10i\f10ih4k_27_face.jpg","D:\work\secondYearMaster\thesis\reference\appeal\algorithms\preference_evaluate\deepskin\data\toMax\rendered_2max\f10i\f10ih4k_01.jpg",1148,1530
f10ih4k,f10,f10i,h4k,"D:\work\secondYearMaster\thesis\reference\appeal\algorithms\preference_evaluate\deepskin\data\toMax\rendered_face\f10i\f10ih4k_28_face.jpg","D:\work\secondYearMaster\thesis\reference\appeal\algorithms\preference_evaluate\deepskin\data\toMax\rendered_2max\f10i\f10ih4k_01.jpg",1148,1530
f10ih4k,f10,f10i,h4k,"D:\work\secondYearMaster\thesis\reference\appeal\algorithms\preference_evaluate\deepskin\data\toMax\rendered_face\f10i\f10ih4k_29_face.jpg","D:\work\secondYearMaster\thesis\reference\appeal\algorithms\preference_evaluate\deepskin\data\toMax\rendered_2max\f10i\f10ih4k_01.jpg",1148,1530
f10ih4k,f10,f10i,h4k,"D:\work\secondYearMaster\thesis\reference\appeal\algorithms\preference_evaluate\deepskin\data\toMax\rendered_face\f10i\f10ih4k_30_face.jpg","D:\work\secondYearMaster\thesis\reference\appeal\algorithms\preference_evaluate\deepskin\data\toMax\rendered_2max\f10i\f10ih4k_01.jpg",1148,1530
f10ih4k,f10,f10i,h4k,"D:\work\secondYearMaster\thesis\reference\appeal\algorithms\preference_evaluate\deepskin\data\toMax\rendered_face\f10i\f10ih4k_31_face.jpg","D:\work\secondYearMaster\thesis\reference\appeal\algorithms\preference_evaluate\deepskin\data\toMax\rendered_2max\f10i\f10ih4k_01.jpg",1148,1530
f10ih4k,f10,f10i,h4k,"D:\work\secondYearMaster\thesis\reference\appeal\algorithms\preference_evaluate\deepskin\data\toMax\rendered_face\f10i\f10ih4k_32_face.jpg","D:\work\secondYearMaster\thesis\reference\appeal\algorithms\preference_evaluate\deepskin\data\toMax\rendered_2max\f10i\f10ih4k_01.jpg",1148,1530
f10ih4k,f10,f10i,h4k,"D:\work\secondYearMaster\thesis\reference\appeal\algorithms\preference_evaluate\deepskin\data\toMax\rendered_face\f10i\f10ih4k_33_face.jpg","D:\work\secondYearMaster\thesis\reference\appeal\algorithms\preference_evaluate\deepskin\data\toMax\rendered_2max\f10i\f10ih4k_01.jpg",1148,1530
f10ih5k,f10,f10i,h5k,"D:\work\secondYearMaster\thesis\reference\appeal\algorithms\preference_evaluate\deepskin\data\toMax\rendered_face\f10i\f10ih5k_01_face.jpg","D:\work\secondYearMaster\thesis\reference\appeal\algorithms\preference_evaluate\deepskin\data\toMax\rendered_2max\f10i\f10ih5k_01.jpg",1148,1530
f10ih5k,f10,f10i,h5k,"D:\work\secondYearMaster\thesis\reference\appeal\algorithms\preference_evaluate\deepskin\data\toMax\rendered_face\f10i\f10ih5k_02_face.jpg","D:\work\secondYearMaster\thesis\reference\appeal\algorithms\preference_evaluate\deepskin\data\toMax\rendered_2max\f10i\f10ih5k_01.jpg",1148,1530
f10ih5k,f10,f10i,h5k,"D:\work\secondYearMaster\thesis\reference\appeal\algorithms\preference_evaluate\deepskin\data\toMax\rendered_face\f10i\f10ih5k_03_face.jpg","D:\work\secondYearMaster\thesis\reference\appeal\algorithms\preference_evaluate\deepskin\data\toMax\rendered_2max\f10i\f10ih5k_01.jpg",1148,1530
f10ih5k,f10,f10i,h5k,"D:\work\secondYearMaster\thesis\reference\appeal\algorithms\preference_evaluate\deepskin\data\toMax\rendered_face\f10i\f10ih5k_04_face.jpg","D:\work\secondYearMaster\thesis\reference\appeal\algorithms\preference_evaluate\deepskin\data\toMax\rendered_2max\f10i\f10ih5k_01.jpg",1148,1530
f10ih5k,f10,f10i,h5k,"D:\work\secondYearMaster\thesis\reference\appeal\algorithms\preference_evaluate\deepskin\data\toMax\rendered_face\f10i\f10ih5k_05_face.jpg","D:\work\secondYearMaster\thesis\reference\appeal\algorithms\preference_evaluate\deepskin\data\toMax\rendered_2max\f10i\f10ih5k_01.jpg",1148,1530
f10ih5k,f10,f10i,h5k,"D:\work\secondYearMaster\thesis\reference\appeal\algorithms\preference_evaluate\deepskin\data\toMax\rendered_face\f10i\f10ih5k_06_face.jpg","D:\work\secondYearMaster\thesis\reference\appeal\algorithms\preference_evaluate\deepskin\data\toMax\rendered_2max\f10i\f10ih5k_01.jpg",1148,1530
f10ih5k,f10,f10i,h5k,"D:\work\secondYearMaster\thesis\reference\appeal\algorithms\preference_evaluate\deepskin\data\toMax\rendered_face\f10i\f10ih5k_07_face.jpg","D:\work\secondYearMaster\thesis\reference\appeal\algorithms\preference_evaluate\deepskin\data\toMax\rendered_2max\f10i\f10ih5k_01.jpg",1148,1530
f10ih5k,f10,f10i,h5k,"D:\work\secondYearMaster\thesis\reference\appeal\algorithms\preference_evaluate\deepskin\data\toMax\rendered_face\f10i\f10ih5k_08_face.jpg","D:\work\secondYearMaster\thesis\reference\appeal\algorithms\preference_evaluate\deepskin\data\toMax\rendered_2max\f10i\f10ih5k_01.jpg",1148,1530
f10ih5k,f10,f10i,h5k,"D:\work\secondYearMaster\thesis\reference\appeal\algorithms\preference_evaluate\deepskin\data\toMax\rendered_face\f10i\f10ih5k_09_face.jpg","D:\work\secondYearMaster\thesis\reference\appeal\algorithms\preference_evaluate\deepskin\data\toMax\rendered_2max\f10i\f10ih5k_01.jpg",1148,1530
f10ih5k,f10,f10i,h5k,"D:\work\secondYearMaster\thesis\reference\appeal\algorithms\preference_evaluate\deepskin\data\toMax\rendered_face\f10i\f10ih5k_10_face.jpg","D:\work\secondYearMaster\thesis\reference\appeal\algorithms\preference_evaluate\deepskin\data\toMax\rendered_2max\f10i\f10ih5k_01.jpg",1148,1530
f10ih5k,f10,f10i,h5k,"D:\work\secondYearMaster\thesis\reference\appeal\algorithms\preference_evaluate\deepskin\data\toMax\rendered_face\f10i\f10ih5k_11_face.jpg","D:\work\secondYearMaster\thesis\reference\appeal\algorithms\preference_evaluate\deepskin\data\toMax\rendered_2max\f10i\f10ih5k_01.jpg",1148,1530
f10ih5k,f10,f10i,h5k,"D:\work\secondYearMaster\thesis\reference\appeal\algorithms\preference_evaluate\deepskin\data\toMax\rendered_face\f10i\f10ih5k_12_face.jpg","D:\work\secondYearMaster\thesis\reference\appeal\algorithms\preference_evaluate\deepskin\data\toMax\rendered_2max\f10i\f10ih5k_01.jpg",1148,1530
f10ih5k,f10,f10i,h5k,"D:\work\secondYearMaster\thesis\reference\appeal\algorithms\preference_evaluate\deepskin\data\toMax\rendered_face\f10i\f10ih5k_13_face.jpg","D:\work\secondYearMaster\thesis\reference\appeal\algorithms\preference_evaluate\deepskin\data\toMax\rendered_2max\f10i\f10ih5k_01.jpg",1148,1530
f10ih5k,f10,f10i,h5k,"D:\work\secondYearMaster\thesis\reference\appeal\algorithms\preference_evaluate\deepskin\data\toMax\rendered_face\f10i\f10ih5k_14_face.jpg","D:\work\secondYearMaster\thesis\reference\appeal\algorithms\preference_evaluate\deepskin\data\toMax\rendered_2max\f10i\f10ih5k_01.jpg",1148,1530
f10ih5k,f10,f10i,h5k,"D:\work\secondYearMaster\thesis\reference\appeal\algorithms\preference_evaluate\deepskin\data\toMax\rendered_face\f10i\f10ih5k_15_face.jpg","D:\work\secondYearMaster\thesis\reference\appeal\algorithms\preference_evaluate\deepskin\data\toMax\rendered_2max\f10i\f10ih5k_01.jpg",1148,1530
f10ih5k,f10,f10i,h5k,"D:\work\secondYearMaster\thesis\reference\appeal\algorithms\preference_evaluate\deepskin\data\toMax\rendered_face\f10i\f10ih5k_16_face.jpg","D:\work\secondYearMaster\thesis\reference\appeal\algorithms\preference_evaluate\deepskin\data\toMax\rendered_2max\f10i\f10ih5k_01.jpg",1148,1530
f10ih5k,f10,f10i,h5k,"D:\work\secondYearMaster\thesis\reference\appeal\algorithms\preference_evaluate\deepskin\data\toMax\rendered_face\f10i\f10ih5k_17_face.jpg","D:\work\secondYearMaster\thesis\reference\appeal\algorithms\preference_evaluate\deepskin\data\toMax\rendered_2max\f10i\f10ih5k_01.jpg",1148,1530
f10ih5k,f10,f10i,h5k,"D:\work\secondYearMaster\thesis\reference\appeal\algorithms\preference_evaluate\deepskin\data\toMax\rendered_face\f10i\f10ih5k_18_face.jpg","D:\work\secondYearMaster\thesis\reference\appeal\algorithms\preference_evaluate\deepskin\data\toMax\rendered_2max\f10i\f10ih5k_01.jpg",1148,1530
f10ih5k,f10,f10i,h5k,"D:\work\secondYearMaster\thesis\reference\appeal\algorithms\preference_evaluate\deepskin\data\toMax\rendered_face\f10i\f10ih5k_19_face.jpg","D:\work\secondYearMaster\thesis\reference\appeal\algorithms\preference_evaluate\deepskin\data\toMax\rendered_2max\f10i\f10ih5k_01.jpg",1148,1530
f10ih5k,f10,f10i,h5k,"D:\work\secondYearMaster\thesis\reference\appeal\algorithms\preference_evaluate\deepskin\data\toMax\rendered_face\f10i\f10ih5k_20_face.jpg","D:\work\secondYearMaster\thesis\reference\appeal\algorithms\preference_evaluate\deepskin\data\toMax\rendered_2max\f10i\f10ih5k_01.jpg",1148,1530
f10ih5k,f10,f10i,h5k,"D:\work\secondYearMaster\thesis\reference\appeal\algorithms\preference_evaluate\deepskin\data\toMax\rendered_face\f10i\f10ih5k_21_face.jpg","D:\work\secondYearMaster\thesis\reference\appeal\algorithms\preference_evaluate\deepskin\data\toMax\rendered_2max\f10i\f10ih5k_01.jpg",1148,1530
f10ih5k,f10,f10i,h5k,"D:\work\secondYearMaster\thesis\reference\appeal\algorithms\preference_evaluate\deepskin\data\toMax\rendered_face\f10i\f10ih5k_22_face.jpg","D:\work\secondYearMaster\thesis\reference\appeal\algorithms\preference_evaluate\deepskin\data\toMax\rendered_2max\f10i\f10ih5k_01.jpg",1148,1530
f10ih5k,f10,f10i,h5k,"D:\work\secondYearMaster\thesis\reference\appeal\algorithms\preference_evaluate\deepskin\data\toMax\rendered_face\f10i\f10ih5k_23_face.jpg","D:\work\secondYearMaster\thesis\reference\appeal\algorithms\preference_evaluate\deepskin\data\toMax\rendered_2max\f10i\f10ih5k_01.jpg",1148,1530
f10ih5k,f10,f10i,h5k,"D:\work\secondYearMaster\thesis\reference\appeal\algorithms\preference_evaluate\deepskin\data\toMax\rendered_face\f10i\f10ih5k_24_face.jpg","D:\work\secondYearMaster\thesis\reference\appeal\algorithms\preference_evaluate\deepskin\data\toMax\rendered_2max\f10i\f10ih5k_01.jpg",1148,1530
f10ih5k,f10,f10i,h5k,"D:\work\secondYearMaster\thesis\reference\appeal\algorithms\preference_evaluate\deepskin\data\toMax\rendered_face\f10i\f10ih5k_25_face.jpg","D:\work\secondYearMaster\thesis\reference\appeal\algorithms\preference_evaluate\deepskin\data\toMax\rendered_2max\f10i\f10ih5k_01.jpg",1148,1530
f10ih5k,f10,f10i,h5k,"D:\work\secondYearMaster\thesis\reference\appeal\algorithms\preference_evaluate\deepskin\data\toMax\rendered_face\f10i\f10ih5k_26_face.jpg","D:\work\secondYearMaster\thesis\reference\appeal\algorithms\preference_evaluate\deepskin\data\toMax\rendered_2max\f10i\f10ih5k_01.jpg",1148,1530
f10ih5k,f10,f10i,h5k,"D:\work\secondYearMaster\thesis\reference\appeal\algorithms\preference_evaluate\deepskin\data\toMax\rendered_face\f10i\f10ih5k_27_face.jpg","D:\work\secondYearMaster\thesis\reference\appeal\algorithms\preference_evaluate\deepskin\data\toMax\rendered_2max\f10i\f10ih5k_01.jpg",1148,1530
f10ih5k,f10,f10i,h5k,"D:\work\secondYearMaster\thesis\reference\appeal\algorithms\preference_evaluate\deepskin\data\toMax\rendered_face\f10i\f10ih5k_28_face.jpg","D:\work\secondYearMaster\thesis\reference\appeal\algorithms\preference_evaluate\deepskin\data\toMax\rendered_2max\f10i\f10ih5k_01.jpg",1148,1530
f10ih5k,f10,f10i,h5k,"D:\work\secondYearMaster\thesis\reference\appeal\algorithms\preference_evaluate\deepskin\data\toMax\rendered_face\f10i\f10ih5k_29_face.jpg","D:\work\secondYearMaster\thesis\reference\appeal\algorithms\preference_evaluate\deepskin\data\toMax\rendered_2max\f10i\f10ih5k_01.jpg",1148,1530
f10ih5k,f10,f10i,h5k,"D:\work\secondYearMaster\thesis\reference\appeal\algorithms\preference_evaluate\deepskin\data\toMax\rendered_face\f10i\f10ih5k_30_face.jpg","D:\work\secondYearMaster\thesis\reference\appeal\algorithms\preference_evaluate\deepskin\data\toMax\rendered_2max\f10i\f10ih5k_01.jpg",1148,1530
f10ih5k,f10,f10i,h5k,"D:\work\secondYearMaster\thesis\reference\appeal\algorithms\preference_evaluate\deepskin\data\toMax\rendered_face\f10i\f10ih5k_31_face.jpg","D:\work\secondYearMaster\thesis\reference\appeal\algorithms\preference_evaluate\deepskin\data\toMax\rendered_2max\f10i\f10ih5k_01.jpg",1148,1530
f10ih5k,f10,f10i,h5k,"D:\work\secondYearMaster\thesis\reference\appeal\algorithms\preference_evaluate\deepskin\data\toMax\rendered_face\f10i\f10ih5k_32_face.jpg","D:\work\secondYearMaster\thesis\reference\appeal\algorithms\preference_evaluate\deepskin\data\toMax\rendered_2max\f10i\f10ih5k_01.jpg",1148,1530
f10ih5k,f10,f10i,h5k,"D:\work\secondYearMaster\thesis\reference\appeal\algorithms\preference_evaluate\deepskin\data\toMax\rendered_face\f10i\f10ih5k_33_face.jpg","D:\work\secondYearMaster\thesis\reference\appeal\algorithms\preference_evaluate\deepskin\data\toMax\rendered_2max\f10i\f10ih5k_01.jpg",1148,1530
f10ih6k,f10,f10i,h6k,"D:\work\secondYearMaster\thesis\reference\appeal\algorithms\preference_evaluate\deepskin\data\toMax\rendered_face\f10i\f10ih6k_01_face.jpg","D:\work\secondYearMaster\thesis\reference\appeal\algorithms\preference_evaluate\deepskin\data\toMax\rendered_2max\f10i\f10ih6k_01.jpg",1148,1530
f10ih6k,f10,f10i,h6k,"D:\work\secondYearMaster\thesis\reference\appeal\algorithms\preference_evaluate\deepskin\data\toMax\rendered_face\f10i\f10ih6k_02_face.jpg","D:\work\secondYearMaster\thesis\reference\appeal\algorithms\preference_evaluate\deepskin\data\toMax\rendered_2max\f10i\f10ih6k_01.jpg",1148,1530
f10ih6k,f10,f10i,h6k,"D:\work\secondYearMaster\thesis\reference\appeal\algorithms\preference_evaluate\deepskin\data\toMax\rendered_face\f10i\f10ih6k_03_face.jpg","D:\work\secondYearMaster\thesis\reference\appeal\algorithms\preference_evaluate\deepskin\data\toMax\rendered_2max\f10i\f10ih6k_01.jpg",1148,1530
f10ih6k,f10,f10i,h6k,"D:\work\secondYearMaster\thesis\reference\appeal\algorithms\preference_evaluate\deepskin\data\toMax\rendered_face\f10i\f10ih6k_04_face.jpg","D:\work\secondYearMaster\thesis\reference\appeal\algorithms\preference_evaluate\deepskin\data\toMax\rendered_2max\f10i\f10ih6k_01.jpg",1148,1530
f10ih6k,f10,f10i,h6k,"D:\work\secondYearMaster\thesis\reference\appeal\algorithms\preference_evaluate\deepskin\data\toMax\rendered_face\f10i\f10ih6k_05_face.jpg","D:\work\secondYearMaster\thesis\reference\appeal\algorithms\preference_evaluate\deepskin\data\toMax\rendered_2max\f10i\f10ih6k_01.jpg",1148,1530
f10ih6k,f10,f10i,h6k,"D:\work\secondYearMaster\thesis\reference\appeal\algorithms\preference_evaluate\deepskin\data\toMax\rendered_face\f10i\f10ih6k_06_face.jpg","D:\work\secondYearMaster\thesis\reference\appeal\algorithms\preference_evaluate\deepskin\data\toMax\rendered_2max\f10i\f10ih6k_01.jpg",1148,1530
f10ih6k,f10,f10i,h6k,"D:\work\secondYearMaster\thesis\reference\appeal\algorithms\preference_evaluate\deepskin\data\toMax\rendered_face\f10i\f10ih6k_07_face.jpg","D:\work\secondYearMaster\thesis\reference\appeal\algorithms\preference_evaluate\deepskin\data\toMax\rendered_2max\f10i\f10ih6k_01.jpg",1148,1530
f10ih6k,f10,f10i,h6k,"D:\work\secondYearMaster\thesis\reference\appeal\algorithms\preference_evaluate\deepskin\data\toMax\rendered_face\f10i\f10ih6k_08_face.jpg","D:\work\secondYearMaster\thesis\reference\appeal\algorithms\preference_evaluate\deepskin\data\toMax\rendered_2max\f10i\f10ih6k_01.jpg",1148,1530
f10ih6k,f10,f10i,h6k,"D:\work\secondYearMaster\thesis\reference\appeal\algorithms\preference_evaluate\deepskin\data\toMax\rendered_face\f10i\f10ih6k_09_face.jpg","D:\work\secondYearMaster\thesis\reference\appeal\algorithms\preference_evaluate\deepskin\data\toMax\rendered_2max\f10i\f10ih6k_01.jpg",1148,1530
f10ih6k,f10,f10i,h6k,"D:\work\secondYearMaster\thesis\reference\appeal\algorithms\preference_evaluate\deepskin\data\toMax\rendered_face\f10i\f10ih6k_10_face.jpg","D:\work\secondYearMaster\thesis\reference\appeal\algorithms\preference_evaluate\deepskin\data\toMax\rendered_2max\f10i\f10ih6k_01.jpg",1148,1530
f10ih6k,f10,f10i,h6k,"D:\work\secondYearMaster\thesis\reference\appeal\algorithms\preference_evaluate\deepskin\data\toMax\rendered_face\f10i\f10ih6k_11_face.jpg","D:\work\secondYearMaster\thesis\reference\appeal\algorithms\preference_evaluate\deepskin\data\toMax\rendered_2max\f10i\f10ih6k_01.jpg",1148,1530
f10ih6k,f10,f10i,h6k,"D:\work\secondYearMaster\thesis\reference\appeal\algorithms\preference_evaluate\deepskin\data\toMax\rendered_face\f10i\f10ih6k_12_face.jpg","D:\work\secondYearMaster\thesis\reference\appeal\algorithms\preference_evaluate\deepskin\data\toMax\rendered_2max\f10i\f10ih6k_01.jpg",1148,1530
f10ih6k,f10,f10i,h6k,"D:\work\secondYearMaster\thesis\reference\appeal\algorithms\preference_evaluate\deepskin\data\toMax\rendered_face\f10i\f10ih6k_13_face.jpg","D:\work\secondYearMaster\thesis\reference\appeal\algorithms\preference_evaluate\deepskin\data\toMax\rendered_2max\f10i\f10ih6k_01.jpg",1148,1530
f10ih6k,f10,f10i,h6k,"D:\work\secondYearMaster\thesis\reference\appeal\algorithms\preference_evaluate\deepskin\data\toMax\rendered_face\f10i\f10ih6k_14_face.jpg","D:\work\secondYearMaster\thesis\reference\appeal\algorithms\preference_evaluate\deepskin\data\toMax\rendered_2max\f10i\f10ih6k_01.jpg",1148,1530
f10ih6k,f10,f10i,h6k,"D:\work\secondYearMaster\thesis\reference\appeal\algorithms\preference_evaluate\deepskin\data\toMax\rendered_face\f10i\f10ih6k_15_face.jpg","D:\work\secondYearMaster\thesis\reference\appeal\algorithms\preference_evaluate\deepskin\data\toMax\rendered_2max\f10i\f10ih6k_01.jpg",1148,1530
f10ih6k,f10,f10i,h6k,"D:\work\secondYearMaster\thesis\reference\appeal\algorithms\preference_evaluate\deepskin\data\toMax\rendered_face\f10i\f10ih6k_16_face.jpg","D:\work\secondYearMaster\thesis\reference\appeal\algorithms\preference_evaluate\deepskin\data\toMax\rendered_2max\f10i\f10ih6k_01.jpg",1148,1530
f10ih6k,f10,f10i,h6k,"D:\work\secondYearMaster\thesis\reference\appeal\algorithms\preference_evaluate\deepskin\data\toMax\rendered_face\f10i\f10ih6k_17_face.jpg","D:\work\secondYearMaster\thesis\reference\appeal\algorithms\preference_evaluate\deepskin\data\toMax\rendered_2max\f10i\f10ih6k_01.jpg",1148,1530
f10ih6k,f10,f10i,h6k,"D:\work\secondYearMaster\thesis\reference\appeal\algorithms\preference_evaluate\deepskin\data\toMax\rendered_face\f10i\f10ih6k_18_face.jpg","D:\work\secondYearMaster\thesis\reference\appeal\algorithms\preference_evaluate\deepskin\data\toMax\rendered_2max\f10i\f10ih6k_01.jpg",1148,1530
f10ih6k,f10,f10i,h6k,"D:\work\secondYearMaster\thesis\reference\appeal\algorithms\preference_evaluate\deepskin\data\toMax\rendered_face\f10i\f10ih6k_19_face.jpg","D:\work\secondYearMaster\thesis\reference\appeal\algorithms\preference_evaluate\deepskin\data\toMax\rendered_2max\f10i\f10ih6k_01.jpg",1148,1530
f10ih6k,f10,f10i,h6k,"D:\work\secondYearMaster\thesis\reference\appeal\algorithms\preference_evaluate\deepskin\data\toMax\rendered_face\f10i\f10ih6k_20_face.jpg","D:\work\secondYearMaster\thesis\reference\appeal\algorithms\preference_evaluate\deepskin\data\toMax\rendered_2max\f10i\f10ih6k_01.jpg",1148,1530
f10ih6k,f10,f10i,h6k,"D:\work\secondYearMaster\thesis\reference\appeal\algorithms\preference_evaluate\deepskin\data\toMax\rendered_face\f10i\f10ih6k_21_face.jpg","D:\work\secondYearMaster\thesis\reference\appeal\algorithms\preference_evaluate\deepskin\data\toMax\rendered_2max\f10i\f10ih6k_01.jpg",1148,1530
f10ih6k,f10,f10i,h6k,"D:\work\secondYearMaster\thesis\reference\appeal\algorithms\preference_evaluate\deepskin\data\toMax\rendered_face\f10i\f10ih6k_22_face.jpg","D:\work\secondYearMaster\thesis\reference\appeal\algorithms\preference_evaluate\deepskin\data\toMax\rendered_2max\f10i\f10ih6k_01.jpg",1148,1530
f10ih6k,f10,f10i,h6k,"D:\work\secondYearMaster\thesis\reference\appeal\algorithms\preference_evaluate\deepskin\data\toMax\rendered_face\f10i\f10ih6k_23_face.jpg","D:\work\secondYearMaster\thesis\reference\appeal\algorithms\preference_evaluate\deepskin\data\toMax\rendered_2max\f10i\f10ih6k_01.jpg",1148,1530
f10ih6k,f10,f10i,h6k,"D:\work\secondYearMaster\thesis\reference\appeal\algorithms\preference_evaluate\deepskin\data\toMax\rendered_face\f10i\f10ih6k_24_face.jpg","D:\work\secondYearMaster\thesis\reference\appeal\algorithms\preference_evaluate\deepskin\data\toMax\rendered_2max\f10i\f10ih6k_01.jpg",1148,1530
f10ih6k,f10,f10i,h6k,"D:\work\secondYearMaster\thesis\reference\appeal\algorithms\preference_evaluate\deepskin\data\toMax\rendered_face\f10i\f10ih6k_25_face.jpg","D:\work\secondYearMaster\thesis\reference\appeal\algorithms\preference_evaluate\deepskin\data\toMax\rendered_2max\f10i\f10ih6k_01.jpg",1148,1530
f10ih6k,f10,f10i,h6k,"D:\work\secondYearMaster\thesis\reference\appeal\algorithms\preference_evaluate\deepskin\data\toMax\rendered_face\f10i\f10ih6k_26_face.jpg","D:\work\secondYearMaster\thesis\reference\appeal\algorithms\preference_evaluate\deepskin\data\toMax\rendered_2max\f10i\f10ih6k_01.jpg",1148,1530
f10ih6k,f10,f10i,h6k,"D:\work\secondYearMaster\thesis\reference\appeal\algorithms\preference_evaluate\deepskin\data\toMax\rendered_face\f10i\f10ih6k_27_face.jpg","D:\work\secondYearMaster\thesis\reference\appeal\algorithms\preference_evaluate\deepskin\data\toMax\rendered_2max\f10i\f10ih6k_01.jpg",1148,1530
f10ih6k,f10,f10i,h6k,"D:\work\secondYearMaster\thesis\reference\appeal\algorithms\preference_evaluate\deepskin\data\toMax\rendered_face\f10i\f10ih6k_28_face.jpg","D:\work\secondYearMaster\thesis\reference\appeal\algorithms\preference_evaluate\deepskin\data\toMax\rendered_2max\f10i\f10ih6k_01.jpg",1148,1530
f10ih6k,f10,f10i,h6k,"D:\work\secondYearMaster\thesis\reference\appeal\algorithms\preference_evaluate\deepskin\data\toMax\rendered_face\f10i\f10ih6k_29_face.jpg","D:\work\secondYearMaster\thesis\reference\appeal\algorithms\preference_evaluate\deepskin\data\toMax\rendered_2max\f10i\f10ih6k_01.jpg",1148,1530
f10ih6k,f10,f10i,h6k,"D:\work\secondYearMaster\thesis\reference\appeal\algorithms\preference_evaluate\deepskin\data\toMax\rendered_face\f10i\f10ih6k_30_face.jpg","D:\work\secondYearMaster\thesis\reference\appeal\algorithms\preference_evaluate\deepskin\data\toMax\rendered_2max\f10i\f10ih6k_01.jpg",1148,1530
f10ih6k,f10,f10i,h6k,"D:\work\secondYearMaster\thesis\reference\appeal\algorithms\preference_evaluate\deepskin\data\toMax\rendered_face\f10i\f10ih6k_31_face.jpg","D:\work\secondYearMaster\thesis\reference\appeal\algorithms\preference_evaluate\deepskin\data\toMax\rendered_2max\f10i\f10ih6k_01.jpg",1148,1530
f10ih6k,f10,f10i,h6k,"D:\work\secondYearMaster\thesis\reference\appeal\algorithms\preference_evaluate\deepskin\data\toMax\rendered_face\f10i\f10ih6k_32_face.jpg","D:\work\secondYearMaster\thesis\reference\appeal\algorithms\preference_evaluate\deepskin\data\toMax\rendered_2max\f10i\f10ih6k_01.jpg",1148,1530
f10ih6k,f10,f10i,h6k,"D:\work\secondYearMaster\thesis\reference\appeal\algorithms\preference_evaluate\deepskin\data\toMax\rendered_face\f10i\f10ih6k_33_face.jpg","D:\work\secondYearMaster\thesis\reference\appeal\algorithms\preference_evaluate\deepskin\data\toMax\rendered_2max\f10i\f10ih6k_01.jpg",1148,1530
f10ih7k,f10,f10i,h7k,"D:\work\secondYearMaster\thesis\reference\appeal\algorithms\preference_evaluate\deepskin\data\toMax\rendered_face\f10i\f10ih7k_01_face.jpg","D:\work\secondYearMaster\thesis\reference\appeal\algorithms\preference_evaluate\deepskin\data\toMax\rendered_2max\f10i\f10ih7k_01.jpg",1148,1530
f10ih7k,f10,f10i,h7k,"D:\work\secondYearMaster\thesis\reference\appeal\algorithms\preference_evaluate\deepskin\data\toMax\rendered_face\f10i\f10ih7k_02_face.jpg","D:\work\secondYearMaster\thesis\reference\appeal\algorithms\preference_evaluate\deepskin\data\toMax\rendered_2max\f10i\f10ih7k_01.jpg",1148,1530
f10ih7k,f10,f10i,h7k,"D:\work\secondYearMaster\thesis\reference\appeal\algorithms\preference_evaluate\deepskin\data\toMax\rendered_face\f10i\f10ih7k_03_face.jpg","D:\work\secondYearMaster\thesis\reference\appeal\algorithms\preference_evaluate\deepskin\data\toMax\rendered_2max\f10i\f10ih7k_01.jpg",1148,1530
f10ih7k,f10,f10i,h7k,"D:\work\secondYearMaster\thesis\reference\appeal\algorithms\preference_evaluate\deepskin\data\toMax\rendered_face\f10i\f10ih7k_04_face.jpg","D:\work\secondYearMaster\thesis\reference\appeal\algorithms\preference_evaluate\deepskin\data\toMax\rendered_2max\f10i\f10ih7k_01.jpg",1148,1530
f10ih7k,f10,f10i,h7k,"D:\work\secondYearMaster\thesis\reference\appeal\algorithms\preference_evaluate\deepskin\data\toMax\rendered_face\f10i\f10ih7k_05_face.jpg","D:\work\secondYearMaster\thesis\reference\appeal\algorithms\preference_evaluate\deepskin\data\toMax\rendered_2max\f10i\f10ih7k_01.jpg",1148,1530
f10ih7k,f10,f10i,h7k,"D:\work\secondYearMaster\thesis\reference\appeal\algorithms\preference_evaluate\deepskin\data\toMax\rendered_face\f10i\f10ih7k_06_face.jpg","D:\work\secondYearMaster\thesis\reference\appeal\algorithms\preference_evaluate\deepskin\data\toMax\rendered_2max\f10i\f10ih7k_01.jpg",1148,1530
f10ih7k,f10,f10i,h7k,"D:\work\secondYearMaster\thesis\reference\appeal\algorithms\preference_evaluate\deepskin\data\toMax\rendered_face\f10i\f10ih7k_07_face.jpg","D:\work\secondYearMaster\thesis\reference\appeal\algorithms\preference_evaluate\deepskin\data\toMax\rendered_2max\f10i\f10ih7k_01.jpg",1148,1530
f10ih7k,f10,f10i,h7k,"D:\work\secondYearMaster\thesis\reference\appeal\algorithms\preference_evaluate\deepskin\data\toMax\rendered_face\f10i\f10ih7k_08_face.jpg","D:\work\secondYearMaster\thesis\reference\appeal\algorithms\preference_evaluate\deepskin\data\toMax\rendered_2max\f10i\f10ih7k_01.jpg",1148,1530
f10ih7k,f10,f10i,h7k,"D:\work\secondYearMaster\thesis\reference\appeal\algorithms\preference_evaluate\deepskin\data\toMax\rendered_face\f10i\f10ih7k_09_face.jpg","D:\work\secondYearMaster\thesis\reference\appeal\algorithms\preference_evaluate\deepskin\data\toMax\rendered_2max\f10i\f10ih7k_01.jpg",1148,1530
f10ih7k,f10,f10i,h7k,"D:\work\secondYearMaster\thesis\reference\appeal\algorithms\preference_evaluate\deepskin\data\toMax\rendered_face\f10i\f10ih7k_10_face.jpg","D:\work\secondYearMaster\thesis\reference\appeal\algorithms\preference_evaluate\deepskin\data\toMax\rendered_2max\f10i\f10ih7k_01.jpg",1148,1530
f10ih7k,f10,f10i,h7k,"D:\work\secondYearMaster\thesis\reference\appeal\algorithms\preference_evaluate\deepskin\data\toMax\rendered_face\f10i\f10ih7k_11_face.jpg","D:\work\secondYearMaster\thesis\reference\appeal\algorithms\preference_evaluate\deepskin\data\toMax\rendered_2max\f10i\f10ih7k_01.jpg",1148,1530
f10ih7k,f10,f10i,h7k,"D:\work\secondYearMaster\thesis\reference\appeal\algorithms\preference_evaluate\deepskin\data\toMax\rendered_face\f10i\f10ih7k_12_face.jpg","D:\work\secondYearMaster\thesis\reference\appeal\algorithms\preference_evaluate\deepskin\data\toMax\rendered_2max\f10i\f10ih7k_01.jpg",1148,1530
f10ih7k,f10,f10i,h7k,"D:\work\secondYearMaster\thesis\reference\appeal\algorithms\preference_evaluate\deepskin\data\toMax\rendered_face\f10i\f10ih7k_13_face.jpg","D:\work\secondYearMaster\thesis\reference\appeal\algorithms\preference_evaluate\deepskin\data\toMax\rendered_2max\f10i\f10ih7k_01.jpg",1148,1530
f10ih7k,f10,f10i,h7k,"D:\work\secondYearMaster\thesis\reference\appeal\algorithms\preference_evaluate\deepskin\data\toMax\rendered_face\f10i\f10ih7k_14_face.jpg","D:\work\secondYearMaster\thesis\reference\appeal\algorithms\preference_evaluate\deepskin\data\toMax\rendered_2max\f10i\f10ih7k_01.jpg",1148,1530
f10ih7k,f10,f10i,h7k,"D:\work\secondYearMaster\thesis\reference\appeal\algorithms\preference_evaluate\deepskin\data\toMax\rendered_face\f10i\f10ih7k_15_face.jpg","D:\work\secondYearMaster\thesis\reference\appeal\algorithms\preference_evaluate\deepskin\data\toMax\rendered_2max\f10i\f10ih7k_01.jpg",1148,1530
f10ih7k,f10,f10i,h7k,"D:\work\secondYearMaster\thesis\reference\appeal\algorithms\preference_evaluate\deepskin\data\toMax\rendered_face\f10i\f10ih7k_16_face.jpg","D:\work\secondYearMaster\thesis\reference\appeal\algorithms\preference_evaluate\deepskin\data\toMax\rendered_2max\f10i\f10ih7k_01.jpg",1148,1530
f10ih7k,f10,f10i,h7k,"D:\work\secondYearMaster\thesis\reference\appeal\algorithms\preference_evaluate\deepskin\data\toMax\rendered_face\f10i\f10ih7k_17_face.jpg","D:\work\secondYearMaster\thesis\reference\appeal\algorithms\preference_evaluate\deepskin\data\toMax\rendered_2max\f10i\f10ih7k_01.jpg",1148,1530
f10ih7k,f10,f10i,h7k,"D:\work\secondYearMaster\thesis\reference\appeal\algorithms\preference_evaluate\deepskin\data\toMax\rendered_face\f10i\f10ih7k_18_face.jpg","D:\work\secondYearMaster\thesis\reference\appeal\algorithms\preference_evaluate\deepskin\data\toMax\rendered_2max\f10i\f10ih7k_01.jpg",1148,1530
f10ih7k,f10,f10i,h7k,"D:\work\secondYearMaster\thesis\reference\appeal\algorithms\preference_evaluate\deepskin\data\toMax\rendered_face\f10i\f10ih7k_19_face.jpg","D:\work\secondYearMaster\thesis\reference\appeal\algorithms\preference_evaluate\deepskin\data\toMax\rendered_2max\f10i\f10ih7k_01.jpg",1148,1530
f10ih7k,f10,f10i,h7k,"D:\work\secondYearMaster\thesis\reference\appeal\algorithms\preference_evaluate\deepskin\data\toMax\rendered_face\f10i\f10ih7k_20_face.jpg","D:\work\secondYearMaster\thesis\reference\appeal\algorithms\preference_evaluate\deepskin\data\toMax\rendered_2max\f10i\f10ih7k_01.jpg",1148,1530
f10ih7k,f10,f10i,h7k,"D:\work\secondYearMaster\thesis\reference\appeal\algorithms\preference_evaluate\deepskin\data\toMax\rendered_face\f10i\f10ih7k_21_face.jpg","D:\work\secondYearMaster\thesis\reference\appeal\algorithms\preference_evaluate\deepskin\data\toMax\rendered_2max\f10i\f10ih7k_01.jpg",1148,1530
f10ih7k,f10,f10i,h7k,"D:\work\secondYearMaster\thesis\reference\appeal\algorithms\preference_evaluate\deepskin\data\toMax\rendered_face\f10i\f10ih7k_22_face.jpg","D:\work\secondYearMaster\thesis\reference\appeal\algorithms\preference_evaluate\deepskin\data\toMax\rendered_2max\f10i\f10ih7k_01.jpg",1148,1530
f10ih7k,f10,f10i,h7k,"D:\work\secondYearMaster\thesis\reference\appeal\algorithms\preference_evaluate\deepskin\data\toMax\rendered_face\f10i\f10ih7k_23_face.jpg","D:\work\secondYearMaster\thesis\reference\appeal\algorithms\preference_evaluate\deepskin\data\toMax\rendered_2max\f10i\f10ih7k_01.jpg",1148,1530
f10ih7k,f10,f10i,h7k,"D:\work\secondYearMaster\thesis\reference\appeal\algorithms\preference_evaluate\deepskin\data\toMax\rendered_face\f10i\f10ih7k_24_face.jpg","D:\work\secondYearMaster\thesis\reference\appeal\algorithms\preference_evaluate\deepskin\data\toMax\rendered_2max\f10i\f10ih7k_01.jpg",1148,1530
f10ih7k,f10,f10i,h7k,"D:\work\secondYearMaster\thesis\reference\appeal\algorithms\preference_evaluate\deepskin\data\toMax\rendered_face\f10i\f10ih7k_25_face.jpg","D:\work\secondYearMaster\thesis\reference\appeal\algorithms\preference_evaluate\deepskin\data\toMax\rendered_2max\f10i\f10ih7k_01.jpg",1148,1530
f10ih7k,f10,f10i,h7k,"D:\work\secondYearMaster\thesis\reference\appeal\algorithms\preference_evaluate\deepskin\data\toMax\rendered_face\f10i\f10ih7k_26_face.jpg","D:\work\secondYearMaster\thesis\reference\appeal\algorithms\preference_evaluate\deepskin\data\toMax\rendered_2max\f10i\f10ih7k_01.jpg",1148,1530
f10ih7k,f10,f10i,h7k,"D:\work\secondYearMaster\thesis\reference\appeal\algorithms\preference_evaluate\deepskin\data\toMax\rendered_face\f10i\f10ih7k_27_face.jpg","D:\work\secondYearMaster\thesis\reference\appeal\algorithms\preference_evaluate\deepskin\data\toMax\rendered_2max\f10i\f10ih7k_01.jpg",1148,1530
f10ih7k,f10,f10i,h7k,"D:\work\secondYearMaster\thesis\reference\appeal\algorithms\preference_evaluate\deepskin\data\toMax\rendered_face\f10i\f10ih7k_28_face.jpg","D:\work\secondYearMaster\thesis\reference\appeal\algorithms\preference_evaluate\deepskin\data\toMax\rendered_2max\f10i\f10ih7k_01.jpg",1148,1530
f10ih7k,f10,f10i,h7k,"D:\work\secondYearMaster\thesis\reference\appeal\algorithms\preference_evaluate\deepskin\data\toMax\rendered_face\f10i\f10ih7k_29_face.jpg","D:\work\secondYearMaster\thesis\reference\appeal\algorithms\preference_evaluate\deepskin\data\toMax\rendered_2max\f10i\f10ih7k_01.jpg",1148,1530
f10ih7k,f10,f10i,h7k,"D:\work\secondYearMaster\thesis\reference\appeal\algorithms\preference_evaluate\deepskin\data\toMax\rendered_face\f10i\f10ih7k_30_face.jpg","D:\work\secondYearMaster\thesis\reference\appeal\algorithms\preference_evaluate\deepskin\data\toMax\rendered_2max\f10i\f10ih7k_01.jpg",1148,1530
f10ih7k,f10,f10i,h7k,"D:\work\secondYearMaster\thesis\reference\appeal\algorithms\preference_evaluate\deepskin\data\toMax\rendered_face\f10i\f10ih7k_31_face.jpg","D:\work\secondYearMaster\thesis\reference\appeal\algorithms\preference_evaluate\deepskin\data\toMax\rendered_2max\f10i\f10ih7k_01.jpg",1148,1530
f10ih7k,f10,f10i,h7k,"D:\work\secondYearMaster\thesis\reference\appeal\algorithms\preference_evaluate\deepskin\data\toMax\rendered_face\f10i\f10ih7k_32_face.jpg","D:\work\secondYearMaster\thesis\reference\appeal\algorithms\preference_evaluate\deepskin\data\toMax\rendered_2max\f10i\f10ih7k_01.jpg",1148,1530
f10ih7k,f10,f10i,h7k,"D:\work\secondYearMaster\thesis\reference\appeal\algorithms\preference_evaluate\deepskin\data\toMax\rendered_face\f10i\f10ih7k_33_face.jpg","D:\work\secondYearMaster\thesis\reference\appeal\algorithms\preference_evaluate\deepskin\data\toMax\rendered_2max\f10i\f10ih7k_01.jpg",1148,1530
f10ih8k,f10,f10i,h8k,"D:\work\secondYearMaster\thesis\reference\appeal\algorithms\preference_evaluate\deepskin\data\toMax\rendered_face\f10i\f10ih8k_01_face.jpg","D:\work\secondYearMaster\thesis\reference\appeal\algorithms\preference_evaluate\deepskin\data\toMax\rendered_2max\f10i\f10ih8k_01.jpg",1148,1530
f10ih8k,f10,f10i,h8k,"D:\work\secondYearMaster\thesis\reference\appeal\algorithms\preference_evaluate\deepskin\data\toMax\rendered_face\f10i\f10ih8k_02_face.jpg","D:\work\secondYearMaster\thesis\reference\appeal\algorithms\preference_evaluate\deepskin\data\toMax\rendered_2max\f10i\f10ih8k_01.jpg",1148,1530
f10ih8k,f10,f10i,h8k,"D:\work\secondYearMaster\thesis\reference\appeal\algorithms\preference_evaluate\deepskin\data\toMax\rendered_face\f10i\f10ih8k_03_face.jpg","D:\work\secondYearMaster\thesis\reference\appeal\algorithms\preference_evaluate\deepskin\data\toMax\rendered_2max\f10i\f10ih8k_01.jpg",1148,1530
f10ih8k,f10,f10i,h8k,"D:\work\secondYearMaster\thesis\reference\appeal\algorithms\preference_evaluate\deepskin\data\toMax\rendered_face\f10i\f10ih8k_04_face.jpg","D:\work\secondYearMaster\thesis\reference\appeal\algorithms\preference_evaluate\deepskin\data\toMax\rendered_2max\f10i\f10ih8k_01.jpg",1148,1530
f10ih8k,f10,f10i,h8k,"D:\work\secondYearMaster\thesis\reference\appeal\algorithms\preference_evaluate\deepskin\data\toMax\rendered_face\f10i\f10ih8k_05_face.jpg","D:\work\secondYearMaster\thesis\reference\appeal\algorithms\preference_evaluate\deepskin\data\toMax\rendered_2max\f10i\f10ih8k_01.jpg",1148,1530
f10ih8k,f10,f10i,h8k,"D:\work\secondYearMaster\thesis\reference\appeal\algorithms\preference_evaluate\deepskin\data\toMax\rendered_face\f10i\f10ih8k_06_face.jpg","D:\work\secondYearMaster\thesis\reference\appeal\algorithms\preference_evaluate\deepskin\data\toMax\rendered_2max\f10i\f10ih8k_01.jpg",1148,1530
f10ih8k,f10,f10i,h8k,"D:\work\secondYearMaster\thesis\reference\appeal\algorithms\preference_evaluate\deepskin\data\toMax\rendered_face\f10i\f10ih8k_07_face.jpg","D:\work\secondYearMaster\thesis\reference\appeal\algorithms\preference_evaluate\deepskin\data\toMax\rendered_2max\f10i\f10ih8k_01.jpg",1148,1530
f10ih8k,f10,f10i,h8k,"D:\work\secondYearMaster\thesis\reference\appeal\algorithms\preference_evaluate\deepskin\data\toMax\rendered_face\f10i\f10ih8k_08_face.jpg","D:\work\secondYearMaster\thesis\reference\appeal\algorithms\preference_evaluate\deepskin\data\toMax\rendered_2max\f10i\f10ih8k_01.jpg",1148,1530
f10ih8k,f10,f10i,h8k,"D:\work\secondYearMaster\thesis\reference\appeal\algorithms\preference_evaluate\deepskin\data\toMax\rendered_face\f10i\f10ih8k_09_face.jpg","D:\work\secondYearMaster\thesis\reference\appeal\algorithms\preference_evaluate\deepskin\data\toMax\rendered_2max\f10i\f10ih8k_01.jpg",1148,1530
f10ih8k,f10,f10i,h8k,"D:\work\secondYearMaster\thesis\reference\appeal\algorithms\preference_evaluate\deepskin\data\toMax\rendered_face\f10i\f10ih8k_10_face.jpg","D:\work\secondYearMaster\thesis\reference\appeal\algorithms\preference_evaluate\deepskin\data\toMax\rendered_2max\f10i\f10ih8k_01.jpg",1148,1530
f10ih8k,f10,f10i,h8k,"D:\work\secondYearMaster\thesis\reference\appeal\algorithms\preference_evaluate\deepskin\data\toMax\rendered_face\f10i\f10ih8k_11_face.jpg","D:\work\secondYearMaster\thesis\reference\appeal\algorithms\preference_evaluate\deepskin\data\toMax\rendered_2max\f10i\f10ih8k_01.jpg",1148,1530
f10ih8k,f10,f10i,h8k,"D:\work\secondYearMaster\thesis\reference\appeal\algorithms\preference_evaluate\deepskin\data\toMax\rendered_face\f10i\f10ih8k_12_face.jpg","D:\work\secondYearMaster\thesis\reference\appeal\algorithms\preference_evaluate\deepskin\data\toMax\rendered_2max\f10i\f10ih8k_01.jpg",1148,1530
f10ih8k,f10,f10i,h8k,"D:\work\secondYearMaster\thesis\reference\appeal\algorithms\preference_evaluate\deepskin\data\toMax\rendered_face\f10i\f10ih8k_13_face.jpg","D:\work\secondYearMaster\thesis\reference\appeal\algorithms\preference_evaluate\deepskin\data\toMax\rendered_2max\f10i\f10ih8k_01.jpg",1148,1530
f10ih8k,f10,f10i,h8k,"D:\work\secondYearMaster\thesis\reference\appeal\algorithms\preference_evaluate\deepskin\data\toMax\rendered_face\f10i\f10ih8k_14_face.jpg","D:\work\secondYearMaster\thesis\reference\appeal\algorithms\preference_evaluate\deepskin\data\toMax\rendered_2max\f10i\f10ih8k_01.jpg",1148,1530
f10ih8k,f10,f10i,h8k,"D:\work\secondYearMaster\thesis\reference\appeal\algorithms\preference_evaluate\deepskin\data\toMax\rendered_face\f10i\f10ih8k_15_face.jpg","D:\work\secondYearMaster\thesis\reference\appeal\algorithms\preference_evaluate\deepskin\data\toMax\rendered_2max\f10i\f10ih8k_01.jpg",1148,1530
f10ih8k,f10,f10i,h8k,"D:\work\secondYearMaster\thesis\reference\appeal\algorithms\preference_evaluate\deepskin\data\toMax\rendered_face\f10i\f10ih8k_16_face.jpg","D:\work\secondYearMaster\thesis\reference\appeal\algorithms\preference_evaluate\deepskin\data\toMax\rendered_2max\f10i\f10ih8k_01.jpg",1148,1530
f10ih8k,f10,f10i,h8k,"D:\work\secondYearMaster\thesis\reference\appeal\algorithms\preference_evaluate\deepskin\data\toMax\rendered_face\f10i\f10ih8k_17_face.jpg","D:\work\secondYearMaster\thesis\reference\appeal\algorithms\preference_evaluate\deepskin\data\toMax\rendered_2max\f10i\f10ih8k_01.jpg",1148,1530
f10ih8k,f10,f10i,h8k,"D:\work\secondYearMaster\thesis\reference\appeal\algorithms\preference_evaluate\deepskin\data\toMax\rendered_face\f10i\f10ih8k_18_face.jpg","D:\work\secondYearMaster\thesis\reference\appeal\algorithms\preference_evaluate\deepskin\data\toMax\rendered_2max\f10i\f10ih8k_01.jpg",1148,1530
f10ih8k,f10,f10i,h8k,"D:\work\secondYearMaster\thesis\reference\appeal\algorithms\preference_evaluate\deepskin\data\toMax\rendered_face\f10i\f10ih8k_19_face.jpg","D:\work\secondYearMaster\thesis\reference\appeal\algorithms\preference_evaluate\deepskin\data\toMax\rendered_2max\f10i\f10ih8k_01.jpg",1148,1530
f10ih8k,f10,f10i,h8k,"D:\work\secondYearMaster\thesis\reference\appeal\algorithms\preference_evaluate\deepskin\data\toMax\rendered_face\f10i\f10ih8k_20_face.jpg","D:\work\secondYearMaster\thesis\reference\appeal\algorithms\preference_evaluate\deepskin\data\toMax\rendered_2max\f10i\f10ih8k_01.jpg",1148,1530
f10ih8k,f10,f10i,h8k,"D:\work\secondYearMaster\thesis\reference\appeal\algorithms\preference_evaluate\deepskin\data\toMax\rendered_face\f10i\f10ih8k_21_face.jpg","D:\work\secondYearMaster\thesis\reference\appeal\algorithms\preference_evaluate\deepskin\data\toMax\rendered_2max\f10i\f10ih8k_01.jpg",1148,1530
f10ih8k,f10,f10i,h8k,"D:\work\secondYearMaster\thesis\reference\appeal\algorithms\preference_evaluate\deepskin\data\toMax\rendered_face\f10i\f10ih8k_22_face.jpg","D:\work\secondYearMaster\thesis\reference\appeal\algorithms\preference_evaluate\deepskin\data\toMax\rendered_2max\f10i\f10ih8k_01.jpg",1148,1530
f10ih8k,f10,f10i,h8k,"D:\work\secondYearMaster\thesis\reference\appeal\algorithms\preference_evaluate\deepskin\data\toMax\rendered_face\f10i\f10ih8k_23_face.jpg","D:\work\secondYearMaster\thesis\reference\appeal\algorithms\preference_evaluate\deepskin\data\toMax\rendered_2max\f10i\f10ih8k_01.jpg",1148,1530
f10ih8k,f10,f10i,h8k,"D:\work\secondYearMaster\thesis\reference\appeal\algorithms\preference_evaluate\deepskin\data\toMax\rendered_face\f10i\f10ih8k_24_face.jpg","D:\work\secondYearMaster\thesis\reference\appeal\algorithms\preference_evaluate\deepskin\data\toMax\rendered_2max\f10i\f10ih8k_01.jpg",1148,1530
f10ih8k,f10,f10i,h8k,"D:\work\secondYearMaster\thesis\reference\appeal\algorithms\preference_evaluate\deepskin\data\toMax\rendered_face\f10i\f10ih8k_25_face.jpg","D:\work\secondYearMaster\thesis\reference\appeal\algorithms\preference_evaluate\deepskin\data\toMax\rendered_2max\f10i\f10ih8k_01.jpg",1148,1530
f10ih8k,f10,f10i,h8k,"D:\work\secondYearMaster\thesis\reference\appeal\algorithms\preference_evaluate\deepskin\data\toMax\rendered_face\f10i\f10ih8k_26_face.jpg","D:\work\secondYearMaster\thesis\reference\appeal\algorithms\preference_evaluate\deepskin\data\toMax\rendered_2max\f10i\f10ih8k_01.jpg",1148,1530
f10ih8k,f10,f10i,h8k,"D:\work\secondYearMaster\thesis\reference\appeal\algorithms\preference_evaluate\deepskin\data\toMax\rendered_face\f10i\f10ih8k_27_face.jpg","D:\work\secondYearMaster\thesis\reference\appeal\algorithms\preference_evaluate\deepskin\data\toMax\rendered_2max\f10i\f10ih8k_01.jpg",1148,1530
f10ih8k,f10,f10i,h8k,"D:\work\secondYearMaster\thesis\reference\appeal\algorithms\preference_evaluate\deepskin\data\toMax\rendered_face\f10i\f10ih8k_28_face.jpg","D:\work\secondYearMaster\thesis\reference\appeal\algorithms\preference_evaluate\deepskin\data\toMax\rendered_2max\f10i\f10ih8k_01.jpg",1148,1530
f10ih8k,f10,f10i,h8k,"D:\work\secondYearMaster\thesis\reference\appeal\algorithms\preference_evaluate\deepskin\data\toMax\rendered_face\f10i\f10ih8k_29_face.jpg","D:\work\secondYearMaster\thesis\reference\appeal\algorithms\preference_evaluate\deepskin\data\toMax\rendered_2max\f10i\f10ih8k_01.jpg",1148,1530
f10ih8k,f10,f10i,h8k,"D:\work\secondYearMaster\thesis\reference\appeal\algorithms\preference_evaluate\deepskin\data\toMax\rendered_face\f10i\f10ih8k_30_face.jpg","D:\work\secondYearMaster\thesis\reference\appeal\algorithms\preference_evaluate\deepskin\data\toMax\rendered_2max\f10i\f10ih8k_01.jpg",1148,1530
f10ih8k,f10,f10i,h8k,"D:\work\secondYearMaster\thesis\reference\appeal\algorithms\preference_evaluate\deepskin\data\toMax\rendered_face\f10i\f10ih8k_31_face.jpg","D:\work\secondYearMaster\thesis\reference\appeal\algorithms\preference_evaluate\deepskin\data\toMax\rendered_2max\f10i\f10ih8k_01.jpg",1148,1530
f10ih8k,f10,f10i,h8k,"D:\work\secondYearMaster\thesis\reference\appeal\algorithms\preference_evaluate\deepskin\data\toMax\rendered_face\f10i\f10ih8k_32_face.jpg","D:\work\secondYearMaster\thesis\reference\appeal\algorithms\preference_evaluate\deepskin\data\toMax\rendered_2max\f10i\f10ih8k_01.jpg",1148,1530
f10ih8k,f10,f10i,h8k,"D:\work\secondYearMaster\thesis\reference\appeal\algorithms\preference_evaluate\deepskin\data\toMax\rendered_face\f10i\f10ih8k_33_face.jpg","D:\work\secondYearMaster\thesis\reference\appeal\algorithms\preference_evaluate\deepskin\data\toMax\rendered_2max\f10i\f10ih8k_01.jpg",1148,1530
f10ihd65,f10,f10i,hd65,"D:\work\secondYearMaster\thesis\reference\appeal\algorithms\preference_evaluate\deepskin\data\toMax\rendered_face\f10i\f10ihd65_01_face.jpg","D:\work\secondYearMaster\thesis\reference\appeal\algorithms\preference_evaluate\deepskin\data\toMax\rendered_2max\f10i\f10ihd65_01.jpg",1148,1530
f10ihd65,f10,f10i,hd65,"D:\work\secondYearMaster\thesis\reference\appeal\algorithms\preference_evaluate\deepskin\data\toMax\rendered_face\f10i\f10ihd65_02_face.jpg","D:\work\secondYearMaster\thesis\reference\appeal\algorithms\preference_evaluate\deepskin\data\toMax\rendered_2max\f10i\f10ihd65_01.jpg",1148,1530
f10ihd65,f10,f10i,hd65,"D:\work\secondYearMaster\thesis\reference\appeal\algorithms\preference_evaluate\deepskin\data\toMax\rendered_face\f10i\f10ihd65_03_face.jpg","D:\work\secondYearMaster\thesis\reference\appeal\algorithms\preference_evaluate\deepskin\data\toMax\rendered_2max\f10i\f10ihd65_01.jpg",1148,1530
f10ihd65,f10,f10i,hd65,"D:\work\secondYearMaster\thesis\reference\appeal\algorithms\preference_evaluate\deepskin\data\toMax\rendered_face\f10i\f10ihd65_04_face.jpg","D:\work\secondYearMaster\thesis\reference\appeal\algorithms\preference_evaluate\deepskin\data\toMax\rendered_2max\f10i\f10ihd65_01.jpg",1148,1530
f10ihd65,f10,f10i,hd65,"D:\work\secondYearMaster\thesis\reference\appeal\algorithms\preference_evaluate\deepskin\data\toMax\rendered_face\f10i\f10ihd65_05_face.jpg","D:\work\secondYearMaster\thesis\reference\appeal\algorithms\preference_evaluate\deepskin\data\toMax\rendered_2max\f10i\f10ihd65_01.jpg",1148,1530
f10ihd65,f10,f10i,hd65,"D:\work\secondYearMaster\thesis\reference\appeal\algorithms\preference_evaluate\deepskin\data\toMax\rendered_face\f10i\f10ihd65_06_face.jpg","D:\work\secondYearMaster\thesis\reference\appeal\algorithms\preference_evaluate\deepskin\data\toMax\rendered_2max\f10i\f10ihd65_01.jpg",1148,1530
f10ihd65,f10,f10i,hd65,"D:\work\secondYearMaster\thesis\reference\appeal\algorithms\preference_evaluate\deepskin\data\toMax\rendered_face\f10i\f10ihd65_07_face.jpg","D:\work\secondYearMaster\thesis\reference\appeal\algorithms\preference_evaluate\deepskin\data\toMax\rendered_2max\f10i\f10ihd65_01.jpg",1148,1530
f10ihd65,f10,f10i,hd65,"D:\work\secondYearMaster\thesis\reference\appeal\algorithms\preference_evaluate\deepskin\data\toMax\rendered_face\f10i\f10ihd65_08_face.jpg","D:\work\secondYearMaster\thesis\reference\appeal\algorithms\preference_evaluate\deepskin\data\toMax\rendered_2max\f10i\f10ihd65_01.jpg",1148,1530
f10ihd65,f10,f10i,hd65,"D:\work\secondYearMaster\thesis\reference\appeal\algorithms\preference_evaluate\deepskin\data\toMax\rendered_face\f10i\f10ihd65_09_face.jpg","D:\work\secondYearMaster\thesis\reference\appeal\algorithms\preference_evaluate\deepskin\data\toMax\rendered_2max\f10i\f10ihd65_01.jpg",1148,1530
f10ihd65,f10,f10i,hd65,"D:\work\secondYearMaster\thesis\reference\appeal\algorithms\preference_evaluate\deepskin\data\toMax\rendered_face\f10i\f10ihd65_10_face.jpg","D:\work\secondYearMaster\thesis\reference\appeal\algorithms\preference_evaluate\deepskin\data\toMax\rendered_2max\f10i\f10ihd65_01.jpg",1148,1530
f10ihd65,f10,f10i,hd65,"D:\work\secondYearMaster\thesis\reference\appeal\algorithms\preference_evaluate\deepskin\data\toMax\rendered_face\f10i\f10ihd65_11_face.jpg","D:\work\secondYearMaster\thesis\reference\appeal\algorithms\preference_evaluate\deepskin\data\toMax\rendered_2max\f10i\f10ihd65_01.jpg",1148,1530
f10ihd65,f10,f10i,hd65,"D:\work\secondYearMaster\thesis\reference\appeal\algorithms\preference_evaluate\deepskin\data\toMax\rendered_face\f10i\f10ihd65_12_face.jpg","D:\work\secondYearMaster\thesis\reference\appeal\algorithms\preference_evaluate\deepskin\data\toMax\rendered_2max\f10i\f10ihd65_01.jpg",1148,1530
f10ihd65,f10,f10i,hd65,"D:\work\secondYearMaster\thesis\reference\appeal\algorithms\preference_evaluate\deepskin\data\toMax\rendered_face\f10i\f10ihd65_13_face.jpg","D:\work\secondYearMaster\thesis\reference\appeal\algorithms\preference_evaluate\deepskin\data\toMax\rendered_2max\f10i\f10ihd65_01.jpg",1148,1530
f10ihd65,f10,f10i,hd65,"D:\work\secondYearMaster\thesis\reference\appeal\algorithms\preference_evaluate\deepskin\data\toMax\rendered_face\f10i\f10ihd65_14_face.jpg","D:\work\secondYearMaster\thesis\reference\appeal\algorithms\preference_evaluate\deepskin\data\toMax\rendered_2max\f10i\f10ihd65_01.jpg",1148,1530
f10ihd65,f10,f10i,hd65,"D:\work\secondYearMaster\thesis\reference\appeal\algorithms\preference_evaluate\deepskin\data\toMax\rendered_face\f10i\f10ihd65_15_face.jpg","D:\work\secondYearMaster\thesis\reference\appeal\algorithms\preference_evaluate\deepskin\data\toMax\rendered_2max\f10i\f10ihd65_01.jpg",1148,1530
f10ihd65,f10,f10i,hd65,"D:\work\secondYearMaster\thesis\reference\appeal\algorithms\preference_evaluate\deepskin\data\toMax\rendered_face\f10i\f10ihd65_16_face.jpg","D:\work\secondYearMaster\thesis\reference\appeal\algorithms\preference_evaluate\deepskin\data\toMax\rendered_2max\f10i\f10ihd65_01.jpg",1148,1530
f10ihd65,f10,f10i,hd65,"D:\work\secondYearMaster\thesis\reference\appeal\algorithms\preference_evaluate\deepskin\data\toMax\rendered_face\f10i\f10ihd65_17_face.jpg","D:\work\secondYearMaster\thesis\reference\appeal\algorithms\preference_evaluate\deepskin\data\toMax\rendered_2max\f10i\f10ihd65_01.jpg",1148,1530
f10ihd65,f10,f10i,hd65,"D:\work\secondYearMaster\thesis\reference\appeal\algorithms\preference_evaluate\deepskin\data\toMax\rendered_face\f10i\f10ihd65_18_face.jpg","D:\work\secondYearMaster\thesis\reference\appeal\algorithms\preference_evaluate\deepskin\data\toMax\rendered_2max\f10i\f10ihd65_01.jpg",1148,1530
f10ihd65,f10,f10i,hd65,"D:\work\secondYearMaster\thesis\reference\appeal\algorithms\preference_evaluate\deepskin\data\toMax\rendered_face\f10i\f10ihd65_19_face.jpg","D:\work\secondYearMaster\thesis\reference\appeal\algorithms\preference_evaluate\deepskin\data\toMax\rendered_2max\f10i\f10ihd65_01.jpg",1148,1530
f10ihd65,f10,f10i,hd65,"D:\work\secondYearMaster\thesis\reference\appeal\algorithms\preference_evaluate\deepskin\data\toMax\rendered_face\f10i\f10ihd65_20_face.jpg","D:\work\secondYearMaster\thesis\reference\appeal\algorithms\preference_evaluate\deepskin\data\toMax\rendered_2max\f10i\f10ihd65_01.jpg",1148,1530
f10ihd65,f10,f10i,hd65,"D:\work\secondYearMaster\thesis\reference\appeal\algorithms\preference_evaluate\deepskin\data\toMax\rendered_face\f10i\f10ihd65_21_face.jpg","D:\work\secondYearMaster\thesis\reference\appeal\algorithms\preference_evaluate\deepskin\data\toMax\rendered_2max\f10i\f10ihd65_01.jpg",1148,1530
f10ihd65,f10,f10i,hd65,"D:\work\secondYearMaster\thesis\reference\appeal\algorithms\preference_evaluate\deepskin\data\toMax\rendered_face\f10i\f10ihd65_22_face.jpg","D:\work\secondYearMaster\thesis\reference\appeal\algorithms\preference_evaluate\deepskin\data\toMax\rendered_2max\f10i\f10ihd65_01.jpg",1148,1530
f10ihd65,f10,f10i,hd65,"D:\work\secondYearMaster\thesis\reference\appeal\algorithms\preference_evaluate\deepskin\data\toMax\rendered_face\f10i\f10ihd65_23_face.jpg","D:\work\secondYearMaster\thesis\reference\appeal\algorithms\preference_evaluate\deepskin\data\toMax\rendered_2max\f10i\f10ihd65_01.jpg",1148,1530
f10ihd65,f10,f10i,hd65,"D:\work\secondYearMaster\thesis\reference\appeal\algorithms\preference_evaluate\deepskin\data\toMax\rendered_face\f10i\f10ihd65_24_face.jpg","D:\work\secondYearMaster\thesis\reference\appeal\algorithms\preference_evaluate\deepskin\data\toMax\rendered_2max\f10i\f10ihd65_01.jpg",1148,1530
f10ihd65,f10,f10i,hd65,"D:\work\secondYearMaster\thesis\reference\appeal\algorithms\preference_evaluate\deepskin\data\toMax\rendered_face\f10i\f10ihd65_25_face.jpg","D:\work\secondYearMaster\thesis\reference\appeal\algorithms\preference_evaluate\deepskin\data\toMax\rendered_2max\f10i\f10ihd65_01.jpg",1148,1530
f10ihd65,f10,f10i,hd65,"D:\work\secondYearMaster\thesis\reference\appeal\algorithms\preference_evaluate\deepskin\data\toMax\rendered_face\f10i\f10ihd65_26_face.jpg","D:\work\secondYearMaster\thesis\reference\appeal\algorithms\preference_evaluate\deepskin\data\toMax\rendered_2max\f10i\f10ihd65_01.jpg",1148,1530
f10ihd65,f10,f10i,hd65,"D:\work\secondYearMaster\thesis\reference\appeal\algorithms\preference_evaluate\deepskin\data\toMax\rendered_face\f10i\f10ihd65_27_face.jpg","D:\work\secondYearMaster\thesis\reference\appeal\algorithms\preference_evaluate\deepskin\data\toMax\rendered_2max\f10i\f10ihd65_01.jpg",1148,1530
f10ihd65,f10,f10i,hd65,"D:\work\secondYearMaster\thesis\reference\appeal\algorithms\preference_evaluate\deepskin\data\toMax\rendered_face\f10i\f10ihd65_28_face.jpg","D:\work\secondYearMaster\thesis\reference\appeal\algorithms\preference_evaluate\deepskin\data\toMax\rendered_2max\f10i\f10ihd65_01.jpg",1148,1530
f10ihd65,f10,f10i,hd65,"D:\work\secondYearMaster\thesis\reference\appeal\algorithms\preference_evaluate\deepskin\data\toMax\rendered_face\f10i\f10ihd65_29_face.jpg","D:\work\secondYearMaster\thesis\reference\appeal\algorithms\preference_evaluate\deepskin\data\toMax\rendered_2max\f10i\f10ihd65_01.jpg",1148,1530
f10ihd65,f10,f10i,hd65,"D:\work\secondYearMaster\thesis\reference\appeal\algorithms\preference_evaluate\deepskin\data\toMax\rendered_face\f10i\f10ihd65_30_face.jpg","D:\work\secondYearMaster\thesis\reference\appeal\algorithms\preference_evaluate\deepskin\data\toMax\rendered_2max\f10i\f10ihd65_01.jpg",1148,1530
f10ihd65,f10,f10i,hd65,"D:\work\secondYearMaster\thesis\reference\appeal\algorithms\preference_evaluate\deepskin\data\toMax\rendered_face\f10i\f10ihd65_31_face.jpg","D:\work\secondYearMaster\thesis\reference\appeal\algorithms\preference_evaluate\deepskin\data\toMax\rendered_2max\f10i\f10ihd65_01.jpg",1148,1530
f10ihd65,f10,f10i,hd65,"D:\work\secondYearMaster\thesis\reference\appeal\algorithms\preference_evaluate\deepskin\data\toMax\rendered_face\f10i\f10ihd65_32_face.jpg","D:\work\secondYearMaster\thesis\reference\appeal\algorithms\preference_evaluate\deepskin\data\toMax\rendered_2max\f10i\f10ihd65_01.jpg",1148,1530
f10ihd65,f10,f10i,hd65,"D:\work\secondYearMaster\thesis\reference\appeal\algorithms\preference_evaluate\deepskin\data\toMax\rendered_face\f10i\f10ihd65_33_face.jpg","D:\work\secondYearMaster\thesis\reference\appeal\algorithms\preference_evaluate\deepskin\data\toMax\rendered_2max\f10i\f10ihd65_01.jpg",1148,1530
f10il3k,f10,f10i,l3k,"D:\work\secondYearMaster\thesis\reference\appeal\algorithms\preference_evaluate\deepskin\data\toMax\rendered_face\f10i\f10il3k_01_face.jpg","D:\work\secondYearMaster\thesis\reference\appeal\algorithms\preference_evaluate\deepskin\data\toMax\rendered_2max\f10i\f10il3k_01.jpg",1148,1530
f10il3k,f10,f10i,l3k,"D:\work\secondYearMaster\thesis\reference\appeal\algorithms\preference_evaluate\deepskin\data\toMax\rendered_face\f10i\f10il3k_02_face.jpg","D:\work\secondYearMaster\thesis\reference\appeal\algorithms\preference_evaluate\deepskin\data\toMax\rendered_2max\f10i\f10il3k_01.jpg",1148,1530
f10il3k,f10,f10i,l3k,"D:\work\secondYearMaster\thesis\reference\appeal\algorithms\preference_evaluate\deepskin\data\toMax\rendered_face\f10i\f10il3k_03_face.jpg","D:\work\secondYearMaster\thesis\reference\appeal\algorithms\preference_evaluate\deepskin\data\toMax\rendered_2max\f10i\f10il3k_01.jpg",1148,1530
f10il3k,f10,f10i,l3k,"D:\work\secondYearMaster\thesis\reference\appeal\algorithms\preference_evaluate\deepskin\data\toMax\rendered_face\f10i\f10il3k_04_face.jpg","D:\work\secondYearMaster\thesis\reference\appeal\algorithms\preference_evaluate\deepskin\data\toMax\rendered_2max\f10i\f10il3k_01.jpg",1148,1530
f10il3k,f10,f10i,l3k,"D:\work\secondYearMaster\thesis\reference\appeal\algorithms\preference_evaluate\deepskin\data\toMax\rendered_face\f10i\f10il3k_05_face.jpg","D:\work\secondYearMaster\thesis\reference\appeal\algorithms\preference_evaluate\deepskin\data\toMax\rendered_2max\f10i\f10il3k_01.jpg",1148,1530
f10il3k,f10,f10i,l3k,"D:\work\secondYearMaster\thesis\reference\appeal\algorithms\preference_evaluate\deepskin\data\toMax\rendered_face\f10i\f10il3k_06_face.jpg","D:\work\secondYearMaster\thesis\reference\appeal\algorithms\preference_evaluate\deepskin\data\toMax\rendered_2max\f10i\f10il3k_01.jpg",1148,1530
f10il3k,f10,f10i,l3k,"D:\work\secondYearMaster\thesis\reference\appeal\algorithms\preference_evaluate\deepskin\data\toMax\rendered_face\f10i\f10il3k_07_face.jpg","D:\work\secondYearMaster\thesis\reference\appeal\algorithms\preference_evaluate\deepskin\data\toMax\rendered_2max\f10i\f10il3k_01.jpg",1148,1530
f10il3k,f10,f10i,l3k,"D:\work\secondYearMaster\thesis\reference\appeal\algorithms\preference_evaluate\deepskin\data\toMax\rendered_face\f10i\f10il3k_08_face.jpg","D:\work\secondYearMaster\thesis\reference\appeal\algorithms\preference_evaluate\deepskin\data\toMax\rendered_2max\f10i\f10il3k_01.jpg",1148,1530
f10il3k,f10,f10i,l3k,"D:\work\secondYearMaster\thesis\reference\appeal\algorithms\preference_evaluate\deepskin\data\toMax\rendered_face\f10i\f10il3k_09_face.jpg","D:\work\secondYearMaster\thesis\reference\appeal\algorithms\preference_evaluate\deepskin\data\toMax\rendered_2max\f10i\f10il3k_01.jpg",1148,1530
f10il3k,f10,f10i,l3k,"D:\work\secondYearMaster\thesis\reference\appeal\algorithms\preference_evaluate\deepskin\data\toMax\rendered_face\f10i\f10il3k_10_face.jpg","D:\work\secondYearMaster\thesis\reference\appeal\algorithms\preference_evaluate\deepskin\data\toMax\rendered_2max\f10i\f10il3k_01.jpg",1148,1530
f10il3k,f10,f10i,l3k,"D:\work\secondYearMaster\thesis\reference\appeal\algorithms\preference_evaluate\deepskin\data\toMax\rendered_face\f10i\f10il3k_11_face.jpg","D:\work\secondYearMaster\thesis\reference\appeal\algorithms\preference_evaluate\deepskin\data\toMax\rendered_2max\f10i\f10il3k_01.jpg",1148,1530
f10il3k,f10,f10i,l3k,"D:\work\secondYearMaster\thesis\reference\appeal\algorithms\preference_evaluate\deepskin\data\toMax\rendered_face\f10i\f10il3k_12_face.jpg","D:\work\secondYearMaster\thesis\reference\appeal\algorithms\preference_evaluate\deepskin\data\toMax\rendered_2max\f10i\f10il3k_01.jpg",1148,1530
f10il3k,f10,f10i,l3k,"D:\work\secondYearMaster\thesis\reference\appeal\algorithms\preference_evaluate\deepskin\data\toMax\rendered_face\f10i\f10il3k_13_face.jpg","D:\work\secondYearMaster\thesis\reference\appeal\algorithms\preference_evaluate\deepskin\data\toMax\rendered_2max\f10i\f10il3k_01.jpg",1148,1530
f10il3k,f10,f10i,l3k,"D:\work\secondYearMaster\thesis\reference\appeal\algorithms\preference_evaluate\deepskin\data\toMax\rendered_face\f10i\f10il3k_14_face.jpg","D:\work\secondYearMaster\thesis\reference\appeal\algorithms\preference_evaluate\deepskin\data\toMax\rendered_2max\f10i\f10il3k_01.jpg",1148,1530
f10il3k,f10,f10i,l3k,"D:\work\secondYearMaster\thesis\reference\appeal\algorithms\preference_evaluate\deepskin\data\toMax\rendered_face\f10i\f10il3k_15_face.jpg","D:\work\secondYearMaster\thesis\reference\appeal\algorithms\preference_evaluate\deepskin\data\toMax\rendered_2max\f10i\f10il3k_01.jpg",1148,1530
f10il3k,f10,f10i,l3k,"D:\work\secondYearMaster\thesis\reference\appeal\algorithms\preference_evaluate\deepskin\data\toMax\rendered_face\f10i\f10il3k_16_face.jpg","D:\work\secondYearMaster\thesis\reference\appeal\algorithms\preference_evaluate\deepskin\data\toMax\rendered_2max\f10i\f10il3k_01.jpg",1148,1530
f10il3k,f10,f10i,l3k,"D:\work\secondYearMaster\thesis\reference\appeal\algorithms\preference_evaluate\deepskin\data\toMax\rendered_face\f10i\f10il3k_17_face.jpg","D:\work\secondYearMaster\thesis\reference\appeal\algorithms\preference_evaluate\deepskin\data\toMax\rendered_2max\f10i\f10il3k_01.jpg",1148,1530
f10il3k,f10,f10i,l3k,"D:\work\secondYearMaster\thesis\reference\appeal\algorithms\preference_evaluate\deepskin\data\toMax\rendered_face\f10i\f10il3k_18_face.jpg","D:\work\secondYearMaster\thesis\reference\appeal\algorithms\preference_evaluate\deepskin\data\toMax\rendered_2max\f10i\f10il3k_01.jpg",1148,1530
f10il3k,f10,f10i,l3k,"D:\work\secondYearMaster\thesis\reference\appeal\algorithms\preference_evaluate\deepskin\data\toMax\rendered_face\f10i\f10il3k_19_face.jpg","D:\work\secondYearMaster\thesis\reference\appeal\algorithms\preference_evaluate\deepskin\data\toMax\rendered_2max\f10i\f10il3k_01.jpg",1148,1530
f10il3k,f10,f10i,l3k,"D:\work\secondYearMaster\thesis\reference\appeal\algorithms\preference_evaluate\deepskin\data\toMax\rendered_face\f10i\f10il3k_20_face.jpg","D:\work\secondYearMaster\thesis\reference\appeal\algorithms\preference_evaluate\deepskin\data\toMax\rendered_2max\f10i\f10il3k_01.jpg",1148,1530
f10il3k,f10,f10i,l3k,"D:\work\secondYearMaster\thesis\reference\appeal\algorithms\preference_evaluate\deepskin\data\toMax\rendered_face\f10i\f10il3k_21_face.jpg","D:\work\secondYearMaster\thesis\reference\appeal\algorithms\preference_evaluate\deepskin\data\toMax\rendered_2max\f10i\f10il3k_01.jpg",1148,1530
f10il3k,f10,f10i,l3k,"D:\work\secondYearMaster\thesis\reference\appeal\algorithms\preference_evaluate\deepskin\data\toMax\rendered_face\f10i\f10il3k_22_face.jpg","D:\work\secondYearMaster\thesis\reference\appeal\algorithms\preference_evaluate\deepskin\data\toMax\rendered_2max\f10i\f10il3k_01.jpg",1148,1530
f10il3k,f10,f10i,l3k,"D:\work\secondYearMaster\thesis\reference\appeal\algorithms\preference_evaluate\deepskin\data\toMax\rendered_face\f10i\f10il3k_23_face.jpg","D:\work\secondYearMaster\thesis\reference\appeal\algorithms\preference_evaluate\deepskin\data\toMax\rendered_2max\f10i\f10il3k_01.jpg",1148,1530
f10il3k,f10,f10i,l3k,"D:\work\secondYearMaster\thesis\reference\appeal\algorithms\preference_evaluate\deepskin\data\toMax\rendered_face\f10i\f10il3k_24_face.jpg","D:\work\secondYearMaster\thesis\reference\appeal\algorithms\preference_evaluate\deepskin\data\toMax\rendered_2max\f10i\f10il3k_01.jpg",1148,1530
f10il3k,f10,f10i,l3k,"D:\work\secondYearMaster\thesis\reference\appeal\algorithms\preference_evaluate\deepskin\data\toMax\rendered_face\f10i\f10il3k_25_face.jpg","D:\work\secondYearMaster\thesis\reference\appeal\algorithms\preference_evaluate\deepskin\data\toMax\rendered_2max\f10i\f10il3k_01.jpg",1148,1530
f10il3k,f10,f10i,l3k,"D:\work\secondYearMaster\thesis\reference\appeal\algorithms\preference_evaluate\deepskin\data\toMax\rendered_face\f10i\f10il3k_26_face.jpg","D:\work\secondYearMaster\thesis\reference\appeal\algorithms\preference_evaluate\deepskin\data\toMax\rendered_2max\f10i\f10il3k_01.jpg",1148,1530
f10il3k,f10,f10i,l3k,"D:\work\secondYearMaster\thesis\reference\appeal\algorithms\preference_evaluate\deepskin\data\toMax\rendered_face\f10i\f10il3k_27_face.jpg","D:\work\secondYearMaster\thesis\reference\appeal\algorithms\preference_evaluate\deepskin\data\toMax\rendered_2max\f10i\f10il3k_01.jpg",1148,1530
f10il3k,f10,f10i,l3k,"D:\work\secondYearMaster\thesis\reference\appeal\algorithms\preference_evaluate\deepskin\data\toMax\rendered_face\f10i\f10il3k_28_face.jpg","D:\work\secondYearMaster\thesis\reference\appeal\algorithms\preference_evaluate\deepskin\data\toMax\rendered_2max\f10i\f10il3k_01.jpg",1148,1530
f10il3k,f10,f10i,l3k,"D:\work\secondYearMaster\thesis\reference\appeal\algorithms\preference_evaluate\deepskin\data\toMax\rendered_face\f10i\f10il3k_29_face.jpg","D:\work\secondYearMaster\thesis\reference\appeal\algorithms\preference_evaluate\deepskin\data\toMax\rendered_2max\f10i\f10il3k_01.jpg",1148,1530
f10il3k,f10,f10i,l3k,"D:\work\secondYearMaster\thesis\reference\appeal\algorithms\preference_evaluate\deepskin\data\toMax\rendered_face\f10i\f10il3k_30_face.jpg","D:\work\secondYearMaster\thesis\reference\appeal\algorithms\preference_evaluate\deepskin\data\toMax\rendered_2max\f10i\f10il3k_01.jpg",1148,1530
f10il3k,f10,f10i,l3k,"D:\work\secondYearMaster\thesis\reference\appeal\algorithms\preference_evaluate\deepskin\data\toMax\rendered_face\f10i\f10il3k_31_face.jpg","D:\work\secondYearMaster\thesis\reference\appeal\algorithms\preference_evaluate\deepskin\data\toMax\rendered_2max\f10i\f10il3k_01.jpg",1148,1530
f10il3k,f10,f10i,l3k,"D:\work\secondYearMaster\thesis\reference\appeal\algorithms\preference_evaluate\deepskin\data\toMax\rendered_face\f10i\f10il3k_32_face.jpg","D:\work\secondYearMaster\thesis\reference\appeal\algorithms\preference_evaluate\deepskin\data\toMax\rendered_2max\f10i\f10il3k_01.jpg",1148,1530
f10il3k,f10,f10i,l3k,"D:\work\secondYearMaster\thesis\reference\appeal\algorithms\preference_evaluate\deepskin\data\toMax\rendered_face\f10i\f10il3k_33_face.jpg","D:\work\secondYearMaster\thesis\reference\appeal\algorithms\preference_evaluate\deepskin\data\toMax\rendered_2max\f10i\f10il3k_01.jpg",1148,1530
f10il4k,f10,f10i,l4k,"D:\work\secondYearMaster\thesis\reference\appeal\algorithms\preference_evaluate\deepskin\data\toMax\rendered_face\f10i\f10il4k_01_face.jpg","D:\work\secondYearMaster\thesis\reference\appeal\algorithms\preference_evaluate\deepskin\data\toMax\rendered_2max\f10i\f10il4k_01.jpg",1148,1530
f10il4k,f10,f10i,l4k,"D:\work\secondYearMaster\thesis\reference\appeal\algorithms\preference_evaluate\deepskin\data\toMax\rendered_face\f10i\f10il4k_02_face.jpg","D:\work\secondYearMaster\thesis\reference\appeal\algorithms\preference_evaluate\deepskin\data\toMax\rendered_2max\f10i\f10il4k_01.jpg",1148,1530
f10il4k,f10,f10i,l4k,"D:\work\secondYearMaster\thesis\reference\appeal\algorithms\preference_evaluate\deepskin\data\toMax\rendered_face\f10i\f10il4k_03_face.jpg","D:\work\secondYearMaster\thesis\reference\appeal\algorithms\preference_evaluate\deepskin\data\toMax\rendered_2max\f10i\f10il4k_01.jpg",1148,1530
f10il4k,f10,f10i,l4k,"D:\work\secondYearMaster\thesis\reference\appeal\algorithms\preference_evaluate\deepskin\data\toMax\rendered_face\f10i\f10il4k_04_face.jpg","D:\work\secondYearMaster\thesis\reference\appeal\algorithms\preference_evaluate\deepskin\data\toMax\rendered_2max\f10i\f10il4k_01.jpg",1148,1530
f10il4k,f10,f10i,l4k,"D:\work\secondYearMaster\thesis\reference\appeal\algorithms\preference_evaluate\deepskin\data\toMax\rendered_face\f10i\f10il4k_05_face.jpg","D:\work\secondYearMaster\thesis\reference\appeal\algorithms\preference_evaluate\deepskin\data\toMax\rendered_2max\f10i\f10il4k_01.jpg",1148,1530
f10il4k,f10,f10i,l4k,"D:\work\secondYearMaster\thesis\reference\appeal\algorithms\preference_evaluate\deepskin\data\toMax\rendered_face\f10i\f10il4k_06_face.jpg","D:\work\secondYearMaster\thesis\reference\appeal\algorithms\preference_evaluate\deepskin\data\toMax\rendered_2max\f10i\f10il4k_01.jpg",1148,1530
f10il4k,f10,f10i,l4k,"D:\work\secondYearMaster\thesis\reference\appeal\algorithms\preference_evaluate\deepskin\data\toMax\rendered_face\f10i\f10il4k_07_face.jpg","D:\work\secondYearMaster\thesis\reference\appeal\algorithms\preference_evaluate\deepskin\data\toMax\rendered_2max\f10i\f10il4k_01.jpg",1148,1530
f10il4k,f10,f10i,l4k,"D:\work\secondYearMaster\thesis\reference\appeal\algorithms\preference_evaluate\deepskin\data\toMax\rendered_face\f10i\f10il4k_08_face.jpg","D:\work\secondYearMaster\thesis\reference\appeal\algorithms\preference_evaluate\deepskin\data\toMax\rendered_2max\f10i\f10il4k_01.jpg",1148,1530
f10il4k,f10,f10i,l4k,"D:\work\secondYearMaster\thesis\reference\appeal\algorithms\preference_evaluate\deepskin\data\toMax\rendered_face\f10i\f10il4k_09_face.jpg","D:\work\secondYearMaster\thesis\reference\appeal\algorithms\preference_evaluate\deepskin\data\toMax\rendered_2max\f10i\f10il4k_01.jpg",1148,1530
f10il4k,f10,f10i,l4k,"D:\work\secondYearMaster\thesis\reference\appeal\algorithms\preference_evaluate\deepskin\data\toMax\rendered_face\f10i\f10il4k_10_face.jpg","D:\work\secondYearMaster\thesis\reference\appeal\algorithms\preference_evaluate\deepskin\data\toMax\rendered_2max\f10i\f10il4k_01.jpg",1148,1530
f10il4k,f10,f10i,l4k,"D:\work\secondYearMaster\thesis\reference\appeal\algorithms\preference_evaluate\deepskin\data\toMax\rendered_face\f10i\f10il4k_11_face.jpg","D:\work\secondYearMaster\thesis\reference\appeal\algorithms\preference_evaluate\deepskin\data\toMax\rendered_2max\f10i\f10il4k_01.jpg",1148,1530
f10il4k,f10,f10i,l4k,"D:\work\secondYearMaster\thesis\reference\appeal\algorithms\preference_evaluate\deepskin\data\toMax\rendered_face\f10i\f10il4k_12_face.jpg","D:\work\secondYearMaster\thesis\reference\appeal\algorithms\preference_evaluate\deepskin\data\toMax\rendered_2max\f10i\f10il4k_01.jpg",1148,1530
f10il4k,f10,f10i,l4k,"D:\work\secondYearMaster\thesis\reference\appeal\algorithms\preference_evaluate\deepskin\data\toMax\rendered_face\f10i\f10il4k_13_face.jpg","D:\work\secondYearMaster\thesis\reference\appeal\algorithms\preference_evaluate\deepskin\data\toMax\rendered_2max\f10i\f10il4k_01.jpg",1148,1530
f10il4k,f10,f10i,l4k,"D:\work\secondYearMaster\thesis\reference\appeal\algorithms\preference_evaluate\deepskin\data\toMax\rendered_face\f10i\f10il4k_14_face.jpg","D:\work\secondYearMaster\thesis\reference\appeal\algorithms\preference_evaluate\deepskin\data\toMax\rendered_2max\f10i\f10il4k_01.jpg",1148,1530
f10il4k,f10,f10i,l4k,"D:\work\secondYearMaster\thesis\reference\appeal\algorithms\preference_evaluate\deepskin\data\toMax\rendered_face\f10i\f10il4k_15_face.jpg","D:\work\secondYearMaster\thesis\reference\appeal\algorithms\preference_evaluate\deepskin\data\toMax\rendered_2max\f10i\f10il4k_01.jpg",1148,1530
f10il4k,f10,f10i,l4k,"D:\work\secondYearMaster\thesis\reference\appeal\algorithms\preference_evaluate\deepskin\data\toMax\rendered_face\f10i\f10il4k_16_face.jpg","D:\work\secondYearMaster\thesis\reference\appeal\algorithms\preference_evaluate\deepskin\data\toMax\rendered_2max\f10i\f10il4k_01.jpg",1148,1530
f10il4k,f10,f10i,l4k,"D:\work\secondYearMaster\thesis\reference\appeal\algorithms\preference_evaluate\deepskin\data\toMax\rendered_face\f10i\f10il4k_17_face.jpg","D:\work\secondYearMaster\thesis\reference\appeal\algorithms\preference_evaluate\deepskin\data\toMax\rendered_2max\f10i\f10il4k_01.jpg",1148,1530
f10il4k,f10,f10i,l4k,"D:\work\secondYearMaster\thesis\reference\appeal\algorithms\preference_evaluate\deepskin\data\toMax\rendered_face\f10i\f10il4k_18_face.jpg","D:\work\secondYearMaster\thesis\reference\appeal\algorithms\preference_evaluate\deepskin\data\toMax\rendered_2max\f10i\f10il4k_01.jpg",1148,1530
f10il4k,f10,f10i,l4k,"D:\work\secondYearMaster\thesis\reference\appeal\algorithms\preference_evaluate\deepskin\data\toMax\rendered_face\f10i\f10il4k_19_face.jpg","D:\work\secondYearMaster\thesis\reference\appeal\algorithms\preference_evaluate\deepskin\data\toMax\rendered_2max\f10i\f10il4k_01.jpg",1148,1530
f10il4k,f10,f10i,l4k,"D:\work\secondYearMaster\thesis\reference\appeal\algorithms\preference_evaluate\deepskin\data\toMax\rendered_face\f10i\f10il4k_20_face.jpg","D:\work\secondYearMaster\thesis\reference\appeal\algorithms\preference_evaluate\deepskin\data\toMax\rendered_2max\f10i\f10il4k_01.jpg",1148,1530
f10il4k,f10,f10i,l4k,"D:\work\secondYearMaster\thesis\reference\appeal\algorithms\preference_evaluate\deepskin\data\toMax\rendered_face\f10i\f10il4k_21_face.jpg","D:\work\secondYearMaster\thesis\reference\appeal\algorithms\preference_evaluate\deepskin\data\toMax\rendered_2max\f10i\f10il4k_01.jpg",1148,1530
f10il4k,f10,f10i,l4k,"D:\work\secondYearMaster\thesis\reference\appeal\algorithms\preference_evaluate\deepskin\data\toMax\rendered_face\f10i\f10il4k_22_face.jpg","D:\work\secondYearMaster\thesis\reference\appeal\algorithms\preference_evaluate\deepskin\data\toMax\rendered_2max\f10i\f10il4k_01.jpg",1148,1530
f10il4k,f10,f10i,l4k,"D:\work\secondYearMaster\thesis\reference\appeal\algorithms\preference_evaluate\deepskin\data\toMax\rendered_face\f10i\f10il4k_23_face.jpg","D:\work\secondYearMaster\thesis\reference\appeal\algorithms\preference_evaluate\deepskin\data\toMax\rendered_2max\f10i\f10il4k_01.jpg",1148,1530
f10il4k,f10,f10i,l4k,"D:\work\secondYearMaster\thesis\reference\appeal\algorithms\preference_evaluate\deepskin\data\toMax\rendered_face\f10i\f10il4k_24_face.jpg","D:\work\secondYearMaster\thesis\reference\appeal\algorithms\preference_evaluate\deepskin\data\toMax\rendered_2max\f10i\f10il4k_01.jpg",1148,1530
f10il4k,f10,f10i,l4k,"D:\work\secondYearMaster\thesis\reference\appeal\algorithms\preference_evaluate\deepskin\data\toMax\rendered_face\f10i\f10il4k_25_face.jpg","D:\work\secondYearMaster\thesis\reference\appeal\algorithms\preference_evaluate\deepskin\data\toMax\rendered_2max\f10i\f10il4k_01.jpg",1148,1530
f10il4k,f10,f10i,l4k,"D:\work\secondYearMaster\thesis\reference\appeal\algorithms\preference_evaluate\deepskin\data\toMax\rendered_face\f10i\f10il4k_26_face.jpg","D:\work\secondYearMaster\thesis\reference\appeal\algorithms\preference_evaluate\deepskin\data\toMax\rendered_2max\f10i\f10il4k_01.jpg",1148,1530
f10il4k,f10,f10i,l4k,"D:\work\secondYearMaster\thesis\reference\appeal\algorithms\preference_evaluate\deepskin\data\toMax\rendered_face\f10i\f10il4k_27_face.jpg","D:\work\secondYearMaster\thesis\reference\appeal\algorithms\preference_evaluate\deepskin\data\toMax\rendered_2max\f10i\f10il4k_01.jpg",1148,1530
f10il4k,f10,f10i,l4k,"D:\work\secondYearMaster\thesis\reference\appeal\algorithms\preference_evaluate\deepskin\data\toMax\rendered_face\f10i\f10il4k_28_face.jpg","D:\work\secondYearMaster\thesis\reference\appeal\algorithms\preference_evaluate\deepskin\data\toMax\rendered_2max\f10i\f10il4k_01.jpg",1148,1530
f10il4k,f10,f10i,l4k,"D:\work\secondYearMaster\thesis\reference\appeal\algorithms\preference_evaluate\deepskin\data\toMax\rendered_face\f10i\f10il4k_29_face.jpg","D:\work\secondYearMaster\thesis\reference\appeal\algorithms\preference_evaluate\deepskin\data\toMax\rendered_2max\f10i\f10il4k_01.jpg",1148,1530
f10il4k,f10,f10i,l4k,"D:\work\secondYearMaster\thesis\reference\appeal\algorithms\preference_evaluate\deepskin\data\toMax\rendered_face\f10i\f10il4k_30_face.jpg","D:\work\secondYearMaster\thesis\reference\appeal\algorithms\preference_evaluate\deepskin\data\toMax\rendered_2max\f10i\f10il4k_01.jpg",1148,1530
f10il4k,f10,f10i,l4k,"D:\work\secondYearMaster\thesis\reference\appeal\algorithms\preference_evaluate\deepskin\data\toMax\rendered_face\f10i\f10il4k_31_face.jpg","D:\work\secondYearMaster\thesis\reference\appeal\algorithms\preference_evaluate\deepskin\data\toMax\rendered_2max\f10i\f10il4k_01.jpg",1148,1530
f10il4k,f10,f10i,l4k,"D:\work\secondYearMaster\thesis\reference\appeal\algorithms\preference_evaluate\deepskin\data\toMax\rendered_face\f10i\f10il4k_32_face.jpg","D:\work\secondYearMaster\thesis\reference\appeal\algorithms\preference_evaluate\deepskin\data\toMax\rendered_2max\f10i\f10il4k_01.jpg",1148,1530
f10il4k,f10,f10i,l4k,"D:\work\secondYearMaster\thesis\reference\appeal\algorithms\preference_evaluate\deepskin\data\toMax\rendered_face\f10i\f10il4k_33_face.jpg","D:\work\secondYearMaster\thesis\reference\appeal\algorithms\preference_evaluate\deepskin\data\toMax\rendered_2max\f10i\f10il4k_01.jpg",1148,1530
f10il5k,f10,f10i,l5k,"D:\work\secondYearMaster\thesis\reference\appeal\algorithms\preference_evaluate\deepskin\data\toMax\rendered_face\f10i\f10il5k_01_face.jpg","D:\work\secondYearMaster\thesis\reference\appeal\algorithms\preference_evaluate\deepskin\data\toMax\rendered_2max\f10i\f10il5k_01.jpg",1148,1530
f10il5k,f10,f10i,l5k,"D:\work\secondYearMaster\thesis\reference\appeal\algorithms\preference_evaluate\deepskin\data\toMax\rendered_face\f10i\f10il5k_02_face.jpg","D:\work\secondYearMaster\thesis\reference\appeal\algorithms\preference_evaluate\deepskin\data\toMax\rendered_2max\f10i\f10il5k_01.jpg",1148,1530
f10il5k,f10,f10i,l5k,"D:\work\secondYearMaster\thesis\reference\appeal\algorithms\preference_evaluate\deepskin\data\toMax\rendered_face\f10i\f10il5k_03_face.jpg","D:\work\secondYearMaster\thesis\reference\appeal\algorithms\preference_evaluate\deepskin\data\toMax\rendered_2max\f10i\f10il5k_01.jpg",1148,1530
f10il5k,f10,f10i,l5k,"D:\work\secondYearMaster\thesis\reference\appeal\algorithms\preference_evaluate\deepskin\data\toMax\rendered_face\f10i\f10il5k_04_face.jpg","D:\work\secondYearMaster\thesis\reference\appeal\algorithms\preference_evaluate\deepskin\data\toMax\rendered_2max\f10i\f10il5k_01.jpg",1148,1530
f10il5k,f10,f10i,l5k,"D:\work\secondYearMaster\thesis\reference\appeal\algorithms\preference_evaluate\deepskin\data\toMax\rendered_face\f10i\f10il5k_05_face.jpg","D:\work\secondYearMaster\thesis\reference\appeal\algorithms\preference_evaluate\deepskin\data\toMax\rendered_2max\f10i\f10il5k_01.jpg",1148,1530
f10il5k,f10,f10i,l5k,"D:\work\secondYearMaster\thesis\reference\appeal\algorithms\preference_evaluate\deepskin\data\toMax\rendered_face\f10i\f10il5k_06_face.jpg","D:\work\secondYearMaster\thesis\reference\appeal\algorithms\preference_evaluate\deepskin\data\toMax\rendered_2max\f10i\f10il5k_01.jpg",1148,1530
f10il5k,f10,f10i,l5k,"D:\work\secondYearMaster\thesis\reference\appeal\algorithms\preference_evaluate\deepskin\data\toMax\rendered_face\f10i\f10il5k_07_face.jpg","D:\work\secondYearMaster\thesis\reference\appeal\algorithms\preference_evaluate\deepskin\data\toMax\rendered_2max\f10i\f10il5k_01.jpg",1148,1530
f10il5k,f10,f10i,l5k,"D:\work\secondYearMaster\thesis\reference\appeal\algorithms\preference_evaluate\deepskin\data\toMax\rendered_face\f10i\f10il5k_08_face.jpg","D:\work\secondYearMaster\thesis\reference\appeal\algorithms\preference_evaluate\deepskin\data\toMax\rendered_2max\f10i\f10il5k_01.jpg",1148,1530
f10il5k,f10,f10i,l5k,"D:\work\secondYearMaster\thesis\reference\appeal\algorithms\preference_evaluate\deepskin\data\toMax\rendered_face\f10i\f10il5k_09_face.jpg","D:\work\secondYearMaster\thesis\reference\appeal\algorithms\preference_evaluate\deepskin\data\toMax\rendered_2max\f10i\f10il5k_01.jpg",1148,1530
f10il5k,f10,f10i,l5k,"D:\work\secondYearMaster\thesis\reference\appeal\algorithms\preference_evaluate\deepskin\data\toMax\rendered_face\f10i\f10il5k_10_face.jpg","D:\work\secondYearMaster\thesis\reference\appeal\algorithms\preference_evaluate\deepskin\data\toMax\rendered_2max\f10i\f10il5k_01.jpg",1148,1530
f10il5k,f10,f10i,l5k,"D:\work\secondYearMaster\thesis\reference\appeal\algorithms\preference_evaluate\deepskin\data\toMax\rendered_face\f10i\f10il5k_11_face.jpg","D:\work\secondYearMaster\thesis\reference\appeal\algorithms\preference_evaluate\deepskin\data\toMax\rendered_2max\f10i\f10il5k_01.jpg",1148,1530
f10il5k,f10,f10i,l5k,"D:\work\secondYearMaster\thesis\reference\appeal\algorithms\preference_evaluate\deepskin\data\toMax\rendered_face\f10i\f10il5k_12_face.jpg","D:\work\secondYearMaster\thesis\reference\appeal\algorithms\preference_evaluate\deepskin\data\toMax\rendered_2max\f10i\f10il5k_01.jpg",1148,1530
f10il5k,f10,f10i,l5k,"D:\work\secondYearMaster\thesis\reference\appeal\algorithms\preference_evaluate\deepskin\data\toMax\rendered_face\f10i\f10il5k_13_face.jpg","D:\work\secondYearMaster\thesis\reference\appeal\algorithms\preference_evaluate\deepskin\data\toMax\rendered_2max\f10i\f10il5k_01.jpg",1148,1530
f10il5k,f10,f10i,l5k,"D:\work\secondYearMaster\thesis\reference\appeal\algorithms\preference_evaluate\deepskin\data\toMax\rendered_face\f10i\f10il5k_14_face.jpg","D:\work\secondYearMaster\thesis\reference\appeal\algorithms\preference_evaluate\deepskin\data\toMax\rendered_2max\f10i\f10il5k_01.jpg",1148,1530
f10il5k,f10,f10i,l5k,"D:\work\secondYearMaster\thesis\reference\appeal\algorithms\preference_evaluate\deepskin\data\toMax\rendered_face\f10i\f10il5k_15_face.jpg","D:\work\secondYearMaster\thesis\reference\appeal\algorithms\preference_evaluate\deepskin\data\toMax\rendered_2max\f10i\f10il5k_01.jpg",1148,1530
f10il5k,f10,f10i,l5k,"D:\work\secondYearMaster\thesis\reference\appeal\algorithms\preference_evaluate\deepskin\data\toMax\rendered_face\f10i\f10il5k_16_face.jpg","D:\work\secondYearMaster\thesis\reference\appeal\algorithms\preference_evaluate\deepskin\data\toMax\rendered_2max\f10i\f10il5k_01.jpg",1148,1530
f10il5k,f10,f10i,l5k,"D:\work\secondYearMaster\thesis\reference\appeal\algorithms\preference_evaluate\deepskin\data\toMax\rendered_face\f10i\f10il5k_17_face.jpg","D:\work\secondYearMaster\thesis\reference\appeal\algorithms\preference_evaluate\deepskin\data\toMax\rendered_2max\f10i\f10il5k_01.jpg",1148,1530
f10il5k,f10,f10i,l5k,"D:\work\secondYearMaster\thesis\reference\appeal\algorithms\preference_evaluate\deepskin\data\toMax\rendered_face\f10i\f10il5k_18_face.jpg","D:\work\secondYearMaster\thesis\reference\appeal\algorithms\preference_evaluate\deepskin\data\toMax\rendered_2max\f10i\f10il5k_01.jpg",1148,1530
f10il5k,f10,f10i,l5k,"D:\work\secondYearMaster\thesis\reference\appeal\algorithms\preference_evaluate\deepskin\data\toMax\rendered_face\f10i\f10il5k_19_face.jpg","D:\work\secondYearMaster\thesis\reference\appeal\algorithms\preference_evaluate\deepskin\data\toMax\rendered_2max\f10i\f10il5k_01.jpg",1148,1530
f10il5k,f10,f10i,l5k,"D:\work\secondYearMaster\thesis\reference\appeal\algorithms\preference_evaluate\deepskin\data\toMax\rendered_face\f10i\f10il5k_20_face.jpg","D:\work\secondYearMaster\thesis\reference\appeal\algorithms\preference_evaluate\deepskin\data\toMax\rendered_2max\f10i\f10il5k_01.jpg",1148,1530
f10il5k,f10,f10i,l5k,"D:\work\secondYearMaster\thesis\reference\appeal\algorithms\preference_evaluate\deepskin\data\toMax\rendered_face\f10i\f10il5k_21_face.jpg","D:\work\secondYearMaster\thesis\reference\appeal\algorithms\preference_evaluate\deepskin\data\toMax\rendered_2max\f10i\f10il5k_01.jpg",1148,1530
f10il5k,f10,f10i,l5k,"D:\work\secondYearMaster\thesis\reference\appeal\algorithms\preference_evaluate\deepskin\data\toMax\rendered_face\f10i\f10il5k_22_face.jpg","D:\work\secondYearMaster\thesis\reference\appeal\algorithms\preference_evaluate\deepskin\data\toMax\rendered_2max\f10i\f10il5k_01.jpg",1148,1530
f10il5k,f10,f10i,l5k,"D:\work\secondYearMaster\thesis\reference\appeal\algorithms\preference_evaluate\deepskin\data\toMax\rendered_face\f10i\f10il5k_23_face.jpg","D:\work\secondYearMaster\thesis\reference\appeal\algorithms\preference_evaluate\deepskin\data\toMax\rendered_2max\f10i\f10il5k_01.jpg",1148,1530
f10il5k,f10,f10i,l5k,"D:\work\secondYearMaster\thesis\reference\appeal\algorithms\preference_evaluate\deepskin\data\toMax\rendered_face\f10i\f10il5k_24_face.jpg","D:\work\secondYearMaster\thesis\reference\appeal\algorithms\preference_evaluate\deepskin\data\toMax\rendered_2max\f10i\f10il5k_01.jpg",1148,1530
f10il5k,f10,f10i,l5k,"D:\work\secondYearMaster\thesis\reference\appeal\algorithms\preference_evaluate\deepskin\data\toMax\rendered_face\f10i\f10il5k_25_face.jpg","D:\work\secondYearMaster\thesis\reference\appeal\algorithms\preference_evaluate\deepskin\data\toMax\rendered_2max\f10i\f10il5k_01.jpg",1148,1530
f10il5k,f10,f10i,l5k,"D:\work\secondYearMaster\thesis\reference\appeal\algorithms\preference_evaluate\deepskin\data\toMax\rendered_face\f10i\f10il5k_26_face.jpg","D:\work\secondYearMaster\thesis\reference\appeal\algorithms\preference_evaluate\deepskin\data\toMax\rendered_2max\f10i\f10il5k_01.jpg",1148,1530
f10il5k,f10,f10i,l5k,"D:\work\secondYearMaster\thesis\reference\appeal\algorithms\preference_evaluate\deepskin\data\toMax\rendered_face\f10i\f10il5k_27_face.jpg","D:\work\secondYearMaster\thesis\reference\appeal\algorithms\preference_evaluate\deepskin\data\toMax\rendered_2max\f10i\f10il5k_01.jpg",1148,1530
f10il5k,f10,f10i,l5k,"D:\work\secondYearMaster\thesis\reference\appeal\algorithms\preference_evaluate\deepskin\data\toMax\rendered_face\f10i\f10il5k_28_face.jpg","D:\work\secondYearMaster\thesis\reference\appeal\algorithms\preference_evaluate\deepskin\data\toMax\rendered_2max\f10i\f10il5k_01.jpg",1148,1530
f10il5k,f10,f10i,l5k,"D:\work\secondYearMaster\thesis\reference\appeal\algorithms\preference_evaluate\deepskin\data\toMax\rendered_face\f10i\f10il5k_29_face.jpg","D:\work\secondYearMaster\thesis\reference\appeal\algorithms\preference_evaluate\deepskin\data\toMax\rendered_2max\f10i\f10il5k_01.jpg",1148,1530
f10il5k,f10,f10i,l5k,"D:\work\secondYearMaster\thesis\reference\appeal\algorithms\preference_evaluate\deepskin\data\toMax\rendered_face\f10i\f10il5k_30_face.jpg","D:\work\secondYearMaster\thesis\reference\appeal\algorithms\preference_evaluate\deepskin\data\toMax\rendered_2max\f10i\f10il5k_01.jpg",1148,1530
f10il5k,f10,f10i,l5k,"D:\work\secondYearMaster\thesis\reference\appeal\algorithms\preference_evaluate\deepskin\data\toMax\rendered_face\f10i\f10il5k_31_face.jpg","D:\work\secondYearMaster\thesis\reference\appeal\algorithms\preference_evaluate\deepskin\data\toMax\rendered_2max\f10i\f10il5k_01.jpg",1148,1530
f10il5k,f10,f10i,l5k,"D:\work\secondYearMaster\thesis\reference\appeal\algorithms\preference_evaluate\deepskin\data\toMax\rendered_face\f10i\f10il5k_32_face.jpg","D:\work\secondYearMaster\thesis\reference\appeal\algorithms\preference_evaluate\deepskin\data\toMax\rendered_2max\f10i\f10il5k_01.jpg",1148,1530
f10il5k,f10,f10i,l5k,"D:\work\secondYearMaster\thesis\reference\appeal\algorithms\preference_evaluate\deepskin\data\toMax\rendered_face\f10i\f10il5k_33_face.jpg","D:\work\secondYearMaster\thesis\reference\appeal\algorithms\preference_evaluate\deepskin\data\toMax\rendered_2max\f10i\f10il5k_01.jpg",1148,1530
f10il6k,f10,f10i,l6k,"D:\work\secondYearMaster\thesis\reference\appeal\algorithms\preference_evaluate\deepskin\data\toMax\rendered_face\f10i\f10il6k_01_face.jpg","D:\work\secondYearMaster\thesis\reference\appeal\algorithms\preference_evaluate\deepskin\data\toMax\rendered_2max\f10i\f10il6k_01.jpg",1148,1530
f10il6k,f10,f10i,l6k,"D:\work\secondYearMaster\thesis\reference\appeal\algorithms\preference_evaluate\deepskin\data\toMax\rendered_face\f10i\f10il6k_02_face.jpg","D:\work\secondYearMaster\thesis\reference\appeal\algorithms\preference_evaluate\deepskin\data\toMax\rendered_2max\f10i\f10il6k_01.jpg",1148,1530
f10il6k,f10,f10i,l6k,"D:\work\secondYearMaster\thesis\reference\appeal\algorithms\preference_evaluate\deepskin\data\toMax\rendered_face\f10i\f10il6k_03_face.jpg","D:\work\secondYearMaster\thesis\reference\appeal\algorithms\preference_evaluate\deepskin\data\toMax\rendered_2max\f10i\f10il6k_01.jpg",1148,1530
f10il6k,f10,f10i,l6k,"D:\work\secondYearMaster\thesis\reference\appeal\algorithms\preference_evaluate\deepskin\data\toMax\rendered_face\f10i\f10il6k_04_face.jpg","D:\work\secondYearMaster\thesis\reference\appeal\algorithms\preference_evaluate\deepskin\data\toMax\rendered_2max\f10i\f10il6k_01.jpg",1148,1530
f10il6k,f10,f10i,l6k,"D:\work\secondYearMaster\thesis\reference\appeal\algorithms\preference_evaluate\deepskin\data\toMax\rendered_face\f10i\f10il6k_05_face.jpg","D:\work\secondYearMaster\thesis\reference\appeal\algorithms\preference_evaluate\deepskin\data\toMax\rendered_2max\f10i\f10il6k_01.jpg",1148,1530
f10il6k,f10,f10i,l6k,"D:\work\secondYearMaster\thesis\reference\appeal\algorithms\preference_evaluate\deepskin\data\toMax\rendered_face\f10i\f10il6k_06_face.jpg","D:\work\secondYearMaster\thesis\reference\appeal\algorithms\preference_evaluate\deepskin\data\toMax\rendered_2max\f10i\f10il6k_01.jpg",1148,1530
f10il6k,f10,f10i,l6k,"D:\work\secondYearMaster\thesis\reference\appeal\algorithms\preference_evaluate\deepskin\data\toMax\rendered_face\f10i\f10il6k_07_face.jpg","D:\work\secondYearMaster\thesis\reference\appeal\algorithms\preference_evaluate\deepskin\data\toMax\rendered_2max\f10i\f10il6k_01.jpg",1148,1530
f10il6k,f10,f10i,l6k,"D:\work\secondYearMaster\thesis\reference\appeal\algorithms\preference_evaluate\deepskin\data\toMax\rendered_face\f10i\f10il6k_08_face.jpg","D:\work\secondYearMaster\thesis\reference\appeal\algorithms\preference_evaluate\deepskin\data\toMax\rendered_2max\f10i\f10il6k_01.jpg",1148,1530
f10il6k,f10,f10i,l6k,"D:\work\secondYearMaster\thesis\reference\appeal\algorithms\preference_evaluate\deepskin\data\toMax\rendered_face\f10i\f10il6k_09_face.jpg","D:\work\secondYearMaster\thesis\reference\appeal\algorithms\preference_evaluate\deepskin\data\toMax\rendered_2max\f10i\f10il6k_01.jpg",1148,1530
f10il6k,f10,f10i,l6k,"D:\work\secondYearMaster\thesis\reference\appeal\algorithms\preference_evaluate\deepskin\data\toMax\rendered_face\f10i\f10il6k_10_face.jpg","D:\work\secondYearMaster\thesis\reference\appeal\algorithms\preference_evaluate\deepskin\data\toMax\rendered_2max\f10i\f10il6k_01.jpg",1148,1530
f10il6k,f10,f10i,l6k,"D:\work\secondYearMaster\thesis\reference\appeal\algorithms\preference_evaluate\deepskin\data\toMax\rendered_face\f10i\f10il6k_11_face.jpg","D:\work\secondYearMaster\thesis\reference\appeal\algorithms\preference_evaluate\deepskin\data\toMax\rendered_2max\f10i\f10il6k_01.jpg",1148,1530
f10il6k,f10,f10i,l6k,"D:\work\secondYearMaster\thesis\reference\appeal\algorithms\preference_evaluate\deepskin\data\toMax\rendered_face\f10i\f10il6k_12_face.jpg","D:\work\secondYearMaster\thesis\reference\appeal\algorithms\preference_evaluate\deepskin\data\toMax\rendered_2max\f10i\f10il6k_01.jpg",1148,1530
f10il6k,f10,f10i,l6k,"D:\work\secondYearMaster\thesis\reference\appeal\algorithms\preference_evaluate\deepskin\data\toMax\rendered_face\f10i\f10il6k_13_face.jpg","D:\work\secondYearMaster\thesis\reference\appeal\algorithms\preference_evaluate\deepskin\data\toMax\rendered_2max\f10i\f10il6k_01.jpg",1148,1530
f10il6k,f10,f10i,l6k,"D:\work\secondYearMaster\thesis\reference\appeal\algorithms\preference_evaluate\deepskin\data\toMax\rendered_face\f10i\f10il6k_14_face.jpg","D:\work\secondYearMaster\thesis\reference\appeal\algorithms\preference_evaluate\deepskin\data\toMax\rendered_2max\f10i\f10il6k_01.jpg",1148,1530
f10il6k,f10,f10i,l6k,"D:\work\secondYearMaster\thesis\reference\appeal\algorithms\preference_evaluate\deepskin\data\toMax\rendered_face\f10i\f10il6k_15_face.jpg","D:\work\secondYearMaster\thesis\reference\appeal\algorithms\preference_evaluate\deepskin\data\toMax\rendered_2max\f10i\f10il6k_01.jpg",1148,1530
f10il6k,f10,f10i,l6k,"D:\work\secondYearMaster\thesis\reference\appeal\algorithms\preference_evaluate\deepskin\data\toMax\rendered_face\f10i\f10il6k_16_face.jpg","D:\work\secondYearMaster\thesis\reference\appeal\algorithms\preference_evaluate\deepskin\data\toMax\rendered_2max\f10i\f10il6k_01.jpg",1148,1530
f10il6k,f10,f10i,l6k,"D:\work\secondYearMaster\thesis\reference\appeal\algorithms\preference_evaluate\deepskin\data\toMax\rendered_face\f10i\f10il6k_17_face.jpg","D:\work\secondYearMaster\thesis\reference\appeal\algorithms\preference_evaluate\deepskin\data\toMax\rendered_2max\f10i\f10il6k_01.jpg",1148,1530
f10il6k,f10,f10i,l6k,"D:\work\secondYearMaster\thesis\reference\appeal\algorithms\preference_evaluate\deepskin\data\toMax\rendered_face\f10i\f10il6k_18_face.jpg","D:\work\secondYearMaster\thesis\reference\appeal\algorithms\preference_evaluate\deepskin\data\toMax\rendered_2max\f10i\f10il6k_01.jpg",1148,1530
f10il6k,f10,f10i,l6k,"D:\work\secondYearMaster\thesis\reference\appeal\algorithms\preference_evaluate\deepskin\data\toMax\rendered_face\f10i\f10il6k_19_face.jpg","D:\work\secondYearMaster\thesis\reference\appeal\algorithms\preference_evaluate\deepskin\data\toMax\rendered_2max\f10i\f10il6k_01.jpg",1148,1530
f10il6k,f10,f10i,l6k,"D:\work\secondYearMaster\thesis\reference\appeal\algorithms\preference_evaluate\deepskin\data\toMax\rendered_face\f10i\f10il6k_20_face.jpg","D:\work\secondYearMaster\thesis\reference\appeal\algorithms\preference_evaluate\deepskin\data\toMax\rendered_2max\f10i\f10il6k_01.jpg",1148,1530
f10il6k,f10,f10i,l6k,"D:\work\secondYearMaster\thesis\reference\appeal\algorithms\preference_evaluate\deepskin\data\toMax\rendered_face\f10i\f10il6k_21_face.jpg","D:\work\secondYearMaster\thesis\reference\appeal\algorithms\preference_evaluate\deepskin\data\toMax\rendered_2max\f10i\f10il6k_01.jpg",1148,1530
f10il6k,f10,f10i,l6k,"D:\work\secondYearMaster\thesis\reference\appeal\algorithms\preference_evaluate\deepskin\data\toMax\rendered_face\f10i\f10il6k_22_face.jpg","D:\work\secondYearMaster\thesis\reference\appeal\algorithms\preference_evaluate\deepskin\data\toMax\rendered_2max\f10i\f10il6k_01.jpg",1148,1530
f10il6k,f10,f10i,l6k,"D:\work\secondYearMaster\thesis\reference\appeal\algorithms\preference_evaluate\deepskin\data\toMax\rendered_face\f10i\f10il6k_23_face.jpg","D:\work\secondYearMaster\thesis\reference\appeal\algorithms\preference_evaluate\deepskin\data\toMax\rendered_2max\f10i\f10il6k_01.jpg",1148,1530
f10il6k,f10,f10i,l6k,"D:\work\secondYearMaster\thesis\reference\appeal\algorithms\preference_evaluate\deepskin\data\toMax\rendered_face\f10i\f10il6k_24_face.jpg","D:\work\secondYearMaster\thesis\reference\appeal\algorithms\preference_evaluate\deepskin\data\toMax\rendered_2max\f10i\f10il6k_01.jpg",1148,1530
f10il6k,f10,f10i,l6k,"D:\work\secondYearMaster\thesis\reference\appeal\algorithms\preference_evaluate\deepskin\data\toMax\rendered_face\f10i\f10il6k_25_face.jpg","D:\work\secondYearMaster\thesis\reference\appeal\algorithms\preference_evaluate\deepskin\data\toMax\rendered_2max\f10i\f10il6k_01.jpg",1148,1530
f10il6k,f10,f10i,l6k,"D:\work\secondYearMaster\thesis\reference\appeal\algorithms\preference_evaluate\deepskin\data\toMax\rendered_face\f10i\f10il6k_26_face.jpg","D:\work\secondYearMaster\thesis\reference\appeal\algorithms\preference_evaluate\deepskin\data\toMax\rendered_2max\f10i\f10il6k_01.jpg",1148,1530
f10il6k,f10,f10i,l6k,"D:\work\secondYearMaster\thesis\reference\appeal\algorithms\preference_evaluate\deepskin\data\toMax\rendered_face\f10i\f10il6k_27_face.jpg","D:\work\secondYearMaster\thesis\reference\appeal\algorithms\preference_evaluate\deepskin\data\toMax\rendered_2max\f10i\f10il6k_01.jpg",1148,1530
f10il6k,f10,f10i,l6k,"D:\work\secondYearMaster\thesis\reference\appeal\algorithms\preference_evaluate\deepskin\data\toMax\rendered_face\f10i\f10il6k_28_face.jpg","D:\work\secondYearMaster\thesis\reference\appeal\algorithms\preference_evaluate\deepskin\data\toMax\rendered_2max\f10i\f10il6k_01.jpg",1148,1530
f10il6k,f10,f10i,l6k,"D:\work\secondYearMaster\thesis\reference\appeal\algorithms\preference_evaluate\deepskin\data\toMax\rendered_face\f10i\f10il6k_29_face.jpg","D:\work\secondYearMaster\thesis\reference\appeal\algorithms\preference_evaluate\deepskin\data\toMax\rendered_2max\f10i\f10il6k_01.jpg",1148,1530
f10il6k,f10,f10i,l6k,"D:\work\secondYearMaster\thesis\reference\appeal\algorithms\preference_evaluate\deepskin\data\toMax\rendered_face\f10i\f10il6k_30_face.jpg","D:\work\secondYearMaster\thesis\reference\appeal\algorithms\preference_evaluate\deepskin\data\toMax\rendered_2max\f10i\f10il6k_01.jpg",1148,1530
f10il6k,f10,f10i,l6k,"D:\work\secondYearMaster\thesis\reference\appeal\algorithms\preference_evaluate\deepskin\data\toMax\rendered_face\f10i\f10il6k_31_face.jpg","D:\work\secondYearMaster\thesis\reference\appeal\algorithms\preference_evaluate\deepskin\data\toMax\rendered_2max\f10i\f10il6k_01.jpg",1148,1530
f10il6k,f10,f10i,l6k,"D:\work\secondYearMaster\thesis\reference\appeal\algorithms\preference_evaluate\deepskin\data\toMax\rendered_face\f10i\f10il6k_32_face.jpg","D:\work\secondYearMaster\thesis\reference\appeal\algorithms\preference_evaluate\deepskin\data\toMax\rendered_2max\f10i\f10il6k_01.jpg",1148,1530
f10il6k,f10,f10i,l6k,"D:\work\secondYearMaster\thesis\reference\appeal\algorithms\preference_evaluate\deepskin\data\toMax\rendered_face\f10i\f10il6k_33_face.jpg","D:\work\secondYearMaster\thesis\reference\appeal\algorithms\preference_evaluate\deepskin\data\toMax\rendered_2max\f10i\f10il6k_01.jpg",1148,1530
f10il7k,f10,f10i,l7k,"D:\work\secondYearMaster\thesis\reference\appeal\algorithms\preference_evaluate\deepskin\data\toMax\rendered_face\f10i\f10il7k_01_face.jpg","D:\work\secondYearMaster\thesis\reference\appeal\algorithms\preference_evaluate\deepskin\data\toMax\rendered_2max\f10i\f10il7k_01.jpg",1148,1530
f10il7k,f10,f10i,l7k,"D:\work\secondYearMaster\thesis\reference\appeal\algorithms\preference_evaluate\deepskin\data\toMax\rendered_face\f10i\f10il7k_02_face.jpg","D:\work\secondYearMaster\thesis\reference\appeal\algorithms\preference_evaluate\deepskin\data\toMax\rendered_2max\f10i\f10il7k_01.jpg",1148,1530
f10il7k,f10,f10i,l7k,"D:\work\secondYearMaster\thesis\reference\appeal\algorithms\preference_evaluate\deepskin\data\toMax\rendered_face\f10i\f10il7k_03_face.jpg","D:\work\secondYearMaster\thesis\reference\appeal\algorithms\preference_evaluate\deepskin\data\toMax\rendered_2max\f10i\f10il7k_01.jpg",1148,1530
f10il7k,f10,f10i,l7k,"D:\work\secondYearMaster\thesis\reference\appeal\algorithms\preference_evaluate\deepskin\data\toMax\rendered_face\f10i\f10il7k_04_face.jpg","D:\work\secondYearMaster\thesis\reference\appeal\algorithms\preference_evaluate\deepskin\data\toMax\rendered_2max\f10i\f10il7k_01.jpg",1148,1530
f10il7k,f10,f10i,l7k,"D:\work\secondYearMaster\thesis\reference\appeal\algorithms\preference_evaluate\deepskin\data\toMax\rendered_face\f10i\f10il7k_05_face.jpg","D:\work\secondYearMaster\thesis\reference\appeal\algorithms\preference_evaluate\deepskin\data\toMax\rendered_2max\f10i\f10il7k_01.jpg",1148,1530
f10il7k,f10,f10i,l7k,"D:\work\secondYearMaster\thesis\reference\appeal\algorithms\preference_evaluate\deepskin\data\toMax\rendered_face\f10i\f10il7k_06_face.jpg","D:\work\secondYearMaster\thesis\reference\appeal\algorithms\preference_evaluate\deepskin\data\toMax\rendered_2max\f10i\f10il7k_01.jpg",1148,1530
f10il7k,f10,f10i,l7k,"D:\work\secondYearMaster\thesis\reference\appeal\algorithms\preference_evaluate\deepskin\data\toMax\rendered_face\f10i\f10il7k_07_face.jpg","D:\work\secondYearMaster\thesis\reference\appeal\algorithms\preference_evaluate\deepskin\data\toMax\rendered_2max\f10i\f10il7k_01.jpg",1148,1530
f10il7k,f10,f10i,l7k,"D:\work\secondYearMaster\thesis\reference\appeal\algorithms\preference_evaluate\deepskin\data\toMax\rendered_face\f10i\f10il7k_08_face.jpg","D:\work\secondYearMaster\thesis\reference\appeal\algorithms\preference_evaluate\deepskin\data\toMax\rendered_2max\f10i\f10il7k_01.jpg",1148,1530
f10il7k,f10,f10i,l7k,"D:\work\secondYearMaster\thesis\reference\appeal\algorithms\preference_evaluate\deepskin\data\toMax\rendered_face\f10i\f10il7k_09_face.jpg","D:\work\secondYearMaster\thesis\reference\appeal\algorithms\preference_evaluate\deepskin\data\toMax\rendered_2max\f10i\f10il7k_01.jpg",1148,1530
f10il7k,f10,f10i,l7k,"D:\work\secondYearMaster\thesis\reference\appeal\algorithms\preference_evaluate\deepskin\data\toMax\rendered_face\f10i\f10il7k_10_face.jpg","D:\work\secondYearMaster\thesis\reference\appeal\algorithms\preference_evaluate\deepskin\data\toMax\rendered_2max\f10i\f10il7k_01.jpg",1148,1530
f10il7k,f10,f10i,l7k,"D:\work\secondYearMaster\thesis\reference\appeal\algorithms\preference_evaluate\deepskin\data\toMax\rendered_face\f10i\f10il7k_11_face.jpg","D:\work\secondYearMaster\thesis\reference\appeal\algorithms\preference_evaluate\deepskin\data\toMax\rendered_2max\f10i\f10il7k_01.jpg",1148,1530
f10il7k,f10,f10i,l7k,"D:\work\secondYearMaster\thesis\reference\appeal\algorithms\preference_evaluate\deepskin\data\toMax\rendered_face\f10i\f10il7k_12_face.jpg","D:\work\secondYearMaster\thesis\reference\appeal\algorithms\preference_evaluate\deepskin\data\toMax\rendered_2max\f10i\f10il7k_01.jpg",1148,1530
f10il7k,f10,f10i,l7k,"D:\work\secondYearMaster\thesis\reference\appeal\algorithms\preference_evaluate\deepskin\data\toMax\rendered_face\f10i\f10il7k_13_face.jpg","D:\work\secondYearMaster\thesis\reference\appeal\algorithms\preference_evaluate\deepskin\data\toMax\rendered_2max\f10i\f10il7k_01.jpg",1148,1530
f10il7k,f10,f10i,l7k,"D:\work\secondYearMaster\thesis\reference\appeal\algorithms\preference_evaluate\deepskin\data\toMax\rendered_face\f10i\f10il7k_14_face.jpg","D:\work\secondYearMaster\thesis\reference\appeal\algorithms\preference_evaluate\deepskin\data\toMax\rendered_2max\f10i\f10il7k_01.jpg",1148,1530
f10il7k,f10,f10i,l7k,"D:\work\secondYearMaster\thesis\reference\appeal\algorithms\preference_evaluate\deepskin\data\toMax\rendered_face\f10i\f10il7k_15_face.jpg","D:\work\secondYearMaster\thesis\reference\appeal\algorithms\preference_evaluate\deepskin\data\toMax\rendered_2max\f10i\f10il7k_01.jpg",1148,1530
f10il7k,f10,f10i,l7k,"D:\work\secondYearMaster\thesis\reference\appeal\algorithms\preference_evaluate\deepskin\data\toMax\rendered_face\f10i\f10il7k_16_face.jpg","D:\work\secondYearMaster\thesis\reference\appeal\algorithms\preference_evaluate\deepskin\data\toMax\rendered_2max\f10i\f10il7k_01.jpg",1148,1530
f10il7k,f10,f10i,l7k,"D:\work\secondYearMaster\thesis\reference\appeal\algorithms\preference_evaluate\deepskin\data\toMax\rendered_face\f10i\f10il7k_17_face.jpg","D:\work\secondYearMaster\thesis\reference\appeal\algorithms\preference_evaluate\deepskin\data\toMax\rendered_2max\f10i\f10il7k_01.jpg",1148,1530
f10il7k,f10,f10i,l7k,"D:\work\secondYearMaster\thesis\reference\appeal\algorithms\preference_evaluate\deepskin\data\toMax\rendered_face\f10i\f10il7k_18_face.jpg","D:\work\secondYearMaster\thesis\reference\appeal\algorithms\preference_evaluate\deepskin\data\toMax\rendered_2max\f10i\f10il7k_01.jpg",1148,1530
f10il7k,f10,f10i,l7k,"D:\work\secondYearMaster\thesis\reference\appeal\algorithms\preference_evaluate\deepskin\data\toMax\rendered_face\f10i\f10il7k_19_face.jpg","D:\work\secondYearMaster\thesis\reference\appeal\algorithms\preference_evaluate\deepskin\data\toMax\rendered_2max\f10i\f10il7k_01.jpg",1148,1530
f10il7k,f10,f10i,l7k,"D:\work\secondYearMaster\thesis\reference\appeal\algorithms\preference_evaluate\deepskin\data\toMax\rendered_face\f10i\f10il7k_20_face.jpg","D:\work\secondYearMaster\thesis\reference\appeal\algorithms\preference_evaluate\deepskin\data\toMax\rendered_2max\f10i\f10il7k_01.jpg",1148,1530
f10il7k,f10,f10i,l7k,"D:\work\secondYearMaster\thesis\reference\appeal\algorithms\preference_evaluate\deepskin\data\toMax\rendered_face\f10i\f10il7k_21_face.jpg","D:\work\secondYearMaster\thesis\reference\appeal\algorithms\preference_evaluate\deepskin\data\toMax\rendered_2max\f10i\f10il7k_01.jpg",1148,1530
f10il7k,f10,f10i,l7k,"D:\work\secondYearMaster\thesis\reference\appeal\algorithms\preference_evaluate\deepskin\data\toMax\rendered_face\f10i\f10il7k_22_face.jpg","D:\work\secondYearMaster\thesis\reference\appeal\algorithms\preference_evaluate\deepskin\data\toMax\rendered_2max\f10i\f10il7k_01.jpg",1148,1530
f10il7k,f10,f10i,l7k,"D:\work\secondYearMaster\thesis\reference\appeal\algorithms\preference_evaluate\deepskin\data\toMax\rendered_face\f10i\f10il7k_23_face.jpg","D:\work\secondYearMaster\thesis\reference\appeal\algorithms\preference_evaluate\deepskin\data\toMax\rendered_2max\f10i\f10il7k_01.jpg",1148,1530
f10il7k,f10,f10i,l7k,"D:\work\secondYearMaster\thesis\reference\appeal\algorithms\preference_evaluate\deepskin\data\toMax\rendered_face\f10i\f10il7k_24_face.jpg","D:\work\secondYearMaster\thesis\reference\appeal\algorithms\preference_evaluate\deepskin\data\toMax\rendered_2max\f10i\f10il7k_01.jpg",1148,1530
f10il7k,f10,f10i,l7k,"D:\work\secondYearMaster\thesis\reference\appeal\algorithms\preference_evaluate\deepskin\data\toMax\rendered_face\f10i\f10il7k_25_face.jpg","D:\work\secondYearMaster\thesis\reference\appeal\algorithms\preference_evaluate\deepskin\data\toMax\rendered_2max\f10i\f10il7k_01.jpg",1148,1530
f10il7k,f10,f10i,l7k,"D:\work\secondYearMaster\thesis\reference\appeal\algorithms\preference_evaluate\deepskin\data\toMax\rendered_face\f10i\f10il7k_26_face.jpg","D:\work\secondYearMaster\thesis\reference\appeal\algorithms\preference_evaluate\deepskin\data\toMax\rendered_2max\f10i\f10il7k_01.jpg",1148,1530
f10il7k,f10,f10i,l7k,"D:\work\secondYearMaster\thesis\reference\appeal\algorithms\preference_evaluate\deepskin\data\toMax\rendered_face\f10i\f10il7k_27_face.jpg","D:\work\secondYearMaster\thesis\reference\appeal\algorithms\preference_evaluate\deepskin\data\toMax\rendered_2max\f10i\f10il7k_01.jpg",1148,1530
f10il7k,f10,f10i,l7k,"D:\work\secondYearMaster\thesis\reference\appeal\algorithms\preference_evaluate\deepskin\data\toMax\rendered_face\f10i\f10il7k_28_face.jpg","D:\work\secondYearMaster\thesis\reference\appeal\algorithms\preference_evaluate\deepskin\data\toMax\rendered_2max\f10i\f10il7k_01.jpg",1148,1530
f10il7k,f10,f10i,l7k,"D:\work\secondYearMaster\thesis\reference\appeal\algorithms\preference_evaluate\deepskin\data\toMax\rendered_face\f10i\f10il7k_29_face.jpg","D:\work\secondYearMaster\thesis\reference\appeal\algorithms\preference_evaluate\deepskin\data\toMax\rendered_2max\f10i\f10il7k_01.jpg",1148,1530
f10il7k,f10,f10i,l7k,"D:\work\secondYearMaster\thesis\reference\appeal\algorithms\preference_evaluate\deepskin\data\toMax\rendered_face\f10i\f10il7k_30_face.jpg","D:\work\secondYearMaster\thesis\reference\appeal\algorithms\preference_evaluate\deepskin\data\toMax\rendered_2max\f10i\f10il7k_01.jpg",1148,1530
f10il7k,f10,f10i,l7k,"D:\work\secondYearMaster\thesis\reference\appeal\algorithms\preference_evaluate\deepskin\data\toMax\rendered_face\f10i\f10il7k_31_face.jpg","D:\work\secondYearMaster\thesis\reference\appeal\algorithms\preference_evaluate\deepskin\data\toMax\rendered_2max\f10i\f10il7k_01.jpg",1148,1530
f10il7k,f10,f10i,l7k,"D:\work\secondYearMaster\thesis\reference\appeal\algorithms\preference_evaluate\deepskin\data\toMax\rendered_face\f10i\f10il7k_32_face.jpg","D:\work\secondYearMaster\thesis\reference\appeal\algorithms\preference_evaluate\deepskin\data\toMax\rendered_2max\f10i\f10il7k_01.jpg",1148,1530
f10il7k,f10,f10i,l7k,"D:\work\secondYearMaster\thesis\reference\appeal\algorithms\preference_evaluate\deepskin\data\toMax\rendered_face\f10i\f10il7k_33_face.jpg","D:\work\secondYearMaster\thesis\reference\appeal\algorithms\preference_evaluate\deepskin\data\toMax\rendered_2max\f10i\f10il7k_01.jpg",1148,1530
f10il8k,f10,f10i,l8k,"D:\work\secondYearMaster\thesis\reference\appeal\algorithms\preference_evaluate\deepskin\data\toMax\rendered_face\f10i\f10il8k_01_face.jpg","D:\work\secondYearMaster\thesis\reference\appeal\algorithms\preference_evaluate\deepskin\data\toMax\rendered_2max\f10i\f10il8k_01.jpg",1148,1530
f10il8k,f10,f10i,l8k,"D:\work\secondYearMaster\thesis\reference\appeal\algorithms\preference_evaluate\deepskin\data\toMax\rendered_face\f10i\f10il8k_02_face.jpg","D:\work\secondYearMaster\thesis\reference\appeal\algorithms\preference_evaluate\deepskin\data\toMax\rendered_2max\f10i\f10il8k_01.jpg",1148,1530
f10il8k,f10,f10i,l8k,"D:\work\secondYearMaster\thesis\reference\appeal\algorithms\preference_evaluate\deepskin\data\toMax\rendered_face\f10i\f10il8k_03_face.jpg","D:\work\secondYearMaster\thesis\reference\appeal\algorithms\preference_evaluate\deepskin\data\toMax\rendered_2max\f10i\f10il8k_01.jpg",1148,1530
f10il8k,f10,f10i,l8k,"D:\work\secondYearMaster\thesis\reference\appeal\algorithms\preference_evaluate\deepskin\data\toMax\rendered_face\f10i\f10il8k_04_face.jpg","D:\work\secondYearMaster\thesis\reference\appeal\algorithms\preference_evaluate\deepskin\data\toMax\rendered_2max\f10i\f10il8k_01.jpg",1148,1530
f10il8k,f10,f10i,l8k,"D:\work\secondYearMaster\thesis\reference\appeal\algorithms\preference_evaluate\deepskin\data\toMax\rendered_face\f10i\f10il8k_05_face.jpg","D:\work\secondYearMaster\thesis\reference\appeal\algorithms\preference_evaluate\deepskin\data\toMax\rendered_2max\f10i\f10il8k_01.jpg",1148,1530
f10il8k,f10,f10i,l8k,"D:\work\secondYearMaster\thesis\reference\appeal\algorithms\preference_evaluate\deepskin\data\toMax\rendered_face\f10i\f10il8k_06_face.jpg","D:\work\secondYearMaster\thesis\reference\appeal\algorithms\preference_evaluate\deepskin\data\toMax\rendered_2max\f10i\f10il8k_01.jpg",1148,1530
f10il8k,f10,f10i,l8k,"D:\work\secondYearMaster\thesis\reference\appeal\algorithms\preference_evaluate\deepskin\data\toMax\rendered_face\f10i\f10il8k_07_face.jpg","D:\work\secondYearMaster\thesis\reference\appeal\algorithms\preference_evaluate\deepskin\data\toMax\rendered_2max\f10i\f10il8k_01.jpg",1148,1530
f10il8k,f10,f10i,l8k,"D:\work\secondYearMaster\thesis\reference\appeal\algorithms\preference_evaluate\deepskin\data\toMax\rendered_face\f10i\f10il8k_08_face.jpg","D:\work\secondYearMaster\thesis\reference\appeal\algorithms\preference_evaluate\deepskin\data\toMax\rendered_2max\f10i\f10il8k_01.jpg",1148,1530
f10il8k,f10,f10i,l8k,"D:\work\secondYearMaster\thesis\reference\appeal\algorithms\preference_evaluate\deepskin\data\toMax\rendered_face\f10i\f10il8k_09_face.jpg","D:\work\secondYearMaster\thesis\reference\appeal\algorithms\preference_evaluate\deepskin\data\toMax\rendered_2max\f10i\f10il8k_01.jpg",1148,1530
f10il8k,f10,f10i,l8k,"D:\work\secondYearMaster\thesis\reference\appeal\algorithms\preference_evaluate\deepskin\data\toMax\rendered_face\f10i\f10il8k_10_face.jpg","D:\work\secondYearMaster\thesis\reference\appeal\algorithms\preference_evaluate\deepskin\data\toMax\rendered_2max\f10i\f10il8k_01.jpg",1148,1530
f10il8k,f10,f10i,l8k,"D:\work\secondYearMaster\thesis\reference\appeal\algorithms\preference_evaluate\deepskin\data\toMax\rendered_face\f10i\f10il8k_11_face.jpg","D:\work\secondYearMaster\thesis\reference\appeal\algorithms\preference_evaluate\deepskin\data\toMax\rendered_2max\f10i\f10il8k_01.jpg",1148,1530
f10il8k,f10,f10i,l8k,"D:\work\secondYearMaster\thesis\reference\appeal\algorithms\preference_evaluate\deepskin\data\toMax\rendered_face\f10i\f10il8k_12_face.jpg","D:\work\secondYearMaster\thesis\reference\appeal\algorithms\preference_evaluate\deepskin\data\toMax\rendered_2max\f10i\f10il8k_01.jpg",1148,1530
f10il8k,f10,f10i,l8k,"D:\work\secondYearMaster\thesis\reference\appeal\algorithms\preference_evaluate\deepskin\data\toMax\rendered_face\f10i\f10il8k_13_face.jpg","D:\work\secondYearMaster\thesis\reference\appeal\algorithms\preference_evaluate\deepskin\data\toMax\rendered_2max\f10i\f10il8k_01.jpg",1148,1530
f10il8k,f10,f10i,l8k,"D:\work\secondYearMaster\thesis\reference\appeal\algorithms\preference_evaluate\deepskin\data\toMax\rendered_face\f10i\f10il8k_14_face.jpg","D:\work\secondYearMaster\thesis\reference\appeal\algorithms\preference_evaluate\deepskin\data\toMax\rendered_2max\f10i\f10il8k_01.jpg",1148,1530
f10il8k,f10,f10i,l8k,"D:\work\secondYearMaster\thesis\reference\appeal\algorithms\preference_evaluate\deepskin\data\toMax\rendered_face\f10i\f10il8k_15_face.jpg","D:\work\secondYearMaster\thesis\reference\appeal\algorithms\preference_evaluate\deepskin\data\toMax\rendered_2max\f10i\f10il8k_01.jpg",1148,1530
f10il8k,f10,f10i,l8k,"D:\work\secondYearMaster\thesis\reference\appeal\algorithms\preference_evaluate\deepskin\data\toMax\rendered_face\f10i\f10il8k_16_face.jpg","D:\work\secondYearMaster\thesis\reference\appeal\algorithms\preference_evaluate\deepskin\data\toMax\rendered_2max\f10i\f10il8k_01.jpg",1148,1530
f10il8k,f10,f10i,l8k,"D:\work\secondYearMaster\thesis\reference\appeal\algorithms\preference_evaluate\deepskin\data\toMax\rendered_face\f10i\f10il8k_17_face.jpg","D:\work\secondYearMaster\thesis\reference\appeal\algorithms\preference_evaluate\deepskin\data\toMax\rendered_2max\f10i\f10il8k_01.jpg",1148,1530
f10il8k,f10,f10i,l8k,"D:\work\secondYearMaster\thesis\reference\appeal\algorithms\preference_evaluate\deepskin\data\toMax\rendered_face\f10i\f10il8k_18_face.jpg","D:\work\secondYearMaster\thesis\reference\appeal\algorithms\preference_evaluate\deepskin\data\toMax\rendered_2max\f10i\f10il8k_01.jpg",1148,1530
f10il8k,f10,f10i,l8k,"D:\work\secondYearMaster\thesis\reference\appeal\algorithms\preference_evaluate\deepskin\data\toMax\rendered_face\f10i\f10il8k_19_face.jpg","D:\work\secondYearMaster\thesis\reference\appeal\algorithms\preference_evaluate\deepskin\data\toMax\rendered_2max\f10i\f10il8k_01.jpg",1148,1530
f10il8k,f10,f10i,l8k,"D:\work\secondYearMaster\thesis\reference\appeal\algorithms\preference_evaluate\deepskin\data\toMax\rendered_face\f10i\f10il8k_20_face.jpg","D:\work\secondYearMaster\thesis\reference\appeal\algorithms\preference_evaluate\deepskin\data\toMax\rendered_2max\f10i\f10il8k_01.jpg",1148,1530
f10il8k,f10,f10i,l8k,"D:\work\secondYearMaster\thesis\reference\appeal\algorithms\preference_evaluate\deepskin\data\toMax\rendered_face\f10i\f10il8k_21_face.jpg","D:\work\secondYearMaster\thesis\reference\appeal\algorithms\preference_evaluate\deepskin\data\toMax\rendered_2max\f10i\f10il8k_01.jpg",1148,1530
f10il8k,f10,f10i,l8k,"D:\work\secondYearMaster\thesis\reference\appeal\algorithms\preference_evaluate\deepskin\data\toMax\rendered_face\f10i\f10il8k_22_face.jpg","D:\work\secondYearMaster\thesis\reference\appeal\algorithms\preference_evaluate\deepskin\data\toMax\rendered_2max\f10i\f10il8k_01.jpg",1148,1530
f10il8k,f10,f10i,l8k,"D:\work\secondYearMaster\thesis\reference\appeal\algorithms\preference_evaluate\deepskin\data\toMax\rendered_face\f10i\f10il8k_23_face.jpg","D:\work\secondYearMaster\thesis\reference\appeal\algorithms\preference_evaluate\deepskin\data\toMax\rendered_2max\f10i\f10il8k_01.jpg",1148,1530
f10il8k,f10,f10i,l8k,"D:\work\secondYearMaster\thesis\reference\appeal\algorithms\preference_evaluate\deepskin\data\toMax\rendered_face\f10i\f10il8k_24_face.jpg","D:\work\secondYearMaster\thesis\reference\appeal\algorithms\preference_evaluate\deepskin\data\toMax\rendered_2max\f10i\f10il8k_01.jpg",1148,1530
f10il8k,f10,f10i,l8k,"D:\work\secondYearMaster\thesis\reference\appeal\algorithms\preference_evaluate\deepskin\data\toMax\rendered_face\f10i\f10il8k_25_face.jpg","D:\work\secondYearMaster\thesis\reference\appeal\algorithms\preference_evaluate\deepskin\data\toMax\rendered_2max\f10i\f10il8k_01.jpg",1148,1530
f10il8k,f10,f10i,l8k,"D:\work\secondYearMaster\thesis\reference\appeal\algorithms\preference_evaluate\deepskin\data\toMax\rendered_face\f10i\f10il8k_26_face.jpg","D:\work\secondYearMaster\thesis\reference\appeal\algorithms\preference_evaluate\deepskin\data\toMax\rendered_2max\f10i\f10il8k_01.jpg",1148,1530
f10il8k,f10,f10i,l8k,"D:\work\secondYearMaster\thesis\reference\appeal\algorithms\preference_evaluate\deepskin\data\toMax\rendered_face\f10i\f10il8k_27_face.jpg","D:\work\secondYearMaster\thesis\reference\appeal\algorithms\preference_evaluate\deepskin\data\toMax\rendered_2max\f10i\f10il8k_01.jpg",1148,1530
f10il8k,f10,f10i,l8k,"D:\work\secondYearMaster\thesis\reference\appeal\algorithms\preference_evaluate\deepskin\data\toMax\rendered_face\f10i\f10il8k_28_face.jpg","D:\work\secondYearMaster\thesis\reference\appeal\algorithms\preference_evaluate\deepskin\data\toMax\rendered_2max\f10i\f10il8k_01.jpg",1148,1530
f10il8k,f10,f10i,l8k,"D:\work\secondYearMaster\thesis\reference\appeal\algorithms\preference_evaluate\deepskin\data\toMax\rendered_face\f10i\f10il8k_29_face.jpg","D:\work\secondYearMaster\thesis\reference\appeal\algorithms\preference_evaluate\deepskin\data\toMax\rendered_2max\f10i\f10il8k_01.jpg",1148,1530
f10il8k,f10,f10i,l8k,"D:\work\secondYearMaster\thesis\reference\appeal\algorithms\preference_evaluate\deepskin\data\toMax\rendered_face\f10i\f10il8k_30_face.jpg","D:\work\secondYearMaster\thesis\reference\appeal\algorithms\preference_evaluate\deepskin\data\toMax\rendered_2max\f10i\f10il8k_01.jpg",1148,1530
f10il8k,f10,f10i,l8k,"D:\work\secondYearMaster\thesis\reference\appeal\algorithms\preference_evaluate\deepskin\data\toMax\rendered_face\f10i\f10il8k_31_face.jpg","D:\work\secondYearMaster\thesis\reference\appeal\algorithms\preference_evaluate\deepskin\data\toMax\rendered_2max\f10i\f10il8k_01.jpg",1148,1530
f10il8k,f10,f10i,l8k,"D:\work\secondYearMaster\thesis\reference\appeal\algorithms\preference_evaluate\deepskin\data\toMax\rendered_face\f10i\f10il8k_32_face.jpg","D:\work\secondYearMaster\thesis\reference\appeal\algorithms\preference_evaluate\deepskin\data\toMax\rendered_2max\f10i\f10il8k_01.jpg",1148,1530
f10il8k,f10,f10i,l8k,"D:\work\secondYearMaster\thesis\reference\appeal\algorithms\preference_evaluate\deepskin\data\toMax\rendered_face\f10i\f10il8k_33_face.jpg","D:\work\secondYearMaster\thesis\reference\appeal\algorithms\preference_evaluate\deepskin\data\toMax\rendered_2max\f10i\f10il8k_01.jpg",1148,1530
f10ild65,f10,f10i,ld65,"D:\work\secondYearMaster\thesis\reference\appeal\algorithms\preference_evaluate\deepskin\data\toMax\rendered_face\f10i\f10ild65_01_face.jpg","D:\work\secondYearMaster\thesis\reference\appeal\algorithms\preference_evaluate\deepskin\data\toMax\rendered_2max\f10i\f10ild65_01.jpg",1148,1530
f10ild65,f10,f10i,ld65,"D:\work\secondYearMaster\thesis\reference\appeal\algorithms\preference_evaluate\deepskin\data\toMax\rendered_face\f10i\f10ild65_02_face.jpg","D:\work\secondYearMaster\thesis\reference\appeal\algorithms\preference_evaluate\deepskin\data\toMax\rendered_2max\f10i\f10ild65_01.jpg",1148,1530
f10ild65,f10,f10i,ld65,"D:\work\secondYearMaster\thesis\reference\appeal\algorithms\preference_evaluate\deepskin\data\toMax\rendered_face\f10i\f10ild65_03_face.jpg","D:\work\secondYearMaster\thesis\reference\appeal\algorithms\preference_evaluate\deepskin\data\toMax\rendered_2max\f10i\f10ild65_01.jpg",1148,1530
f10ild65,f10,f10i,ld65,"D:\work\secondYearMaster\thesis\reference\appeal\algorithms\preference_evaluate\deepskin\data\toMax\rendered_face\f10i\f10ild65_04_face.jpg","D:\work\secondYearMaster\thesis\reference\appeal\algorithms\preference_evaluate\deepskin\data\toMax\rendered_2max\f10i\f10ild65_01.jpg",1148,1530
f10ild65,f10,f10i,ld65,"D:\work\secondYearMaster\thesis\reference\appeal\algorithms\preference_evaluate\deepskin\data\toMax\rendered_face\f10i\f10ild65_05_face.jpg","D:\work\secondYearMaster\thesis\reference\appeal\algorithms\preference_evaluate\deepskin\data\toMax\rendered_2max\f10i\f10ild65_01.jpg",1148,1530
f10ild65,f10,f10i,ld65,"D:\work\secondYearMaster\thesis\reference\appeal\algorithms\preference_evaluate\deepskin\data\toMax\rendered_face\f10i\f10ild65_06_face.jpg","D:\work\secondYearMaster\thesis\reference\appeal\algorithms\preference_evaluate\deepskin\data\toMax\rendered_2max\f10i\f10ild65_01.jpg",1148,1530
f10ild65,f10,f10i,ld65,"D:\work\secondYearMaster\thesis\reference\appeal\algorithms\preference_evaluate\deepskin\data\toMax\rendered_face\f10i\f10ild65_07_face.jpg","D:\work\secondYearMaster\thesis\reference\appeal\algorithms\preference_evaluate\deepskin\data\toMax\rendered_2max\f10i\f10ild65_01.jpg",1148,1530
f10ild65,f10,f10i,ld65,"D:\work\secondYearMaster\thesis\reference\appeal\algorithms\preference_evaluate\deepskin\data\toMax\rendered_face\f10i\f10ild65_08_face.jpg","D:\work\secondYearMaster\thesis\reference\appeal\algorithms\preference_evaluate\deepskin\data\toMax\rendered_2max\f10i\f10ild65_01.jpg",1148,1530
f10ild65,f10,f10i,ld65,"D:\work\secondYearMaster\thesis\reference\appeal\algorithms\preference_evaluate\deepskin\data\toMax\rendered_face\f10i\f10ild65_09_face.jpg","D:\work\secondYearMaster\thesis\reference\appeal\algorithms\preference_evaluate\deepskin\data\toMax\rendered_2max\f10i\f10ild65_01.jpg",1148,1530
f10ild65,f10,f10i,ld65,"D:\work\secondYearMaster\thesis\reference\appeal\algorithms\preference_evaluate\deepskin\data\toMax\rendered_face\f10i\f10ild65_10_face.jpg","D:\work\secondYearMaster\thesis\reference\appeal\algorithms\preference_evaluate\deepskin\data\toMax\rendered_2max\f10i\f10ild65_01.jpg",1148,1530
f10ild65,f10,f10i,ld65,"D:\work\secondYearMaster\thesis\reference\appeal\algorithms\preference_evaluate\deepskin\data\toMax\rendered_face\f10i\f10ild65_11_face.jpg","D:\work\secondYearMaster\thesis\reference\appeal\algorithms\preference_evaluate\deepskin\data\toMax\rendered_2max\f10i\f10ild65_01.jpg",1148,1530
f10ild65,f10,f10i,ld65,"D:\work\secondYearMaster\thesis\reference\appeal\algorithms\preference_evaluate\deepskin\data\toMax\rendered_face\f10i\f10ild65_12_face.jpg","D:\work\secondYearMaster\thesis\reference\appeal\algorithms\preference_evaluate\deepskin\data\toMax\rendered_2max\f10i\f10ild65_01.jpg",1148,1530
f10ild65,f10,f10i,ld65,"D:\work\secondYearMaster\thesis\reference\appeal\algorithms\preference_evaluate\deepskin\data\toMax\rendered_face\f10i\f10ild65_13_face.jpg","D:\work\secondYearMaster\thesis\reference\appeal\algorithms\preference_evaluate\deepskin\data\toMax\rendered_2max\f10i\f10ild65_01.jpg",1148,1530
f10ild65,f10,f10i,ld65,"D:\work\secondYearMaster\thesis\reference\appeal\algorithms\preference_evaluate\deepskin\data\toMax\rendered_face\f10i\f10ild65_14_face.jpg","D:\work\secondYearMaster\thesis\reference\appeal\algorithms\preference_evaluate\deepskin\data\toMax\rendered_2max\f10i\f10ild65_01.jpg",1148,1530
f10ild65,f10,f10i,ld65,"D:\work\secondYearMaster\thesis\reference\appeal\algorithms\preference_evaluate\deepskin\data\toMax\rendered_face\f10i\f10ild65_15_face.jpg","D:\work\secondYearMaster\thesis\reference\appeal\algorithms\preference_evaluate\deepskin\data\toMax\rendered_2max\f10i\f10ild65_01.jpg",1148,1530
f10ild65,f10,f10i,ld65,"D:\work\secondYearMaster\thesis\reference\appeal\algorithms\preference_evaluate\deepskin\data\toMax\rendered_face\f10i\f10ild65_16_face.jpg","D:\work\secondYearMaster\thesis\reference\appeal\algorithms\preference_evaluate\deepskin\data\toMax\rendered_2max\f10i\f10ild65_01.jpg",1148,1530
f10ild65,f10,f10i,ld65,"D:\work\secondYearMaster\thesis\reference\appeal\algorithms\preference_evaluate\deepskin\data\toMax\rendered_face\f10i\f10ild65_17_face.jpg","D:\work\secondYearMaster\thesis\reference\appeal\algorithms\preference_evaluate\deepskin\data\toMax\rendered_2max\f10i\f10ild65_01.jpg",1148,1530
f10ild65,f10,f10i,ld65,"D:\work\secondYearMaster\thesis\reference\appeal\algorithms\preference_evaluate\deepskin\data\toMax\rendered_face\f10i\f10ild65_18_face.jpg","D:\work\secondYearMaster\thesis\reference\appeal\algorithms\preference_evaluate\deepskin\data\toMax\rendered_2max\f10i\f10ild65_01.jpg",1148,1530
f10ild65,f10,f10i,ld65,"D:\work\secondYearMaster\thesis\reference\appeal\algorithms\preference_evaluate\deepskin\data\toMax\rendered_face\f10i\f10ild65_19_face.jpg","D:\work\secondYearMaster\thesis\reference\appeal\algorithms\preference_evaluate\deepskin\data\toMax\rendered_2max\f10i\f10ild65_01.jpg",1148,1530
f10ild65,f10,f10i,ld65,"D:\work\secondYearMaster\thesis\reference\appeal\algorithms\preference_evaluate\deepskin\data\toMax\rendered_face\f10i\f10ild65_20_face.jpg","D:\work\secondYearMaster\thesis\reference\appeal\algorithms\preference_evaluate\deepskin\data\toMax\rendered_2max\f10i\f10ild65_01.jpg",1148,1530
f10ild65,f10,f10i,ld65,"D:\work\secondYearMaster\thesis\reference\appeal\algorithms\preference_evaluate\deepskin\data\toMax\rendered_face\f10i\f10ild65_21_face.jpg","D:\work\secondYearMaster\thesis\reference\appeal\algorithms\preference_evaluate\deepskin\data\toMax\rendered_2max\f10i\f10ild65_01.jpg",1148,1530
f10ild65,f10,f10i,ld65,"D:\work\secondYearMaster\thesis\reference\appeal\algorithms\preference_evaluate\deepskin\data\toMax\rendered_face\f10i\f10ild65_22_face.jpg","D:\work\secondYearMaster\thesis\reference\appeal\algorithms\preference_evaluate\deepskin\data\toMax\rendered_2max\f10i\f10ild65_01.jpg",1148,1530
f10ild65,f10,f10i,ld65,"D:\work\secondYearMaster\thesis\reference\appeal\algorithms\preference_evaluate\deepskin\data\toMax\rendered_face\f10i\f10ild65_23_face.jpg","D:\work\secondYearMaster\thesis\reference\appeal\algorithms\preference_evaluate\deepskin\data\toMax\rendered_2max\f10i\f10ild65_01.jpg",1148,1530
f10ild65,f10,f10i,ld65,"D:\work\secondYearMaster\thesis\reference\appeal\algorithms\preference_evaluate\deepskin\data\toMax\rendered_face\f10i\f10ild65_24_face.jpg","D:\work\secondYearMaster\thesis\reference\appeal\algorithms\preference_evaluate\deepskin\data\toMax\rendered_2max\f10i\f10ild65_01.jpg",1148,1530
f10ild65,f10,f10i,ld65,"D:\work\secondYearMaster\thesis\reference\appeal\algorithms\preference_evaluate\deepskin\data\toMax\rendered_face\f10i\f10ild65_25_face.jpg","D:\work\secondYearMaster\thesis\reference\appeal\algorithms\preference_evaluate\deepskin\data\toMax\rendered_2max\f10i\f10ild65_01.jpg",1148,1530
f10ild65,f10,f10i,ld65,"D:\work\secondYearMaster\thesis\reference\appeal\algorithms\preference_evaluate\deepskin\data\toMax\rendered_face\f10i\f10ild65_26_face.jpg","D:\work\secondYearMaster\thesis\reference\appeal\algorithms\preference_evaluate\deepskin\data\toMax\rendered_2max\f10i\f10ild65_01.jpg",1148,1530
f10ild65,f10,f10i,ld65,"D:\work\secondYearMaster\thesis\reference\appeal\algorithms\preference_evaluate\deepskin\data\toMax\rendered_face\f10i\f10ild65_27_face.jpg","D:\work\secondYearMaster\thesis\reference\appeal\algorithms\preference_evaluate\deepskin\data\toMax\rendered_2max\f10i\f10ild65_01.jpg",1148,1530
f10ild65,f10,f10i,ld65,"D:\work\secondYearMaster\thesis\reference\appeal\algorithms\preference_evaluate\deepskin\data\toMax\rendered_face\f10i\f10ild65_28_face.jpg","D:\work\secondYearMaster\thesis\reference\appeal\algorithms\preference_evaluate\deepskin\data\toMax\rendered_2max\f10i\f10ild65_01.jpg",1148,1530
f10ild65,f10,f10i,ld65,"D:\work\secondYearMaster\thesis\reference\appeal\algorithms\preference_evaluate\deepskin\data\toMax\rendered_face\f10i\f10ild65_29_face.jpg","D:\work\secondYearMaster\thesis\reference\appeal\algorithms\preference_evaluate\deepskin\data\toMax\rendered_2max\f10i\f10ild65_01.jpg",1148,1530
f10ild65,f10,f10i,ld65,"D:\work\secondYearMaster\thesis\reference\appeal\algorithms\preference_evaluate\deepskin\data\toMax\rendered_face\f10i\f10ild65_30_face.jpg","D:\work\secondYearMaster\thesis\reference\appeal\algorithms\preference_evaluate\deepskin\data\toMax\rendered_2max\f10i\f10ild65_01.jpg",1148,1530
f10ild65,f10,f10i,ld65,"D:\work\secondYearMaster\thesis\reference\appeal\algorithms\preference_evaluate\deepskin\data\toMax\rendered_face\f10i\f10ild65_31_face.jpg","D:\work\secondYearMaster\thesis\reference\appeal\algorithms\preference_evaluate\deepskin\data\toMax\rendered_2max\f10i\f10ild65_01.jpg",1148,1530
f10ild65,f10,f10i,ld65,"D:\work\secondYearMaster\thesis\reference\appeal\algorithms\preference_evaluate\deepskin\data\toMax\rendered_face\f10i\f10ild65_32_face.jpg","D:\work\secondYearMaster\thesis\reference\appeal\algorithms\preference_evaluate\deepskin\data\toMax\rendered_2max\f10i\f10ild65_01.jpg",1148,1530
f10ild65,f10,f10i,ld65,"D:\work\secondYearMaster\thesis\reference\appeal\algorithms\preference_evaluate\deepskin\data\toMax\rendered_face\f10i\f10ild65_33_face.jpg","D:\work\secondYearMaster\thesis\reference\appeal\algorithms\preference_evaluate\deepskin\data\toMax\rendered_2max\f10i\f10ild65_01.jpg",1148,1530
f10im3k,f10,f10i,m3k,"D:\work\secondYearMaster\thesis\reference\appeal\algorithms\preference_evaluate\deepskin\data\toMax\rendered_face\f10i\f10im3k_01_face.jpg","D:\work\secondYearMaster\thesis\reference\appeal\algorithms\preference_evaluate\deepskin\data\toMax\rendered_2max\f10i\f10im3k_01.jpg",1148,1530
f10im3k,f10,f10i,m3k,"D:\work\secondYearMaster\thesis\reference\appeal\algorithms\preference_evaluate\deepskin\data\toMax\rendered_face\f10i\f10im3k_02_face.jpg","D:\work\secondYearMaster\thesis\reference\appeal\algorithms\preference_evaluate\deepskin\data\toMax\rendered_2max\f10i\f10im3k_01.jpg",1148,1530
f10im3k,f10,f10i,m3k,"D:\work\secondYearMaster\thesis\reference\appeal\algorithms\preference_evaluate\deepskin\data\toMax\rendered_face\f10i\f10im3k_03_face.jpg","D:\work\secondYearMaster\thesis\reference\appeal\algorithms\preference_evaluate\deepskin\data\toMax\rendered_2max\f10i\f10im3k_01.jpg",1148,1530
f10im3k,f10,f10i,m3k,"D:\work\secondYearMaster\thesis\reference\appeal\algorithms\preference_evaluate\deepskin\data\toMax\rendered_face\f10i\f10im3k_04_face.jpg","D:\work\secondYearMaster\thesis\reference\appeal\algorithms\preference_evaluate\deepskin\data\toMax\rendered_2max\f10i\f10im3k_01.jpg",1148,1530
f10im3k,f10,f10i,m3k,"D:\work\secondYearMaster\thesis\reference\appeal\algorithms\preference_evaluate\deepskin\data\toMax\rendered_face\f10i\f10im3k_05_face.jpg","D:\work\secondYearMaster\thesis\reference\appeal\algorithms\preference_evaluate\deepskin\data\toMax\rendered_2max\f10i\f10im3k_01.jpg",1148,1530
f10im3k,f10,f10i,m3k,"D:\work\secondYearMaster\thesis\reference\appeal\algorithms\preference_evaluate\deepskin\data\toMax\rendered_face\f10i\f10im3k_06_face.jpg","D:\work\secondYearMaster\thesis\reference\appeal\algorithms\preference_evaluate\deepskin\data\toMax\rendered_2max\f10i\f10im3k_01.jpg",1148,1530
f10im3k,f10,f10i,m3k,"D:\work\secondYearMaster\thesis\reference\appeal\algorithms\preference_evaluate\deepskin\data\toMax\rendered_face\f10i\f10im3k_07_face.jpg","D:\work\secondYearMaster\thesis\reference\appeal\algorithms\preference_evaluate\deepskin\data\toMax\rendered_2max\f10i\f10im3k_01.jpg",1148,1530
f10im3k,f10,f10i,m3k,"D:\work\secondYearMaster\thesis\reference\appeal\algorithms\preference_evaluate\deepskin\data\toMax\rendered_face\f10i\f10im3k_08_face.jpg","D:\work\secondYearMaster\thesis\reference\appeal\algorithms\preference_evaluate\deepskin\data\toMax\rendered_2max\f10i\f10im3k_01.jpg",1148,1530
f10im3k,f10,f10i,m3k,"D:\work\secondYearMaster\thesis\reference\appeal\algorithms\preference_evaluate\deepskin\data\toMax\rendered_face\f10i\f10im3k_09_face.jpg","D:\work\secondYearMaster\thesis\reference\appeal\algorithms\preference_evaluate\deepskin\data\toMax\rendered_2max\f10i\f10im3k_01.jpg",1148,1530
f10im3k,f10,f10i,m3k,"D:\work\secondYearMaster\thesis\reference\appeal\algorithms\preference_evaluate\deepskin\data\toMax\rendered_face\f10i\f10im3k_10_face.jpg","D:\work\secondYearMaster\thesis\reference\appeal\algorithms\preference_evaluate\deepskin\data\toMax\rendered_2max\f10i\f10im3k_01.jpg",1148,1530
f10im3k,f10,f10i,m3k,"D:\work\secondYearMaster\thesis\reference\appeal\algorithms\preference_evaluate\deepskin\data\toMax\rendered_face\f10i\f10im3k_11_face.jpg","D:\work\secondYearMaster\thesis\reference\appeal\algorithms\preference_evaluate\deepskin\data\toMax\rendered_2max\f10i\f10im3k_01.jpg",1148,1530
f10im3k,f10,f10i,m3k,"D:\work\secondYearMaster\thesis\reference\appeal\algorithms\preference_evaluate\deepskin\data\toMax\rendered_face\f10i\f10im3k_12_face.jpg","D:\work\secondYearMaster\thesis\reference\appeal\algorithms\preference_evaluate\deepskin\data\toMax\rendered_2max\f10i\f10im3k_01.jpg",1148,1530
f10im3k,f10,f10i,m3k,"D:\work\secondYearMaster\thesis\reference\appeal\algorithms\preference_evaluate\deepskin\data\toMax\rendered_face\f10i\f10im3k_13_face.jpg","D:\work\secondYearMaster\thesis\reference\appeal\algorithms\preference_evaluate\deepskin\data\toMax\rendered_2max\f10i\f10im3k_01.jpg",1148,1530
f10im3k,f10,f10i,m3k,"D:\work\secondYearMaster\thesis\reference\appeal\algorithms\preference_evaluate\deepskin\data\toMax\rendered_face\f10i\f10im3k_14_face.jpg","D:\work\secondYearMaster\thesis\reference\appeal\algorithms\preference_evaluate\deepskin\data\toMax\rendered_2max\f10i\f10im3k_01.jpg",1148,1530
f10im3k,f10,f10i,m3k,"D:\work\secondYearMaster\thesis\reference\appeal\algorithms\preference_evaluate\deepskin\data\toMax\rendered_face\f10i\f10im3k_15_face.jpg","D:\work\secondYearMaster\thesis\reference\appeal\algorithms\preference_evaluate\deepskin\data\toMax\rendered_2max\f10i\f10im3k_01.jpg",1148,1530
f10im3k,f10,f10i,m3k,"D:\work\secondYearMaster\thesis\reference\appeal\algorithms\preference_evaluate\deepskin\data\toMax\rendered_face\f10i\f10im3k_16_face.jpg","D:\work\secondYearMaster\thesis\reference\appeal\algorithms\preference_evaluate\deepskin\data\toMax\rendered_2max\f10i\f10im3k_01.jpg",1148,1530
f10im3k,f10,f10i,m3k,"D:\work\secondYearMaster\thesis\reference\appeal\algorithms\preference_evaluate\deepskin\data\toMax\rendered_face\f10i\f10im3k_17_face.jpg","D:\work\secondYearMaster\thesis\reference\appeal\algorithms\preference_evaluate\deepskin\data\toMax\rendered_2max\f10i\f10im3k_01.jpg",1148,1530
f10im3k,f10,f10i,m3k,"D:\work\secondYearMaster\thesis\reference\appeal\algorithms\preference_evaluate\deepskin\data\toMax\rendered_face\f10i\f10im3k_18_face.jpg","D:\work\secondYearMaster\thesis\reference\appeal\algorithms\preference_evaluate\deepskin\data\toMax\rendered_2max\f10i\f10im3k_01.jpg",1148,1530
f10im3k,f10,f10i,m3k,"D:\work\secondYearMaster\thesis\reference\appeal\algorithms\preference_evaluate\deepskin\data\toMax\rendered_face\f10i\f10im3k_19_face.jpg","D:\work\secondYearMaster\thesis\reference\appeal\algorithms\preference_evaluate\deepskin\data\toMax\rendered_2max\f10i\f10im3k_01.jpg",1148,1530
f10im3k,f10,f10i,m3k,"D:\work\secondYearMaster\thesis\reference\appeal\algorithms\preference_evaluate\deepskin\data\toMax\rendered_face\f10i\f10im3k_20_face.jpg","D:\work\secondYearMaster\thesis\reference\appeal\algorithms\preference_evaluate\deepskin\data\toMax\rendered_2max\f10i\f10im3k_01.jpg",1148,1530
f10im3k,f10,f10i,m3k,"D:\work\secondYearMaster\thesis\reference\appeal\algorithms\preference_evaluate\deepskin\data\toMax\rendered_face\f10i\f10im3k_21_face.jpg","D:\work\secondYearMaster\thesis\reference\appeal\algorithms\preference_evaluate\deepskin\data\toMax\rendered_2max\f10i\f10im3k_01.jpg",1148,1530
f10im3k,f10,f10i,m3k,"D:\work\secondYearMaster\thesis\reference\appeal\algorithms\preference_evaluate\deepskin\data\toMax\rendered_face\f10i\f10im3k_22_face.jpg","D:\work\secondYearMaster\thesis\reference\appeal\algorithms\preference_evaluate\deepskin\data\toMax\rendered_2max\f10i\f10im3k_01.jpg",1148,1530
f10im3k,f10,f10i,m3k,"D:\work\secondYearMaster\thesis\reference\appeal\algorithms\preference_evaluate\deepskin\data\toMax\rendered_face\f10i\f10im3k_23_face.jpg","D:\work\secondYearMaster\thesis\reference\appeal\algorithms\preference_evaluate\deepskin\data\toMax\rendered_2max\f10i\f10im3k_01.jpg",1148,1530
f10im3k,f10,f10i,m3k,"D:\work\secondYearMaster\thesis\reference\appeal\algorithms\preference_evaluate\deepskin\data\toMax\rendered_face\f10i\f10im3k_24_face.jpg","D:\work\secondYearMaster\thesis\reference\appeal\algorithms\preference_evaluate\deepskin\data\toMax\rendered_2max\f10i\f10im3k_01.jpg",1148,1530
f10im3k,f10,f10i,m3k,"D:\work\secondYearMaster\thesis\reference\appeal\algorithms\preference_evaluate\deepskin\data\toMax\rendered_face\f10i\f10im3k_25_face.jpg","D:\work\secondYearMaster\thesis\reference\appeal\algorithms\preference_evaluate\deepskin\data\toMax\rendered_2max\f10i\f10im3k_01.jpg",1148,1530
f10im3k,f10,f10i,m3k,"D:\work\secondYearMaster\thesis\reference\appeal\algorithms\preference_evaluate\deepskin\data\toMax\rendered_face\f10i\f10im3k_26_face.jpg","D:\work\secondYearMaster\thesis\reference\appeal\algorithms\preference_evaluate\deepskin\data\toMax\rendered_2max\f10i\f10im3k_01.jpg",1148,1530
f10im3k,f10,f10i,m3k,"D:\work\secondYearMaster\thesis\reference\appeal\algorithms\preference_evaluate\deepskin\data\toMax\rendered_face\f10i\f10im3k_27_face.jpg","D:\work\secondYearMaster\thesis\reference\appeal\algorithms\preference_evaluate\deepskin\data\toMax\rendered_2max\f10i\f10im3k_01.jpg",1148,1530
f10im3k,f10,f10i,m3k,"D:\work\secondYearMaster\thesis\reference\appeal\algorithms\preference_evaluate\deepskin\data\toMax\rendered_face\f10i\f10im3k_28_face.jpg","D:\work\secondYearMaster\thesis\reference\appeal\algorithms\preference_evaluate\deepskin\data\toMax\rendered_2max\f10i\f10im3k_01.jpg",1148,1530
f10im3k,f10,f10i,m3k,"D:\work\secondYearMaster\thesis\reference\appeal\algorithms\preference_evaluate\deepskin\data\toMax\rendered_face\f10i\f10im3k_29_face.jpg","D:\work\secondYearMaster\thesis\reference\appeal\algorithms\preference_evaluate\deepskin\data\toMax\rendered_2max\f10i\f10im3k_01.jpg",1148,1530
f10im3k,f10,f10i,m3k,"D:\work\secondYearMaster\thesis\reference\appeal\algorithms\preference_evaluate\deepskin\data\toMax\rendered_face\f10i\f10im3k_30_face.jpg","D:\work\secondYearMaster\thesis\reference\appeal\algorithms\preference_evaluate\deepskin\data\toMax\rendered_2max\f10i\f10im3k_01.jpg",1148,1530
f10im3k,f10,f10i,m3k,"D:\work\secondYearMaster\thesis\reference\appeal\algorithms\preference_evaluate\deepskin\data\toMax\rendered_face\f10i\f10im3k_31_face.jpg","D:\work\secondYearMaster\thesis\reference\appeal\algorithms\preference_evaluate\deepskin\data\toMax\rendered_2max\f10i\f10im3k_01.jpg",1148,1530
f10im3k,f10,f10i,m3k,"D:\work\secondYearMaster\thesis\reference\appeal\algorithms\preference_evaluate\deepskin\data\toMax\rendered_face\f10i\f10im3k_32_face.jpg","D:\work\secondYearMaster\thesis\reference\appeal\algorithms\preference_evaluate\deepskin\data\toMax\rendered_2max\f10i\f10im3k_01.jpg",1148,1530
f10im3k,f10,f10i,m3k,"D:\work\secondYearMaster\thesis\reference\appeal\algorithms\preference_evaluate\deepskin\data\toMax\rendered_face\f10i\f10im3k_33_face.jpg","D:\work\secondYearMaster\thesis\reference\appeal\algorithms\preference_evaluate\deepskin\data\toMax\rendered_2max\f10i\f10im3k_01.jpg",1148,1530
f10im4k,f10,f10i,m4k,"D:\work\secondYearMaster\thesis\reference\appeal\algorithms\preference_evaluate\deepskin\data\toMax\rendered_face\f10i\f10im4k_01_face.jpg","D:\work\secondYearMaster\thesis\reference\appeal\algorithms\preference_evaluate\deepskin\data\toMax\rendered_2max\f10i\f10im4k_01.jpg",1148,1530
f10im4k,f10,f10i,m4k,"D:\work\secondYearMaster\thesis\reference\appeal\algorithms\preference_evaluate\deepskin\data\toMax\rendered_face\f10i\f10im4k_02_face.jpg","D:\work\secondYearMaster\thesis\reference\appeal\algorithms\preference_evaluate\deepskin\data\toMax\rendered_2max\f10i\f10im4k_01.jpg",1148,1530
f10im4k,f10,f10i,m4k,"D:\work\secondYearMaster\thesis\reference\appeal\algorithms\preference_evaluate\deepskin\data\toMax\rendered_face\f10i\f10im4k_03_face.jpg","D:\work\secondYearMaster\thesis\reference\appeal\algorithms\preference_evaluate\deepskin\data\toMax\rendered_2max\f10i\f10im4k_01.jpg",1148,1530
f10im4k,f10,f10i,m4k,"D:\work\secondYearMaster\thesis\reference\appeal\algorithms\preference_evaluate\deepskin\data\toMax\rendered_face\f10i\f10im4k_04_face.jpg","D:\work\secondYearMaster\thesis\reference\appeal\algorithms\preference_evaluate\deepskin\data\toMax\rendered_2max\f10i\f10im4k_01.jpg",1148,1530
f10im4k,f10,f10i,m4k,"D:\work\secondYearMaster\thesis\reference\appeal\algorithms\preference_evaluate\deepskin\data\toMax\rendered_face\f10i\f10im4k_05_face.jpg","D:\work\secondYearMaster\thesis\reference\appeal\algorithms\preference_evaluate\deepskin\data\toMax\rendered_2max\f10i\f10im4k_01.jpg",1148,1530
f10im4k,f10,f10i,m4k,"D:\work\secondYearMaster\thesis\reference\appeal\algorithms\preference_evaluate\deepskin\data\toMax\rendered_face\f10i\f10im4k_06_face.jpg","D:\work\secondYearMaster\thesis\reference\appeal\algorithms\preference_evaluate\deepskin\data\toMax\rendered_2max\f10i\f10im4k_01.jpg",1148,1530
f10im4k,f10,f10i,m4k,"D:\work\secondYearMaster\thesis\reference\appeal\algorithms\preference_evaluate\deepskin\data\toMax\rendered_face\f10i\f10im4k_07_face.jpg","D:\work\secondYearMaster\thesis\reference\appeal\algorithms\preference_evaluate\deepskin\data\toMax\rendered_2max\f10i\f10im4k_01.jpg",1148,1530
f10im4k,f10,f10i,m4k,"D:\work\secondYearMaster\thesis\reference\appeal\algorithms\preference_evaluate\deepskin\data\toMax\rendered_face\f10i\f10im4k_08_face.jpg","D:\work\secondYearMaster\thesis\reference\appeal\algorithms\preference_evaluate\deepskin\data\toMax\rendered_2max\f10i\f10im4k_01.jpg",1148,1530
f10im4k,f10,f10i,m4k,"D:\work\secondYearMaster\thesis\reference\appeal\algorithms\preference_evaluate\deepskin\data\toMax\rendered_face\f10i\f10im4k_09_face.jpg","D:\work\secondYearMaster\thesis\reference\appeal\algorithms\preference_evaluate\deepskin\data\toMax\rendered_2max\f10i\f10im4k_01.jpg",1148,1530
f10im4k,f10,f10i,m4k,"D:\work\secondYearMaster\thesis\reference\appeal\algorithms\preference_evaluate\deepskin\data\toMax\rendered_face\f10i\f10im4k_10_face.jpg","D:\work\secondYearMaster\thesis\reference\appeal\algorithms\preference_evaluate\deepskin\data\toMax\rendered_2max\f10i\f10im4k_01.jpg",1148,1530
f10im4k,f10,f10i,m4k,"D:\work\secondYearMaster\thesis\reference\appeal\algorithms\preference_evaluate\deepskin\data\toMax\rendered_face\f10i\f10im4k_11_face.jpg","D:\work\secondYearMaster\thesis\reference\appeal\algorithms\preference_evaluate\deepskin\data\toMax\rendered_2max\f10i\f10im4k_01.jpg",1148,1530
f10im4k,f10,f10i,m4k,"D:\work\secondYearMaster\thesis\reference\appeal\algorithms\preference_evaluate\deepskin\data\toMax\rendered_face\f10i\f10im4k_12_face.jpg","D:\work\secondYearMaster\thesis\reference\appeal\algorithms\preference_evaluate\deepskin\data\toMax\rendered_2max\f10i\f10im4k_01.jpg",1148,1530
f10im4k,f10,f10i,m4k,"D:\work\secondYearMaster\thesis\reference\appeal\algorithms\preference_evaluate\deepskin\data\toMax\rendered_face\f10i\f10im4k_13_face.jpg","D:\work\secondYearMaster\thesis\reference\appeal\algorithms\preference_evaluate\deepskin\data\toMax\rendered_2max\f10i\f10im4k_01.jpg",1148,1530
f10im4k,f10,f10i,m4k,"D:\work\secondYearMaster\thesis\reference\appeal\algorithms\preference_evaluate\deepskin\data\toMax\rendered_face\f10i\f10im4k_14_face.jpg","D:\work\secondYearMaster\thesis\reference\appeal\algorithms\preference_evaluate\deepskin\data\toMax\rendered_2max\f10i\f10im4k_01.jpg",1148,1530
f10im4k,f10,f10i,m4k,"D:\work\secondYearMaster\thesis\reference\appeal\algorithms\preference_evaluate\deepskin\data\toMax\rendered_face\f10i\f10im4k_15_face.jpg","D:\work\secondYearMaster\thesis\reference\appeal\algorithms\preference_evaluate\deepskin\data\toMax\rendered_2max\f10i\f10im4k_01.jpg",1148,1530
f10im4k,f10,f10i,m4k,"D:\work\secondYearMaster\thesis\reference\appeal\algorithms\preference_evaluate\deepskin\data\toMax\rendered_face\f10i\f10im4k_16_face.jpg","D:\work\secondYearMaster\thesis\reference\appeal\algorithms\preference_evaluate\deepskin\data\toMax\rendered_2max\f10i\f10im4k_01.jpg",1148,1530
f10im4k,f10,f10i,m4k,"D:\work\secondYearMaster\thesis\reference\appeal\algorithms\preference_evaluate\deepskin\data\toMax\rendered_face\f10i\f10im4k_17_face.jpg","D:\work\secondYearMaster\thesis\reference\appeal\algorithms\preference_evaluate\deepskin\data\toMax\rendered_2max\f10i\f10im4k_01.jpg",1148,1530
f10im4k,f10,f10i,m4k,"D:\work\secondYearMaster\thesis\reference\appeal\algorithms\preference_evaluate\deepskin\data\toMax\rendered_face\f10i\f10im4k_18_face.jpg","D:\work\secondYearMaster\thesis\reference\appeal\algorithms\preference_evaluate\deepskin\data\toMax\rendered_2max\f10i\f10im4k_01.jpg",1148,1530
f10im4k,f10,f10i,m4k,"D:\work\secondYearMaster\thesis\reference\appeal\algorithms\preference_evaluate\deepskin\data\toMax\rendered_face\f10i\f10im4k_19_face.jpg","D:\work\secondYearMaster\thesis\reference\appeal\algorithms\preference_evaluate\deepskin\data\toMax\rendered_2max\f10i\f10im4k_01.jpg",1148,1530
f10im4k,f10,f10i,m4k,"D:\work\secondYearMaster\thesis\reference\appeal\algorithms\preference_evaluate\deepskin\data\toMax\rendered_face\f10i\f10im4k_20_face.jpg","D:\work\secondYearMaster\thesis\reference\appeal\algorithms\preference_evaluate\deepskin\data\toMax\rendered_2max\f10i\f10im4k_01.jpg",1148,1530
f10im4k,f10,f10i,m4k,"D:\work\secondYearMaster\thesis\reference\appeal\algorithms\preference_evaluate\deepskin\data\toMax\rendered_face\f10i\f10im4k_21_face.jpg","D:\work\secondYearMaster\thesis\reference\appeal\algorithms\preference_evaluate\deepskin\data\toMax\rendered_2max\f10i\f10im4k_01.jpg",1148,1530
f10im4k,f10,f10i,m4k,"D:\work\secondYearMaster\thesis\reference\appeal\algorithms\preference_evaluate\deepskin\data\toMax\rendered_face\f10i\f10im4k_22_face.jpg","D:\work\secondYearMaster\thesis\reference\appeal\algorithms\preference_evaluate\deepskin\data\toMax\rendered_2max\f10i\f10im4k_01.jpg",1148,1530
f10im4k,f10,f10i,m4k,"D:\work\secondYearMaster\thesis\reference\appeal\algorithms\preference_evaluate\deepskin\data\toMax\rendered_face\f10i\f10im4k_23_face.jpg","D:\work\secondYearMaster\thesis\reference\appeal\algorithms\preference_evaluate\deepskin\data\toMax\rendered_2max\f10i\f10im4k_01.jpg",1148,1530
f10im4k,f10,f10i,m4k,"D:\work\secondYearMaster\thesis\reference\appeal\algorithms\preference_evaluate\deepskin\data\toMax\rendered_face\f10i\f10im4k_24_face.jpg","D:\work\secondYearMaster\thesis\reference\appeal\algorithms\preference_evaluate\deepskin\data\toMax\rendered_2max\f10i\f10im4k_01.jpg",1148,1530
f10im4k,f10,f10i,m4k,"D:\work\secondYearMaster\thesis\reference\appeal\algorithms\preference_evaluate\deepskin\data\toMax\rendered_face\f10i\f10im4k_25_face.jpg","D:\work\secondYearMaster\thesis\reference\appeal\algorithms\preference_evaluate\deepskin\data\toMax\rendered_2max\f10i\f10im4k_01.jpg",1148,1530
f10im4k,f10,f10i,m4k,"D:\work\secondYearMaster\thesis\reference\appeal\algorithms\preference_evaluate\deepskin\data\toMax\rendered_face\f10i\f10im4k_26_face.jpg","D:\work\secondYearMaster\thesis\reference\appeal\algorithms\preference_evaluate\deepskin\data\toMax\rendered_2max\f10i\f10im4k_01.jpg",1148,1530
f10im4k,f10,f10i,m4k,"D:\work\secondYearMaster\thesis\reference\appeal\algorithms\preference_evaluate\deepskin\data\toMax\rendered_face\f10i\f10im4k_27_face.jpg","D:\work\secondYearMaster\thesis\reference\appeal\algorithms\preference_evaluate\deepskin\data\toMax\rendered_2max\f10i\f10im4k_01.jpg",1148,1530
f10im4k,f10,f10i,m4k,"D:\work\secondYearMaster\thesis\reference\appeal\algorithms\preference_evaluate\deepskin\data\toMax\rendered_face\f10i\f10im4k_28_face.jpg","D:\work\secondYearMaster\thesis\reference\appeal\algorithms\preference_evaluate\deepskin\data\toMax\rendered_2max\f10i\f10im4k_01.jpg",1148,1530
f10im4k,f10,f10i,m4k,"D:\work\secondYearMaster\thesis\reference\appeal\algorithms\preference_evaluate\deepskin\data\toMax\rendered_face\f10i\f10im4k_29_face.jpg","D:\work\secondYearMaster\thesis\reference\appeal\algorithms\preference_evaluate\deepskin\data\toMax\rendered_2max\f10i\f10im4k_01.jpg",1148,1530
f10im4k,f10,f10i,m4k,"D:\work\secondYearMaster\thesis\reference\appeal\algorithms\preference_evaluate\deepskin\data\toMax\rendered_face\f10i\f10im4k_30_face.jpg","D:\work\secondYearMaster\thesis\reference\appeal\algorithms\preference_evaluate\deepskin\data\toMax\rendered_2max\f10i\f10im4k_01.jpg",1148,1530
f10im4k,f10,f10i,m4k,"D:\work\secondYearMaster\thesis\reference\appeal\algorithms\preference_evaluate\deepskin\data\toMax\rendered_face\f10i\f10im4k_31_face.jpg","D:\work\secondYearMaster\thesis\reference\appeal\algorithms\preference_evaluate\deepskin\data\toMax\rendered_2max\f10i\f10im4k_01.jpg",1148,1530
f10im4k,f10,f10i,m4k,"D:\work\secondYearMaster\thesis\reference\appeal\algorithms\preference_evaluate\deepskin\data\toMax\rendered_face\f10i\f10im4k_32_face.jpg","D:\work\secondYearMaster\thesis\reference\appeal\algorithms\preference_evaluate\deepskin\data\toMax\rendered_2max\f10i\f10im4k_01.jpg",1148,1530
f10im4k,f10,f10i,m4k,"D:\work\secondYearMaster\thesis\reference\appeal\algorithms\preference_evaluate\deepskin\data\toMax\rendered_face\f10i\f10im4k_33_face.jpg","D:\work\secondYearMaster\thesis\reference\appeal\algorithms\preference_evaluate\deepskin\data\toMax\rendered_2max\f10i\f10im4k_01.jpg",1148,1530
f10im5k,f10,f10i,m5k,"D:\work\secondYearMaster\thesis\reference\appeal\algorithms\preference_evaluate\deepskin\data\toMax\rendered_face\f10i\f10im5k_01_face.jpg","D:\work\secondYearMaster\thesis\reference\appeal\algorithms\preference_evaluate\deepskin\data\toMax\rendered_2max\f10i\f10im5k_01.jpg",1148,1530
f10im5k,f10,f10i,m5k,"D:\work\secondYearMaster\thesis\reference\appeal\algorithms\preference_evaluate\deepskin\data\toMax\rendered_face\f10i\f10im5k_02_face.jpg","D:\work\secondYearMaster\thesis\reference\appeal\algorithms\preference_evaluate\deepskin\data\toMax\rendered_2max\f10i\f10im5k_01.jpg",1148,1530
f10im5k,f10,f10i,m5k,"D:\work\secondYearMaster\thesis\reference\appeal\algorithms\preference_evaluate\deepskin\data\toMax\rendered_face\f10i\f10im5k_03_face.jpg","D:\work\secondYearMaster\thesis\reference\appeal\algorithms\preference_evaluate\deepskin\data\toMax\rendered_2max\f10i\f10im5k_01.jpg",1148,1530
f10im5k,f10,f10i,m5k,"D:\work\secondYearMaster\thesis\reference\appeal\algorithms\preference_evaluate\deepskin\data\toMax\rendered_face\f10i\f10im5k_04_face.jpg","D:\work\secondYearMaster\thesis\reference\appeal\algorithms\preference_evaluate\deepskin\data\toMax\rendered_2max\f10i\f10im5k_01.jpg",1148,1530
f10im5k,f10,f10i,m5k,"D:\work\secondYearMaster\thesis\reference\appeal\algorithms\preference_evaluate\deepskin\data\toMax\rendered_face\f10i\f10im5k_05_face.jpg","D:\work\secondYearMaster\thesis\reference\appeal\algorithms\preference_evaluate\deepskin\data\toMax\rendered_2max\f10i\f10im5k_01.jpg",1148,1530
f10im5k,f10,f10i,m5k,"D:\work\secondYearMaster\thesis\reference\appeal\algorithms\preference_evaluate\deepskin\data\toMax\rendered_face\f10i\f10im5k_06_face.jpg","D:\work\secondYearMaster\thesis\reference\appeal\algorithms\preference_evaluate\deepskin\data\toMax\rendered_2max\f10i\f10im5k_01.jpg",1148,1530
f10im5k,f10,f10i,m5k,"D:\work\secondYearMaster\thesis\reference\appeal\algorithms\preference_evaluate\deepskin\data\toMax\rendered_face\f10i\f10im5k_07_face.jpg","D:\work\secondYearMaster\thesis\reference\appeal\algorithms\preference_evaluate\deepskin\data\toMax\rendered_2max\f10i\f10im5k_01.jpg",1148,1530
f10im5k,f10,f10i,m5k,"D:\work\secondYearMaster\thesis\reference\appeal\algorithms\preference_evaluate\deepskin\data\toMax\rendered_face\f10i\f10im5k_08_face.jpg","D:\work\secondYearMaster\thesis\reference\appeal\algorithms\preference_evaluate\deepskin\data\toMax\rendered_2max\f10i\f10im5k_01.jpg",1148,1530
f10im5k,f10,f10i,m5k,"D:\work\secondYearMaster\thesis\reference\appeal\algorithms\preference_evaluate\deepskin\data\toMax\rendered_face\f10i\f10im5k_09_face.jpg","D:\work\secondYearMaster\thesis\reference\appeal\algorithms\preference_evaluate\deepskin\data\toMax\rendered_2max\f10i\f10im5k_01.jpg",1148,1530
f10im5k,f10,f10i,m5k,"D:\work\secondYearMaster\thesis\reference\appeal\algorithms\preference_evaluate\deepskin\data\toMax\rendered_face\f10i\f10im5k_10_face.jpg","D:\work\secondYearMaster\thesis\reference\appeal\algorithms\preference_evaluate\deepskin\data\toMax\rendered_2max\f10i\f10im5k_01.jpg",1148,1530
f10im5k,f10,f10i,m5k,"D:\work\secondYearMaster\thesis\reference\appeal\algorithms\preference_evaluate\deepskin\data\toMax\rendered_face\f10i\f10im5k_11_face.jpg","D:\work\secondYearMaster\thesis\reference\appeal\algorithms\preference_evaluate\deepskin\data\toMax\rendered_2max\f10i\f10im5k_01.jpg",1148,1530
f10im5k,f10,f10i,m5k,"D:\work\secondYearMaster\thesis\reference\appeal\algorithms\preference_evaluate\deepskin\data\toMax\rendered_face\f10i\f10im5k_12_face.jpg","D:\work\secondYearMaster\thesis\reference\appeal\algorithms\preference_evaluate\deepskin\data\toMax\rendered_2max\f10i\f10im5k_01.jpg",1148,1530
f10im5k,f10,f10i,m5k,"D:\work\secondYearMaster\thesis\reference\appeal\algorithms\preference_evaluate\deepskin\data\toMax\rendered_face\f10i\f10im5k_13_face.jpg","D:\work\secondYearMaster\thesis\reference\appeal\algorithms\preference_evaluate\deepskin\data\toMax\rendered_2max\f10i\f10im5k_01.jpg",1148,1530
f10im5k,f10,f10i,m5k,"D:\work\secondYearMaster\thesis\reference\appeal\algorithms\preference_evaluate\deepskin\data\toMax\rendered_face\f10i\f10im5k_14_face.jpg","D:\work\secondYearMaster\thesis\reference\appeal\algorithms\preference_evaluate\deepskin\data\toMax\rendered_2max\f10i\f10im5k_01.jpg",1148,1530
f10im5k,f10,f10i,m5k,"D:\work\secondYearMaster\thesis\reference\appeal\algorithms\preference_evaluate\deepskin\data\toMax\rendered_face\f10i\f10im5k_15_face.jpg","D:\work\secondYearMaster\thesis\reference\appeal\algorithms\preference_evaluate\deepskin\data\toMax\rendered_2max\f10i\f10im5k_01.jpg",1148,1530
f10im5k,f10,f10i,m5k,"D:\work\secondYearMaster\thesis\reference\appeal\algorithms\preference_evaluate\deepskin\data\toMax\rendered_face\f10i\f10im5k_16_face.jpg","D:\work\secondYearMaster\thesis\reference\appeal\algorithms\preference_evaluate\deepskin\data\toMax\rendered_2max\f10i\f10im5k_01.jpg",1148,1530
f10im5k,f10,f10i,m5k,"D:\work\secondYearMaster\thesis\reference\appeal\algorithms\preference_evaluate\deepskin\data\toMax\rendered_face\f10i\f10im5k_17_face.jpg","D:\work\secondYearMaster\thesis\reference\appeal\algorithms\preference_evaluate\deepskin\data\toMax\rendered_2max\f10i\f10im5k_01.jpg",1148,1530
f10im5k,f10,f10i,m5k,"D:\work\secondYearMaster\thesis\reference\appeal\algorithms\preference_evaluate\deepskin\data\toMax\rendered_face\f10i\f10im5k_18_face.jpg","D:\work\secondYearMaster\thesis\reference\appeal\algorithms\preference_evaluate\deepskin\data\toMax\rendered_2max\f10i\f10im5k_01.jpg",1148,1530
f10im5k,f10,f10i,m5k,"D:\work\secondYearMaster\thesis\reference\appeal\algorithms\preference_evaluate\deepskin\data\toMax\rendered_face\f10i\f10im5k_19_face.jpg","D:\work\secondYearMaster\thesis\reference\appeal\algorithms\preference_evaluate\deepskin\data\toMax\rendered_2max\f10i\f10im5k_01.jpg",1148,1530
f10im5k,f10,f10i,m5k,"D:\work\secondYearMaster\thesis\reference\appeal\algorithms\preference_evaluate\deepskin\data\toMax\rendered_face\f10i\f10im5k_20_face.jpg","D:\work\secondYearMaster\thesis\reference\appeal\algorithms\preference_evaluate\deepskin\data\toMax\rendered_2max\f10i\f10im5k_01.jpg",1148,1530
f10im5k,f10,f10i,m5k,"D:\work\secondYearMaster\thesis\reference\appeal\algorithms\preference_evaluate\deepskin\data\toMax\rendered_face\f10i\f10im5k_21_face.jpg","D:\work\secondYearMaster\thesis\reference\appeal\algorithms\preference_evaluate\deepskin\data\toMax\rendered_2max\f10i\f10im5k_01.jpg",1148,1530
f10im5k,f10,f10i,m5k,"D:\work\secondYearMaster\thesis\reference\appeal\algorithms\preference_evaluate\deepskin\data\toMax\rendered_face\f10i\f10im5k_22_face.jpg","D:\work\secondYearMaster\thesis\reference\appeal\algorithms\preference_evaluate\deepskin\data\toMax\rendered_2max\f10i\f10im5k_01.jpg",1148,1530
f10im5k,f10,f10i,m5k,"D:\work\secondYearMaster\thesis\reference\appeal\algorithms\preference_evaluate\deepskin\data\toMax\rendered_face\f10i\f10im5k_23_face.jpg","D:\work\secondYearMaster\thesis\reference\appeal\algorithms\preference_evaluate\deepskin\data\toMax\rendered_2max\f10i\f10im5k_01.jpg",1148,1530
f10im5k,f10,f10i,m5k,"D:\work\secondYearMaster\thesis\reference\appeal\algorithms\preference_evaluate\deepskin\data\toMax\rendered_face\f10i\f10im5k_24_face.jpg","D:\work\secondYearMaster\thesis\reference\appeal\algorithms\preference_evaluate\deepskin\data\toMax\rendered_2max\f10i\f10im5k_01.jpg",1148,1530
f10im5k,f10,f10i,m5k,"D:\work\secondYearMaster\thesis\reference\appeal\algorithms\preference_evaluate\deepskin\data\toMax\rendered_face\f10i\f10im5k_25_face.jpg","D:\work\secondYearMaster\thesis\reference\appeal\algorithms\preference_evaluate\deepskin\data\toMax\rendered_2max\f10i\f10im5k_01.jpg",1148,1530
f10im5k,f10,f10i,m5k,"D:\work\secondYearMaster\thesis\reference\appeal\algorithms\preference_evaluate\deepskin\data\toMax\rendered_face\f10i\f10im5k_26_face.jpg","D:\work\secondYearMaster\thesis\reference\appeal\algorithms\preference_evaluate\deepskin\data\toMax\rendered_2max\f10i\f10im5k_01.jpg",1148,1530
f10im5k,f10,f10i,m5k,"D:\work\secondYearMaster\thesis\reference\appeal\algorithms\preference_evaluate\deepskin\data\toMax\rendered_face\f10i\f10im5k_27_face.jpg","D:\work\secondYearMaster\thesis\reference\appeal\algorithms\preference_evaluate\deepskin\data\toMax\rendered_2max\f10i\f10im5k_01.jpg",1148,1530
f10im5k,f10,f10i,m5k,"D:\work\secondYearMaster\thesis\reference\appeal\algorithms\preference_evaluate\deepskin\data\toMax\rendered_face\f10i\f10im5k_28_face.jpg","D:\work\secondYearMaster\thesis\reference\appeal\algorithms\preference_evaluate\deepskin\data\toMax\rendered_2max\f10i\f10im5k_01.jpg",1148,1530
f10im5k,f10,f10i,m5k,"D:\work\secondYearMaster\thesis\reference\appeal\algorithms\preference_evaluate\deepskin\data\toMax\rendered_face\f10i\f10im5k_29_face.jpg","D:\work\secondYearMaster\thesis\reference\appeal\algorithms\preference_evaluate\deepskin\data\toMax\rendered_2max\f10i\f10im5k_01.jpg",1148,1530
f10im5k,f10,f10i,m5k,"D:\work\secondYearMaster\thesis\reference\appeal\algorithms\preference_evaluate\deepskin\data\toMax\rendered_face\f10i\f10im5k_30_face.jpg","D:\work\secondYearMaster\thesis\reference\appeal\algorithms\preference_evaluate\deepskin\data\toMax\rendered_2max\f10i\f10im5k_01.jpg",1148,1530
f10im5k,f10,f10i,m5k,"D:\work\secondYearMaster\thesis\reference\appeal\algorithms\preference_evaluate\deepskin\data\toMax\rendered_face\f10i\f10im5k_31_face.jpg","D:\work\secondYearMaster\thesis\reference\appeal\algorithms\preference_evaluate\deepskin\data\toMax\rendered_2max\f10i\f10im5k_01.jpg",1148,1530
f10im5k,f10,f10i,m5k,"D:\work\secondYearMaster\thesis\reference\appeal\algorithms\preference_evaluate\deepskin\data\toMax\rendered_face\f10i\f10im5k_32_face.jpg","D:\work\secondYearMaster\thesis\reference\appeal\algorithms\preference_evaluate\deepskin\data\toMax\rendered_2max\f10i\f10im5k_01.jpg",1148,1530
f10im5k,f10,f10i,m5k,"D:\work\secondYearMaster\thesis\reference\appeal\algorithms\preference_evaluate\deepskin\data\toMax\rendered_face\f10i\f10im5k_33_face.jpg","D:\work\secondYearMaster\thesis\reference\appeal\algorithms\preference_evaluate\deepskin\data\toMax\rendered_2max\f10i\f10im5k_01.jpg",1148,1530
f10im6k,f10,f10i,m6k,"D:\work\secondYearMaster\thesis\reference\appeal\algorithms\preference_evaluate\deepskin\data\toMax\rendered_face\f10i\f10im6k_01_face.jpg","D:\work\secondYearMaster\thesis\reference\appeal\algorithms\preference_evaluate\deepskin\data\toMax\rendered_2max\f10i\f10im6k_01.jpg",1148,1530
f10im6k,f10,f10i,m6k,"D:\work\secondYearMaster\thesis\reference\appeal\algorithms\preference_evaluate\deepskin\data\toMax\rendered_face\f10i\f10im6k_02_face.jpg","D:\work\secondYearMaster\thesis\reference\appeal\algorithms\preference_evaluate\deepskin\data\toMax\rendered_2max\f10i\f10im6k_01.jpg",1148,1530
f10im6k,f10,f10i,m6k,"D:\work\secondYearMaster\thesis\reference\appeal\algorithms\preference_evaluate\deepskin\data\toMax\rendered_face\f10i\f10im6k_03_face.jpg","D:\work\secondYearMaster\thesis\reference\appeal\algorithms\preference_evaluate\deepskin\data\toMax\rendered_2max\f10i\f10im6k_01.jpg",1148,1530
f10im6k,f10,f10i,m6k,"D:\work\secondYearMaster\thesis\reference\appeal\algorithms\preference_evaluate\deepskin\data\toMax\rendered_face\f10i\f10im6k_04_face.jpg","D:\work\secondYearMaster\thesis\reference\appeal\algorithms\preference_evaluate\deepskin\data\toMax\rendered_2max\f10i\f10im6k_01.jpg",1148,1530
f10im6k,f10,f10i,m6k,"D:\work\secondYearMaster\thesis\reference\appeal\algorithms\preference_evaluate\deepskin\data\toMax\rendered_face\f10i\f10im6k_05_face.jpg","D:\work\secondYearMaster\thesis\reference\appeal\algorithms\preference_evaluate\deepskin\data\toMax\rendered_2max\f10i\f10im6k_01.jpg",1148,1530
f10im6k,f10,f10i,m6k,"D:\work\secondYearMaster\thesis\reference\appeal\algorithms\preference_evaluate\deepskin\data\toMax\rendered_face\f10i\f10im6k_06_face.jpg","D:\work\secondYearMaster\thesis\reference\appeal\algorithms\preference_evaluate\deepskin\data\toMax\rendered_2max\f10i\f10im6k_01.jpg",1148,1530
f10im6k,f10,f10i,m6k,"D:\work\secondYearMaster\thesis\reference\appeal\algorithms\preference_evaluate\deepskin\data\toMax\rendered_face\f10i\f10im6k_07_face.jpg","D:\work\secondYearMaster\thesis\reference\appeal\algorithms\preference_evaluate\deepskin\data\toMax\rendered_2max\f10i\f10im6k_01.jpg",1148,1530
f10im6k,f10,f10i,m6k,"D:\work\secondYearMaster\thesis\reference\appeal\algorithms\preference_evaluate\deepskin\data\toMax\rendered_face\f10i\f10im6k_08_face.jpg","D:\work\secondYearMaster\thesis\reference\appeal\algorithms\preference_evaluate\deepskin\data\toMax\rendered_2max\f10i\f10im6k_01.jpg",1148,1530
f10im6k,f10,f10i,m6k,"D:\work\secondYearMaster\thesis\reference\appeal\algorithms\preference_evaluate\deepskin\data\toMax\rendered_face\f10i\f10im6k_09_face.jpg","D:\work\secondYearMaster\thesis\reference\appeal\algorithms\preference_evaluate\deepskin\data\toMax\rendered_2max\f10i\f10im6k_01.jpg",1148,1530
f10im6k,f10,f10i,m6k,"D:\work\secondYearMaster\thesis\reference\appeal\algorithms\preference_evaluate\deepskin\data\toMax\rendered_face\f10i\f10im6k_10_face.jpg","D:\work\secondYearMaster\thesis\reference\appeal\algorithms\preference_evaluate\deepskin\data\toMax\rendered_2max\f10i\f10im6k_01.jpg",1148,1530
f10im6k,f10,f10i,m6k,"D:\work\secondYearMaster\thesis\reference\appeal\algorithms\preference_evaluate\deepskin\data\toMax\rendered_face\f10i\f10im6k_11_face.jpg","D:\work\secondYearMaster\thesis\reference\appeal\algorithms\preference_evaluate\deepskin\data\toMax\rendered_2max\f10i\f10im6k_01.jpg",1148,1530
f10im6k,f10,f10i,m6k,"D:\work\secondYearMaster\thesis\reference\appeal\algorithms\preference_evaluate\deepskin\data\toMax\rendered_face\f10i\f10im6k_12_face.jpg","D:\work\secondYearMaster\thesis\reference\appeal\algorithms\preference_evaluate\deepskin\data\toMax\rendered_2max\f10i\f10im6k_01.jpg",1148,1530
f10im6k,f10,f10i,m6k,"D:\work\secondYearMaster\thesis\reference\appeal\algorithms\preference_evaluate\deepskin\data\toMax\rendered_face\f10i\f10im6k_13_face.jpg","D:\work\secondYearMaster\thesis\reference\appeal\algorithms\preference_evaluate\deepskin\data\toMax\rendered_2max\f10i\f10im6k_01.jpg",1148,1530
f10im6k,f10,f10i,m6k,"D:\work\secondYearMaster\thesis\reference\appeal\algorithms\preference_evaluate\deepskin\data\toMax\rendered_face\f10i\f10im6k_14_face.jpg","D:\work\secondYearMaster\thesis\reference\appeal\algorithms\preference_evaluate\deepskin\data\toMax\rendered_2max\f10i\f10im6k_01.jpg",1148,1530
f10im6k,f10,f10i,m6k,"D:\work\secondYearMaster\thesis\reference\appeal\algorithms\preference_evaluate\deepskin\data\toMax\rendered_face\f10i\f10im6k_15_face.jpg","D:\work\secondYearMaster\thesis\reference\appeal\algorithms\preference_evaluate\deepskin\data\toMax\rendered_2max\f10i\f10im6k_01.jpg",1148,1530
f10im6k,f10,f10i,m6k,"D:\work\secondYearMaster\thesis\reference\appeal\algorithms\preference_evaluate\deepskin\data\toMax\rendered_face\f10i\f10im6k_16_face.jpg","D:\work\secondYearMaster\thesis\reference\appeal\algorithms\preference_evaluate\deepskin\data\toMax\rendered_2max\f10i\f10im6k_01.jpg",1148,1530
f10im6k,f10,f10i,m6k,"D:\work\secondYearMaster\thesis\reference\appeal\algorithms\preference_evaluate\deepskin\data\toMax\rendered_face\f10i\f10im6k_17_face.jpg","D:\work\secondYearMaster\thesis\reference\appeal\algorithms\preference_evaluate\deepskin\data\toMax\rendered_2max\f10i\f10im6k_01.jpg",1148,1530
f10im6k,f10,f10i,m6k,"D:\work\secondYearMaster\thesis\reference\appeal\algorithms\preference_evaluate\deepskin\data\toMax\rendered_face\f10i\f10im6k_18_face.jpg","D:\work\secondYearMaster\thesis\reference\appeal\algorithms\preference_evaluate\deepskin\data\toMax\rendered_2max\f10i\f10im6k_01.jpg",1148,1530
f10im6k,f10,f10i,m6k,"D:\work\secondYearMaster\thesis\reference\appeal\algorithms\preference_evaluate\deepskin\data\toMax\rendered_face\f10i\f10im6k_19_face.jpg","D:\work\secondYearMaster\thesis\reference\appeal\algorithms\preference_evaluate\deepskin\data\toMax\rendered_2max\f10i\f10im6k_01.jpg",1148,1530
f10im6k,f10,f10i,m6k,"D:\work\secondYearMaster\thesis\reference\appeal\algorithms\preference_evaluate\deepskin\data\toMax\rendered_face\f10i\f10im6k_20_face.jpg","D:\work\secondYearMaster\thesis\reference\appeal\algorithms\preference_evaluate\deepskin\data\toMax\rendered_2max\f10i\f10im6k_01.jpg",1148,1530
f10im6k,f10,f10i,m6k,"D:\work\secondYearMaster\thesis\reference\appeal\algorithms\preference_evaluate\deepskin\data\toMax\rendered_face\f10i\f10im6k_21_face.jpg","D:\work\secondYearMaster\thesis\reference\appeal\algorithms\preference_evaluate\deepskin\data\toMax\rendered_2max\f10i\f10im6k_01.jpg",1148,1530
f10im6k,f10,f10i,m6k,"D:\work\secondYearMaster\thesis\reference\appeal\algorithms\preference_evaluate\deepskin\data\toMax\rendered_face\f10i\f10im6k_22_face.jpg","D:\work\secondYearMaster\thesis\reference\appeal\algorithms\preference_evaluate\deepskin\data\toMax\rendered_2max\f10i\f10im6k_01.jpg",1148,1530
f10im6k,f10,f10i,m6k,"D:\work\secondYearMaster\thesis\reference\appeal\algorithms\preference_evaluate\deepskin\data\toMax\rendered_face\f10i\f10im6k_23_face.jpg","D:\work\secondYearMaster\thesis\reference\appeal\algorithms\preference_evaluate\deepskin\data\toMax\rendered_2max\f10i\f10im6k_01.jpg",1148,1530
f10im6k,f10,f10i,m6k,"D:\work\secondYearMaster\thesis\reference\appeal\algorithms\preference_evaluate\deepskin\data\toMax\rendered_face\f10i\f10im6k_24_face.jpg","D:\work\secondYearMaster\thesis\reference\appeal\algorithms\preference_evaluate\deepskin\data\toMax\rendered_2max\f10i\f10im6k_01.jpg",1148,1530
f10im6k,f10,f10i,m6k,"D:\work\secondYearMaster\thesis\reference\appeal\algorithms\preference_evaluate\deepskin\data\toMax\rendered_face\f10i\f10im6k_25_face.jpg","D:\work\secondYearMaster\thesis\reference\appeal\algorithms\preference_evaluate\deepskin\data\toMax\rendered_2max\f10i\f10im6k_01.jpg",1148,1530
f10im6k,f10,f10i,m6k,"D:\work\secondYearMaster\thesis\reference\appeal\algorithms\preference_evaluate\deepskin\data\toMax\rendered_face\f10i\f10im6k_26_face.jpg","D:\work\secondYearMaster\thesis\reference\appeal\algorithms\preference_evaluate\deepskin\data\toMax\rendered_2max\f10i\f10im6k_01.jpg",1148,1530
f10im6k,f10,f10i,m6k,"D:\work\secondYearMaster\thesis\reference\appeal\algorithms\preference_evaluate\deepskin\data\toMax\rendered_face\f10i\f10im6k_27_face.jpg","D:\work\secondYearMaster\thesis\reference\appeal\algorithms\preference_evaluate\deepskin\data\toMax\rendered_2max\f10i\f10im6k_01.jpg",1148,1530
f10im6k,f10,f10i,m6k,"D:\work\secondYearMaster\thesis\reference\appeal\algorithms\preference_evaluate\deepskin\data\toMax\rendered_face\f10i\f10im6k_28_face.jpg","D:\work\secondYearMaster\thesis\reference\appeal\algorithms\preference_evaluate\deepskin\data\toMax\rendered_2max\f10i\f10im6k_01.jpg",1148,1530
f10im6k,f10,f10i,m6k,"D:\work\secondYearMaster\thesis\reference\appeal\algorithms\preference_evaluate\deepskin\data\toMax\rendered_face\f10i\f10im6k_29_face.jpg","D:\work\secondYearMaster\thesis\reference\appeal\algorithms\preference_evaluate\deepskin\data\toMax\rendered_2max\f10i\f10im6k_01.jpg",1148,1530
f10im6k,f10,f10i,m6k,"D:\work\secondYearMaster\thesis\reference\appeal\algorithms\preference_evaluate\deepskin\data\toMax\rendered_face\f10i\f10im6k_30_face.jpg","D:\work\secondYearMaster\thesis\reference\appeal\algorithms\preference_evaluate\deepskin\data\toMax\rendered_2max\f10i\f10im6k_01.jpg",1148,1530
f10im6k,f10,f10i,m6k,"D:\work\secondYearMaster\thesis\reference\appeal\algorithms\preference_evaluate\deepskin\data\toMax\rendered_face\f10i\f10im6k_31_face.jpg","D:\work\secondYearMaster\thesis\reference\appeal\algorithms\preference_evaluate\deepskin\data\toMax\rendered_2max\f10i\f10im6k_01.jpg",1148,1530
f10im6k,f10,f10i,m6k,"D:\work\secondYearMaster\thesis\reference\appeal\algorithms\preference_evaluate\deepskin\data\toMax\rendered_face\f10i\f10im6k_32_face.jpg","D:\work\secondYearMaster\thesis\reference\appeal\algorithms\preference_evaluate\deepskin\data\toMax\rendered_2max\f10i\f10im6k_01.jpg",1148,1530
f10im6k,f10,f10i,m6k,"D:\work\secondYearMaster\thesis\reference\appeal\algorithms\preference_evaluate\deepskin\data\toMax\rendered_face\f10i\f10im6k_33_face.jpg","D:\work\secondYearMaster\thesis\reference\appeal\algorithms\preference_evaluate\deepskin\data\toMax\rendered_2max\f10i\f10im6k_01.jpg",1148,1530
f10im7k,f10,f10i,m7k,"D:\work\secondYearMaster\thesis\reference\appeal\algorithms\preference_evaluate\deepskin\data\toMax\rendered_face\f10i\f10im7k_01_face.jpg","D:\work\secondYearMaster\thesis\reference\appeal\algorithms\preference_evaluate\deepskin\data\toMax\rendered_2max\f10i\f10im7k_01.jpg",1148,1530
f10im7k,f10,f10i,m7k,"D:\work\secondYearMaster\thesis\reference\appeal\algorithms\preference_evaluate\deepskin\data\toMax\rendered_face\f10i\f10im7k_02_face.jpg","D:\work\secondYearMaster\thesis\reference\appeal\algorithms\preference_evaluate\deepskin\data\toMax\rendered_2max\f10i\f10im7k_01.jpg",1148,1530
f10im7k,f10,f10i,m7k,"D:\work\secondYearMaster\thesis\reference\appeal\algorithms\preference_evaluate\deepskin\data\toMax\rendered_face\f10i\f10im7k_03_face.jpg","D:\work\secondYearMaster\thesis\reference\appeal\algorithms\preference_evaluate\deepskin\data\toMax\rendered_2max\f10i\f10im7k_01.jpg",1148,1530
f10im7k,f10,f10i,m7k,"D:\work\secondYearMaster\thesis\reference\appeal\algorithms\preference_evaluate\deepskin\data\toMax\rendered_face\f10i\f10im7k_04_face.jpg","D:\work\secondYearMaster\thesis\reference\appeal\algorithms\preference_evaluate\deepskin\data\toMax\rendered_2max\f10i\f10im7k_01.jpg",1148,1530
f10im7k,f10,f10i,m7k,"D:\work\secondYearMaster\thesis\reference\appeal\algorithms\preference_evaluate\deepskin\data\toMax\rendered_face\f10i\f10im7k_05_face.jpg","D:\work\secondYearMaster\thesis\reference\appeal\algorithms\preference_evaluate\deepskin\data\toMax\rendered_2max\f10i\f10im7k_01.jpg",1148,1530
f10im7k,f10,f10i,m7k,"D:\work\secondYearMaster\thesis\reference\appeal\algorithms\preference_evaluate\deepskin\data\toMax\rendered_face\f10i\f10im7k_06_face.jpg","D:\work\secondYearMaster\thesis\reference\appeal\algorithms\preference_evaluate\deepskin\data\toMax\rendered_2max\f10i\f10im7k_01.jpg",1148,1530
f10im7k,f10,f10i,m7k,"D:\work\secondYearMaster\thesis\reference\appeal\algorithms\preference_evaluate\deepskin\data\toMax\rendered_face\f10i\f10im7k_07_face.jpg","D:\work\secondYearMaster\thesis\reference\appeal\algorithms\preference_evaluate\deepskin\data\toMax\rendered_2max\f10i\f10im7k_01.jpg",1148,1530
f10im7k,f10,f10i,m7k,"D:\work\secondYearMaster\thesis\reference\appeal\algorithms\preference_evaluate\deepskin\data\toMax\rendered_face\f10i\f10im7k_08_face.jpg","D:\work\secondYearMaster\thesis\reference\appeal\algorithms\preference_evaluate\deepskin\data\toMax\rendered_2max\f10i\f10im7k_01.jpg",1148,1530
f10im7k,f10,f10i,m7k,"D:\work\secondYearMaster\thesis\reference\appeal\algorithms\preference_evaluate\deepskin\data\toMax\rendered_face\f10i\f10im7k_09_face.jpg","D:\work\secondYearMaster\thesis\reference\appeal\algorithms\preference_evaluate\deepskin\data\toMax\rendered_2max\f10i\f10im7k_01.jpg",1148,1530
f10im7k,f10,f10i,m7k,"D:\work\secondYearMaster\thesis\reference\appeal\algorithms\preference_evaluate\deepskin\data\toMax\rendered_face\f10i\f10im7k_10_face.jpg","D:\work\secondYearMaster\thesis\reference\appeal\algorithms\preference_evaluate\deepskin\data\toMax\rendered_2max\f10i\f10im7k_01.jpg",1148,1530
f10im7k,f10,f10i,m7k,"D:\work\secondYearMaster\thesis\reference\appeal\algorithms\preference_evaluate\deepskin\data\toMax\rendered_face\f10i\f10im7k_11_face.jpg","D:\work\secondYearMaster\thesis\reference\appeal\algorithms\preference_evaluate\deepskin\data\toMax\rendered_2max\f10i\f10im7k_01.jpg",1148,1530
f10im7k,f10,f10i,m7k,"D:\work\secondYearMaster\thesis\reference\appeal\algorithms\preference_evaluate\deepskin\data\toMax\rendered_face\f10i\f10im7k_12_face.jpg","D:\work\secondYearMaster\thesis\reference\appeal\algorithms\preference_evaluate\deepskin\data\toMax\rendered_2max\f10i\f10im7k_01.jpg",1148,1530
f10im7k,f10,f10i,m7k,"D:\work\secondYearMaster\thesis\reference\appeal\algorithms\preference_evaluate\deepskin\data\toMax\rendered_face\f10i\f10im7k_13_face.jpg","D:\work\secondYearMaster\thesis\reference\appeal\algorithms\preference_evaluate\deepskin\data\toMax\rendered_2max\f10i\f10im7k_01.jpg",1148,1530
f10im7k,f10,f10i,m7k,"D:\work\secondYearMaster\thesis\reference\appeal\algorithms\preference_evaluate\deepskin\data\toMax\rendered_face\f10i\f10im7k_14_face.jpg","D:\work\secondYearMaster\thesis\reference\appeal\algorithms\preference_evaluate\deepskin\data\toMax\rendered_2max\f10i\f10im7k_01.jpg",1148,1530
f10im7k,f10,f10i,m7k,"D:\work\secondYearMaster\thesis\reference\appeal\algorithms\preference_evaluate\deepskin\data\toMax\rendered_face\f10i\f10im7k_15_face.jpg","D:\work\secondYearMaster\thesis\reference\appeal\algorithms\preference_evaluate\deepskin\data\toMax\rendered_2max\f10i\f10im7k_01.jpg",1148,1530
f10im7k,f10,f10i,m7k,"D:\work\secondYearMaster\thesis\reference\appeal\algorithms\preference_evaluate\deepskin\data\toMax\rendered_face\f10i\f10im7k_16_face.jpg","D:\work\secondYearMaster\thesis\reference\appeal\algorithms\preference_evaluate\deepskin\data\toMax\rendered_2max\f10i\f10im7k_01.jpg",1148,1530
f10im7k,f10,f10i,m7k,"D:\work\secondYearMaster\thesis\reference\appeal\algorithms\preference_evaluate\deepskin\data\toMax\rendered_face\f10i\f10im7k_17_face.jpg","D:\work\secondYearMaster\thesis\reference\appeal\algorithms\preference_evaluate\deepskin\data\toMax\rendered_2max\f10i\f10im7k_01.jpg",1148,1530
f10im7k,f10,f10i,m7k,"D:\work\secondYearMaster\thesis\reference\appeal\algorithms\preference_evaluate\deepskin\data\toMax\rendered_face\f10i\f10im7k_18_face.jpg","D:\work\secondYearMaster\thesis\reference\appeal\algorithms\preference_evaluate\deepskin\data\toMax\rendered_2max\f10i\f10im7k_01.jpg",1148,1530
f10im7k,f10,f10i,m7k,"D:\work\secondYearMaster\thesis\reference\appeal\algorithms\preference_evaluate\deepskin\data\toMax\rendered_face\f10i\f10im7k_19_face.jpg","D:\work\secondYearMaster\thesis\reference\appeal\algorithms\preference_evaluate\deepskin\data\toMax\rendered_2max\f10i\f10im7k_01.jpg",1148,1530
f10im7k,f10,f10i,m7k,"D:\work\secondYearMaster\thesis\reference\appeal\algorithms\preference_evaluate\deepskin\data\toMax\rendered_face\f10i\f10im7k_20_face.jpg","D:\work\secondYearMaster\thesis\reference\appeal\algorithms\preference_evaluate\deepskin\data\toMax\rendered_2max\f10i\f10im7k_01.jpg",1148,1530
f10im7k,f10,f10i,m7k,"D:\work\secondYearMaster\thesis\reference\appeal\algorithms\preference_evaluate\deepskin\data\toMax\rendered_face\f10i\f10im7k_21_face.jpg","D:\work\secondYearMaster\thesis\reference\appeal\algorithms\preference_evaluate\deepskin\data\toMax\rendered_2max\f10i\f10im7k_01.jpg",1148,1530
f10im7k,f10,f10i,m7k,"D:\work\secondYearMaster\thesis\reference\appeal\algorithms\preference_evaluate\deepskin\data\toMax\rendered_face\f10i\f10im7k_22_face.jpg","D:\work\secondYearMaster\thesis\reference\appeal\algorithms\preference_evaluate\deepskin\data\toMax\rendered_2max\f10i\f10im7k_01.jpg",1148,1530
f10im7k,f10,f10i,m7k,"D:\work\secondYearMaster\thesis\reference\appeal\algorithms\preference_evaluate\deepskin\data\toMax\rendered_face\f10i\f10im7k_23_face.jpg","D:\work\secondYearMaster\thesis\reference\appeal\algorithms\preference_evaluate\deepskin\data\toMax\rendered_2max\f10i\f10im7k_01.jpg",1148,1530
f10im7k,f10,f10i,m7k,"D:\work\secondYearMaster\thesis\reference\appeal\algorithms\preference_evaluate\deepskin\data\toMax\rendered_face\f10i\f10im7k_24_face.jpg","D:\work\secondYearMaster\thesis\reference\appeal\algorithms\preference_evaluate\deepskin\data\toMax\rendered_2max\f10i\f10im7k_01.jpg",1148,1530
f10im7k,f10,f10i,m7k,"D:\work\secondYearMaster\thesis\reference\appeal\algorithms\preference_evaluate\deepskin\data\toMax\rendered_face\f10i\f10im7k_25_face.jpg","D:\work\secondYearMaster\thesis\reference\appeal\algorithms\preference_evaluate\deepskin\data\toMax\rendered_2max\f10i\f10im7k_01.jpg",1148,1530
f10im7k,f10,f10i,m7k,"D:\work\secondYearMaster\thesis\reference\appeal\algorithms\preference_evaluate\deepskin\data\toMax\rendered_face\f10i\f10im7k_26_face.jpg","D:\work\secondYearMaster\thesis\reference\appeal\algorithms\preference_evaluate\deepskin\data\toMax\rendered_2max\f10i\f10im7k_01.jpg",1148,1530
f10im7k,f10,f10i,m7k,"D:\work\secondYearMaster\thesis\reference\appeal\algorithms\preference_evaluate\deepskin\data\toMax\rendered_face\f10i\f10im7k_27_face.jpg","D:\work\secondYearMaster\thesis\reference\appeal\algorithms\preference_evaluate\deepskin\data\toMax\rendered_2max\f10i\f10im7k_01.jpg",1148,1530
f10im7k,f10,f10i,m7k,"D:\work\secondYearMaster\thesis\reference\appeal\algorithms\preference_evaluate\deepskin\data\toMax\rendered_face\f10i\f10im7k_28_face.jpg","D:\work\secondYearMaster\thesis\reference\appeal\algorithms\preference_evaluate\deepskin\data\toMax\rendered_2max\f10i\f10im7k_01.jpg",1148,1530
f10im7k,f10,f10i,m7k,"D:\work\secondYearMaster\thesis\reference\appeal\algorithms\preference_evaluate\deepskin\data\toMax\rendered_face\f10i\f10im7k_29_face.jpg","D:\work\secondYearMaster\thesis\reference\appeal\algorithms\preference_evaluate\deepskin\data\toMax\rendered_2max\f10i\f10im7k_01.jpg",1148,1530
f10im7k,f10,f10i,m7k,"D:\work\secondYearMaster\thesis\reference\appeal\algorithms\preference_evaluate\deepskin\data\toMax\rendered_face\f10i\f10im7k_30_face.jpg","D:\work\secondYearMaster\thesis\reference\appeal\algorithms\preference_evaluate\deepskin\data\toMax\rendered_2max\f10i\f10im7k_01.jpg",1148,1530
f10im7k,f10,f10i,m7k,"D:\work\secondYearMaster\thesis\reference\appeal\algorithms\preference_evaluate\deepskin\data\toMax\rendered_face\f10i\f10im7k_31_face.jpg","D:\work\secondYearMaster\thesis\reference\appeal\algorithms\preference_evaluate\deepskin\data\toMax\rendered_2max\f10i\f10im7k_01.jpg",1148,1530
f10im7k,f10,f10i,m7k,"D:\work\secondYearMaster\thesis\reference\appeal\algorithms\preference_evaluate\deepskin\data\toMax\rendered_face\f10i\f10im7k_32_face.jpg","D:\work\secondYearMaster\thesis\reference\appeal\algorithms\preference_evaluate\deepskin\data\toMax\rendered_2max\f10i\f10im7k_01.jpg",1148,1530
f10im7k,f10,f10i,m7k,"D:\work\secondYearMaster\thesis\reference\appeal\algorithms\preference_evaluate\deepskin\data\toMax\rendered_face\f10i\f10im7k_33_face.jpg","D:\work\secondYearMaster\thesis\reference\appeal\algorithms\preference_evaluate\deepskin\data\toMax\rendered_2max\f10i\f10im7k_01.jpg",1148,1530
f10im8k,f10,f10i,m8k,"D:\work\secondYearMaster\thesis\reference\appeal\algorithms\preference_evaluate\deepskin\data\toMax\rendered_face\f10i\f10im8k_01_face.jpg","D:\work\secondYearMaster\thesis\reference\appeal\algorithms\preference_evaluate\deepskin\data\toMax\rendered_2max\f10i\f10im8k_01.jpg",1148,1530
f10im8k,f10,f10i,m8k,"D:\work\secondYearMaster\thesis\reference\appeal\algorithms\preference_evaluate\deepskin\data\toMax\rendered_face\f10i\f10im8k_02_face.jpg","D:\work\secondYearMaster\thesis\reference\appeal\algorithms\preference_evaluate\deepskin\data\toMax\rendered_2max\f10i\f10im8k_01.jpg",1148,1530
f10im8k,f10,f10i,m8k,"D:\work\secondYearMaster\thesis\reference\appeal\algorithms\preference_evaluate\deepskin\data\toMax\rendered_face\f10i\f10im8k_03_face.jpg","D:\work\secondYearMaster\thesis\reference\appeal\algorithms\preference_evaluate\deepskin\data\toMax\rendered_2max\f10i\f10im8k_01.jpg",1148,1530
f10im8k,f10,f10i,m8k,"D:\work\secondYearMaster\thesis\reference\appeal\algorithms\preference_evaluate\deepskin\data\toMax\rendered_face\f10i\f10im8k_04_face.jpg","D:\work\secondYearMaster\thesis\reference\appeal\algorithms\preference_evaluate\deepskin\data\toMax\rendered_2max\f10i\f10im8k_01.jpg",1148,1530
f10im8k,f10,f10i,m8k,"D:\work\secondYearMaster\thesis\reference\appeal\algorithms\preference_evaluate\deepskin\data\toMax\rendered_face\f10i\f10im8k_05_face.jpg","D:\work\secondYearMaster\thesis\reference\appeal\algorithms\preference_evaluate\deepskin\data\toMax\rendered_2max\f10i\f10im8k_01.jpg",1148,1530
f10im8k,f10,f10i,m8k,"D:\work\secondYearMaster\thesis\reference\appeal\algorithms\preference_evaluate\deepskin\data\toMax\rendered_face\f10i\f10im8k_06_face.jpg","D:\work\secondYearMaster\thesis\reference\appeal\algorithms\preference_evaluate\deepskin\data\toMax\rendered_2max\f10i\f10im8k_01.jpg",1148,1530
f10im8k,f10,f10i,m8k,"D:\work\secondYearMaster\thesis\reference\appeal\algorithms\preference_evaluate\deepskin\data\toMax\rendered_face\f10i\f10im8k_07_face.jpg","D:\work\secondYearMaster\thesis\reference\appeal\algorithms\preference_evaluate\deepskin\data\toMax\rendered_2max\f10i\f10im8k_01.jpg",1148,1530
f10im8k,f10,f10i,m8k,"D:\work\secondYearMaster\thesis\reference\appeal\algorithms\preference_evaluate\deepskin\data\toMax\rendered_face\f10i\f10im8k_08_face.jpg","D:\work\secondYearMaster\thesis\reference\appeal\algorithms\preference_evaluate\deepskin\data\toMax\rendered_2max\f10i\f10im8k_01.jpg",1148,1530
f10im8k,f10,f10i,m8k,"D:\work\secondYearMaster\thesis\reference\appeal\algorithms\preference_evaluate\deepskin\data\toMax\rendered_face\f10i\f10im8k_09_face.jpg","D:\work\secondYearMaster\thesis\reference\appeal\algorithms\preference_evaluate\deepskin\data\toMax\rendered_2max\f10i\f10im8k_01.jpg",1148,1530
f10im8k,f10,f10i,m8k,"D:\work\secondYearMaster\thesis\reference\appeal\algorithms\preference_evaluate\deepskin\data\toMax\rendered_face\f10i\f10im8k_10_face.jpg","D:\work\secondYearMaster\thesis\reference\appeal\algorithms\preference_evaluate\deepskin\data\toMax\rendered_2max\f10i\f10im8k_01.jpg",1148,1530
f10im8k,f10,f10i,m8k,"D:\work\secondYearMaster\thesis\reference\appeal\algorithms\preference_evaluate\deepskin\data\toMax\rendered_face\f10i\f10im8k_11_face.jpg","D:\work\secondYearMaster\thesis\reference\appeal\algorithms\preference_evaluate\deepskin\data\toMax\rendered_2max\f10i\f10im8k_01.jpg",1148,1530
f10im8k,f10,f10i,m8k,"D:\work\secondYearMaster\thesis\reference\appeal\algorithms\preference_evaluate\deepskin\data\toMax\rendered_face\f10i\f10im8k_12_face.jpg","D:\work\secondYearMaster\thesis\reference\appeal\algorithms\preference_evaluate\deepskin\data\toMax\rendered_2max\f10i\f10im8k_01.jpg",1148,1530
f10im8k,f10,f10i,m8k,"D:\work\secondYearMaster\thesis\reference\appeal\algorithms\preference_evaluate\deepskin\data\toMax\rendered_face\f10i\f10im8k_13_face.jpg","D:\work\secondYearMaster\thesis\reference\appeal\algorithms\preference_evaluate\deepskin\data\toMax\rendered_2max\f10i\f10im8k_01.jpg",1148,1530
f10im8k,f10,f10i,m8k,"D:\work\secondYearMaster\thesis\reference\appeal\algorithms\preference_evaluate\deepskin\data\toMax\rendered_face\f10i\f10im8k_14_face.jpg","D:\work\secondYearMaster\thesis\reference\appeal\algorithms\preference_evaluate\deepskin\data\toMax\rendered_2max\f10i\f10im8k_01.jpg",1148,1530
f10im8k,f10,f10i,m8k,"D:\work\secondYearMaster\thesis\reference\appeal\algorithms\preference_evaluate\deepskin\data\toMax\rendered_face\f10i\f10im8k_15_face.jpg","D:\work\secondYearMaster\thesis\reference\appeal\algorithms\preference_evaluate\deepskin\data\toMax\rendered_2max\f10i\f10im8k_01.jpg",1148,1530
f10im8k,f10,f10i,m8k,"D:\work\secondYearMaster\thesis\reference\appeal\algorithms\preference_evaluate\deepskin\data\toMax\rendered_face\f10i\f10im8k_16_face.jpg","D:\work\secondYearMaster\thesis\reference\appeal\algorithms\preference_evaluate\deepskin\data\toMax\rendered_2max\f10i\f10im8k_01.jpg",1148,1530
f10im8k,f10,f10i,m8k,"D:\work\secondYearMaster\thesis\reference\appeal\algorithms\preference_evaluate\deepskin\data\toMax\rendered_face\f10i\f10im8k_17_face.jpg","D:\work\secondYearMaster\thesis\reference\appeal\algorithms\preference_evaluate\deepskin\data\toMax\rendered_2max\f10i\f10im8k_01.jpg",1148,1530
f10im8k,f10,f10i,m8k,"D:\work\secondYearMaster\thesis\reference\appeal\algorithms\preference_evaluate\deepskin\data\toMax\rendered_face\f10i\f10im8k_18_face.jpg","D:\work\secondYearMaster\thesis\reference\appeal\algorithms\preference_evaluate\deepskin\data\toMax\rendered_2max\f10i\f10im8k_01.jpg",1148,1530
f10im8k,f10,f10i,m8k,"D:\work\secondYearMaster\thesis\reference\appeal\algorithms\preference_evaluate\deepskin\data\toMax\rendered_face\f10i\f10im8k_19_face.jpg","D:\work\secondYearMaster\thesis\reference\appeal\algorithms\preference_evaluate\deepskin\data\toMax\rendered_2max\f10i\f10im8k_01.jpg",1148,1530
f10im8k,f10,f10i,m8k,"D:\work\secondYearMaster\thesis\reference\appeal\algorithms\preference_evaluate\deepskin\data\toMax\rendered_face\f10i\f10im8k_20_face.jpg","D:\work\secondYearMaster\thesis\reference\appeal\algorithms\preference_evaluate\deepskin\data\toMax\rendered_2max\f10i\f10im8k_01.jpg",1148,1530
f10im8k,f10,f10i,m8k,"D:\work\secondYearMaster\thesis\reference\appeal\algorithms\preference_evaluate\deepskin\data\toMax\rendered_face\f10i\f10im8k_21_face.jpg","D:\work\secondYearMaster\thesis\reference\appeal\algorithms\preference_evaluate\deepskin\data\toMax\rendered_2max\f10i\f10im8k_01.jpg",1148,1530
f10im8k,f10,f10i,m8k,"D:\work\secondYearMaster\thesis\reference\appeal\algorithms\preference_evaluate\deepskin\data\toMax\rendered_face\f10i\f10im8k_22_face.jpg","D:\work\secondYearMaster\thesis\reference\appeal\algorithms\preference_evaluate\deepskin\data\toMax\rendered_2max\f10i\f10im8k_01.jpg",1148,1530
f10im8k,f10,f10i,m8k,"D:\work\secondYearMaster\thesis\reference\appeal\algorithms\preference_evaluate\deepskin\data\toMax\rendered_face\f10i\f10im8k_23_face.jpg","D:\work\secondYearMaster\thesis\reference\appeal\algorithms\preference_evaluate\deepskin\data\toMax\rendered_2max\f10i\f10im8k_01.jpg",1148,1530
f10im8k,f10,f10i,m8k,"D:\work\secondYearMaster\thesis\reference\appeal\algorithms\preference_evaluate\deepskin\data\toMax\rendered_face\f10i\f10im8k_24_face.jpg","D:\work\secondYearMaster\thesis\reference\appeal\algorithms\preference_evaluate\deepskin\data\toMax\rendered_2max\f10i\f10im8k_01.jpg",1148,1530
f10im8k,f10,f10i,m8k,"D:\work\secondYearMaster\thesis\reference\appeal\algorithms\preference_evaluate\deepskin\data\toMax\rendered_face\f10i\f10im8k_25_face.jpg","D:\work\secondYearMaster\thesis\reference\appeal\algorithms\preference_evaluate\deepskin\data\toMax\rendered_2max\f10i\f10im8k_01.jpg",1148,1530
f10im8k,f10,f10i,m8k,"D:\work\secondYearMaster\thesis\reference\appeal\algorithms\preference_evaluate\deepskin\data\toMax\rendered_face\f10i\f10im8k_26_face.jpg","D:\work\secondYearMaster\thesis\reference\appeal\algorithms\preference_evaluate\deepskin\data\toMax\rendered_2max\f10i\f10im8k_01.jpg",1148,1530
f10im8k,f10,f10i,m8k,"D:\work\secondYearMaster\thesis\reference\appeal\algorithms\preference_evaluate\deepskin\data\toMax\rendered_face\f10i\f10im8k_27_face.jpg","D:\work\secondYearMaster\thesis\reference\appeal\algorithms\preference_evaluate\deepskin\data\toMax\rendered_2max\f10i\f10im8k_01.jpg",1148,1530
f10im8k,f10,f10i,m8k,"D:\work\secondYearMaster\thesis\reference\appeal\algorithms\preference_evaluate\deepskin\data\toMax\rendered_face\f10i\f10im8k_28_face.jpg","D:\work\secondYearMaster\thesis\reference\appeal\algorithms\preference_evaluate\deepskin\data\toMax\rendered_2max\f10i\f10im8k_01.jpg",1148,1530
f10im8k,f10,f10i,m8k,"D:\work\secondYearMaster\thesis\reference\appeal\algorithms\preference_evaluate\deepskin\data\toMax\rendered_face\f10i\f10im8k_29_face.jpg","D:\work\secondYearMaster\thesis\reference\appeal\algorithms\preference_evaluate\deepskin\data\toMax\rendered_2max\f10i\f10im8k_01.jpg",1148,1530
f10im8k,f10,f10i,m8k,"D:\work\secondYearMaster\thesis\reference\appeal\algorithms\preference_evaluate\deepskin\data\toMax\rendered_face\f10i\f10im8k_30_face.jpg","D:\work\secondYearMaster\thesis\reference\appeal\algorithms\preference_evaluate\deepskin\data\toMax\rendered_2max\f10i\f10im8k_01.jpg",1148,1530
f10im8k,f10,f10i,m8k,"D:\work\secondYearMaster\thesis\reference\appeal\algorithms\preference_evaluate\deepskin\data\toMax\rendered_face\f10i\f10im8k_31_face.jpg","D:\work\secondYearMaster\thesis\reference\appeal\algorithms\preference_evaluate\deepskin\data\toMax\rendered_2max\f10i\f10im8k_01.jpg",1148,1530
f10im8k,f10,f10i,m8k,"D:\work\secondYearMaster\thesis\reference\appeal\algorithms\preference_evaluate\deepskin\data\toMax\rendered_face\f10i\f10im8k_32_face.jpg","D:\work\secondYearMaster\thesis\reference\appeal\algorithms\preference_evaluate\deepskin\data\toMax\rendered_2max\f10i\f10im8k_01.jpg",1148,1530
f10im8k,f10,f10i,m8k,"D:\work\secondYearMaster\thesis\reference\appeal\algorithms\preference_evaluate\deepskin\data\toMax\rendered_face\f10i\f10im8k_33_face.jpg","D:\work\secondYearMaster\thesis\reference\appeal\algorithms\preference_evaluate\deepskin\data\toMax\rendered_2max\f10i\f10im8k_01.jpg",1148,1530
f10imd65,f10,f10i,md65,"D:\work\secondYearMaster\thesis\reference\appeal\algorithms\preference_evaluate\deepskin\data\toMax\rendered_face\f10i\f10imd65_01_face.jpg","D:\work\secondYearMaster\thesis\reference\appeal\algorithms\preference_evaluate\deepskin\data\toMax\rendered_2max\f10i\f10imd65_01.jpg",1148,1530
f10imd65,f10,f10i,md65,"D:\work\secondYearMaster\thesis\reference\appeal\algorithms\preference_evaluate\deepskin\data\toMax\rendered_face\f10i\f10imd65_02_face.jpg","D:\work\secondYearMaster\thesis\reference\appeal\algorithms\preference_evaluate\deepskin\data\toMax\rendered_2max\f10i\f10imd65_01.jpg",1148,1530
f10imd65,f10,f10i,md65,"D:\work\secondYearMaster\thesis\reference\appeal\algorithms\preference_evaluate\deepskin\data\toMax\rendered_face\f10i\f10imd65_03_face.jpg","D:\work\secondYearMaster\thesis\reference\appeal\algorithms\preference_evaluate\deepskin\data\toMax\rendered_2max\f10i\f10imd65_01.jpg",1148,1530
f10imd65,f10,f10i,md65,"D:\work\secondYearMaster\thesis\reference\appeal\algorithms\preference_evaluate\deepskin\data\toMax\rendered_face\f10i\f10imd65_04_face.jpg","D:\work\secondYearMaster\thesis\reference\appeal\algorithms\preference_evaluate\deepskin\data\toMax\rendered_2max\f10i\f10imd65_01.jpg",1148,1530
f10imd65,f10,f10i,md65,"D:\work\secondYearMaster\thesis\reference\appeal\algorithms\preference_evaluate\deepskin\data\toMax\rendered_face\f10i\f10imd65_05_face.jpg","D:\work\secondYearMaster\thesis\reference\appeal\algorithms\preference_evaluate\deepskin\data\toMax\rendered_2max\f10i\f10imd65_01.jpg",1148,1530
f10imd65,f10,f10i,md65,"D:\work\secondYearMaster\thesis\reference\appeal\algorithms\preference_evaluate\deepskin\data\toMax\rendered_face\f10i\f10imd65_06_face.jpg","D:\work\secondYearMaster\thesis\reference\appeal\algorithms\preference_evaluate\deepskin\data\toMax\rendered_2max\f10i\f10imd65_01.jpg",1148,1530
f10imd65,f10,f10i,md65,"D:\work\secondYearMaster\thesis\reference\appeal\algorithms\preference_evaluate\deepskin\data\toMax\rendered_face\f10i\f10imd65_07_face.jpg","D:\work\secondYearMaster\thesis\reference\appeal\algorithms\preference_evaluate\deepskin\data\toMax\rendered_2max\f10i\f10imd65_01.jpg",1148,1530
f10imd65,f10,f10i,md65,"D:\work\secondYearMaster\thesis\reference\appeal\algorithms\preference_evaluate\deepskin\data\toMax\rendered_face\f10i\f10imd65_08_face.jpg","D:\work\secondYearMaster\thesis\reference\appeal\algorithms\preference_evaluate\deepskin\data\toMax\rendered_2max\f10i\f10imd65_01.jpg",1148,1530
f10imd65,f10,f10i,md65,"D:\work\secondYearMaster\thesis\reference\appeal\algorithms\preference_evaluate\deepskin\data\toMax\rendered_face\f10i\f10imd65_09_face.jpg","D:\work\secondYearMaster\thesis\reference\appeal\algorithms\preference_evaluate\deepskin\data\toMax\rendered_2max\f10i\f10imd65_01.jpg",1148,1530
f10imd65,f10,f10i,md65,"D:\work\secondYearMaster\thesis\reference\appeal\algorithms\preference_evaluate\deepskin\data\toMax\rendered_face\f10i\f10imd65_10_face.jpg","D:\work\secondYearMaster\thesis\reference\appeal\algorithms\preference_evaluate\deepskin\data\toMax\rendered_2max\f10i\f10imd65_01.jpg",1148,1530
f10imd65,f10,f10i,md65,"D:\work\secondYearMaster\thesis\reference\appeal\algorithms\preference_evaluate\deepskin\data\toMax\rendered_face\f10i\f10imd65_11_face.jpg","D:\work\secondYearMaster\thesis\reference\appeal\algorithms\preference_evaluate\deepskin\data\toMax\rendered_2max\f10i\f10imd65_01.jpg",1148,1530
f10imd65,f10,f10i,md65,"D:\work\secondYearMaster\thesis\reference\appeal\algorithms\preference_evaluate\deepskin\data\toMax\rendered_face\f10i\f10imd65_12_face.jpg","D:\work\secondYearMaster\thesis\reference\appeal\algorithms\preference_evaluate\deepskin\data\toMax\rendered_2max\f10i\f10imd65_01.jpg",1148,1530
f10imd65,f10,f10i,md65,"D:\work\secondYearMaster\thesis\reference\appeal\algorithms\preference_evaluate\deepskin\data\toMax\rendered_face\f10i\f10imd65_13_face.jpg","D:\work\secondYearMaster\thesis\reference\appeal\algorithms\preference_evaluate\deepskin\data\toMax\rendered_2max\f10i\f10imd65_01.jpg",1148,1530
f10imd65,f10,f10i,md65,"D:\work\secondYearMaster\thesis\reference\appeal\algorithms\preference_evaluate\deepskin\data\toMax\rendered_face\f10i\f10imd65_14_face.jpg","D:\work\secondYearMaster\thesis\reference\appeal\algorithms\preference_evaluate\deepskin\data\toMax\rendered_2max\f10i\f10imd65_01.jpg",1148,1530
f10imd65,f10,f10i,md65,"D:\work\secondYearMaster\thesis\reference\appeal\algorithms\preference_evaluate\deepskin\data\toMax\rendered_face\f10i\f10imd65_15_face.jpg","D:\work\secondYearMaster\thesis\reference\appeal\algorithms\preference_evaluate\deepskin\data\toMax\rendered_2max\f10i\f10imd65_01.jpg",1148,1530
f10imd65,f10,f10i,md65,"D:\work\secondYearMaster\thesis\reference\appeal\algorithms\preference_evaluate\deepskin\data\toMax\rendered_face\f10i\f10imd65_16_face.jpg","D:\work\secondYearMaster\thesis\reference\appeal\algorithms\preference_evaluate\deepskin\data\toMax\rendered_2max\f10i\f10imd65_01.jpg",1148,1530
f10imd65,f10,f10i,md65,"D:\work\secondYearMaster\thesis\reference\appeal\algorithms\preference_evaluate\deepskin\data\toMax\rendered_face\f10i\f10imd65_17_face.jpg","D:\work\secondYearMaster\thesis\reference\appeal\algorithms\preference_evaluate\deepskin\data\toMax\rendered_2max\f10i\f10imd65_01.jpg",1148,1530
f10imd65,f10,f10i,md65,"D:\work\secondYearMaster\thesis\reference\appeal\algorithms\preference_evaluate\deepskin\data\toMax\rendered_face\f10i\f10imd65_18_face.jpg","D:\work\secondYearMaster\thesis\reference\appeal\algorithms\preference_evaluate\deepskin\data\toMax\rendered_2max\f10i\f10imd65_01.jpg",1148,1530
f10imd65,f10,f10i,md65,"D:\work\secondYearMaster\thesis\reference\appeal\algorithms\preference_evaluate\deepskin\data\toMax\rendered_face\f10i\f10imd65_19_face.jpg","D:\work\secondYearMaster\thesis\reference\appeal\algorithms\preference_evaluate\deepskin\data\toMax\rendered_2max\f10i\f10imd65_01.jpg",1148,1530
f10imd65,f10,f10i,md65,"D:\work\secondYearMaster\thesis\reference\appeal\algorithms\preference_evaluate\deepskin\data\toMax\rendered_face\f10i\f10imd65_20_face.jpg","D:\work\secondYearMaster\thesis\reference\appeal\algorithms\preference_evaluate\deepskin\data\toMax\rendered_2max\f10i\f10imd65_01.jpg",1148,1530
f10imd65,f10,f10i,md65,"D:\work\secondYearMaster\thesis\reference\appeal\algorithms\preference_evaluate\deepskin\data\toMax\rendered_face\f10i\f10imd65_21_face.jpg","D:\work\secondYearMaster\thesis\reference\appeal\algorithms\preference_evaluate\deepskin\data\toMax\rendered_2max\f10i\f10imd65_01.jpg",1148,1530
f10imd65,f10,f10i,md65,"D:\work\secondYearMaster\thesis\reference\appeal\algorithms\preference_evaluate\deepskin\data\toMax\rendered_face\f10i\f10imd65_22_face.jpg","D:\work\secondYearMaster\thesis\reference\appeal\algorithms\preference_evaluate\deepskin\data\toMax\rendered_2max\f10i\f10imd65_01.jpg",1148,1530
f10imd65,f10,f10i,md65,"D:\work\secondYearMaster\thesis\reference\appeal\algorithms\preference_evaluate\deepskin\data\toMax\rendered_face\f10i\f10imd65_23_face.jpg","D:\work\secondYearMaster\thesis\reference\appeal\algorithms\preference_evaluate\deepskin\data\toMax\rendered_2max\f10i\f10imd65_01.jpg",1148,1530
f10imd65,f10,f10i,md65,"D:\work\secondYearMaster\thesis\reference\appeal\algorithms\preference_evaluate\deepskin\data\toMax\rendered_face\f10i\f10imd65_24_face.jpg","D:\work\secondYearMaster\thesis\reference\appeal\algorithms\preference_evaluate\deepskin\data\toMax\rendered_2max\f10i\f10imd65_01.jpg",1148,1530
f10imd65,f10,f10i,md65,"D:\work\secondYearMaster\thesis\reference\appeal\algorithms\preference_evaluate\deepskin\data\toMax\rendered_face\f10i\f10imd65_25_face.jpg","D:\work\secondYearMaster\thesis\reference\appeal\algorithms\preference_evaluate\deepskin\data\toMax\rendered_2max\f10i\f10imd65_01.jpg",1148,1530
f10imd65,f10,f10i,md65,"D:\work\secondYearMaster\thesis\reference\appeal\algorithms\preference_evaluate\deepskin\data\toMax\rendered_face\f10i\f10imd65_26_face.jpg","D:\work\secondYearMaster\thesis\reference\appeal\algorithms\preference_evaluate\deepskin\data\toMax\rendered_2max\f10i\f10imd65_01.jpg",1148,1530
f10imd65,f10,f10i,md65,"D:\work\secondYearMaster\thesis\reference\appeal\algorithms\preference_evaluate\deepskin\data\toMax\rendered_face\f10i\f10imd65_27_face.jpg","D:\work\secondYearMaster\thesis\reference\appeal\algorithms\preference_evaluate\deepskin\data\toMax\rendered_2max\f10i\f10imd65_01.jpg",1148,1530
f10imd65,f10,f10i,md65,"D:\work\secondYearMaster\thesis\reference\appeal\algorithms\preference_evaluate\deepskin\data\toMax\rendered_face\f10i\f10imd65_28_face.jpg","D:\work\secondYearMaster\thesis\reference\appeal\algorithms\preference_evaluate\deepskin\data\toMax\rendered_2max\f10i\f10imd65_01.jpg",1148,1530
f10imd65,f10,f10i,md65,"D:\work\secondYearMaster\thesis\reference\appeal\algorithms\preference_evaluate\deepskin\data\toMax\rendered_face\f10i\f10imd65_29_face.jpg","D:\work\secondYearMaster\thesis\reference\appeal\algorithms\preference_evaluate\deepskin\data\toMax\rendered_2max\f10i\f10imd65_01.jpg",1148,1530
f10imd65,f10,f10i,md65,"D:\work\secondYearMaster\thesis\reference\appeal\algorithms\preference_evaluate\deepskin\data\toMax\rendered_face\f10i\f10imd65_30_face.jpg","D:\work\secondYearMaster\thesis\reference\appeal\algorithms\preference_evaluate\deepskin\data\toMax\rendered_2max\f10i\f10imd65_01.jpg",1148,1530
f10imd65,f10,f10i,md65,"D:\work\secondYearMaster\thesis\reference\appeal\algorithms\preference_evaluate\deepskin\data\toMax\rendered_face\f10i\f10imd65_31_face.jpg","D:\work\secondYearMaster\thesis\reference\appeal\algorithms\preference_evaluate\deepskin\data\toMax\rendered_2max\f10i\f10imd65_01.jpg",1148,1530
f10imd65,f10,f10i,md65,"D:\work\secondYearMaster\thesis\reference\appeal\algorithms\preference_evaluate\deepskin\data\toMax\rendered_face\f10i\f10imd65_32_face.jpg","D:\work\secondYearMaster\thesis\reference\appeal\algorithms\preference_evaluate\deepskin\data\toMax\rendered_2max\f10i\f10imd65_01.jpg",1148,1530
f10imd65,f10,f10i,md65,"D:\work\secondYearMaster\thesis\reference\appeal\algorithms\preference_evaluate\deepskin\data\toMax\rendered_face\f10i\f10imd65_33_face.jpg","D:\work\secondYearMaster\thesis\reference\appeal\algorithms\preference_evaluate\deepskin\data\toMax\rendered_2max\f10i\f10imd65_01.jpg",1148,1530
m09ih3k,m09,m09i,h3k,"D:\work\secondYearMaster\thesis\reference\appeal\algorithms\preference_evaluate\deepskin\data\toMax\rendered_face\m09i\m09ih3k_01_face.jpg","D:\work\secondYearMaster\thesis\reference\appeal\algorithms\preference_evaluate\deepskin\data\toMax\rendered_2max\m09i\m09ih3k_01.jpg",1148,1530
m09ih3k,m09,m09i,h3k,"D:\work\secondYearMaster\thesis\reference\appeal\algorithms\preference_evaluate\deepskin\data\toMax\rendered_face\m09i\m09ih3k_02_face.jpg","D:\work\secondYearMaster\thesis\reference\appeal\algorithms\preference_evaluate\deepskin\data\toMax\rendered_2max\m09i\m09ih3k_01.jpg",1148,1530
m09ih3k,m09,m09i,h3k,"D:\work\secondYearMaster\thesis\reference\appeal\algorithms\preference_evaluate\deepskin\data\toMax\rendered_face\m09i\m09ih3k_03_face.jpg","D:\work\secondYearMaster\thesis\reference\appeal\algorithms\preference_evaluate\deepskin\data\toMax\rendered_2max\m09i\m09ih3k_01.jpg",1148,1530
m09ih3k,m09,m09i,h3k,"D:\work\secondYearMaster\thesis\reference\appeal\algorithms\preference_evaluate\deepskin\data\toMax\rendered_face\m09i\m09ih3k_04_face.jpg","D:\work\secondYearMaster\thesis\reference\appeal\algorithms\preference_evaluate\deepskin\data\toMax\rendered_2max\m09i\m09ih3k_01.jpg",1148,1530
m09ih3k,m09,m09i,h3k,"D:\work\secondYearMaster\thesis\reference\appeal\algorithms\preference_evaluate\deepskin\data\toMax\rendered_face\m09i\m09ih3k_05_face.jpg","D:\work\secondYearMaster\thesis\reference\appeal\algorithms\preference_evaluate\deepskin\data\toMax\rendered_2max\m09i\m09ih3k_01.jpg",1148,1530
m09ih3k,m09,m09i,h3k,"D:\work\secondYearMaster\thesis\reference\appeal\algorithms\preference_evaluate\deepskin\data\toMax\rendered_face\m09i\m09ih3k_06_face.jpg","D:\work\secondYearMaster\thesis\reference\appeal\algorithms\preference_evaluate\deepskin\data\toMax\rendered_2max\m09i\m09ih3k_01.jpg",1148,1530
m09ih3k,m09,m09i,h3k,"D:\work\secondYearMaster\thesis\reference\appeal\algorithms\preference_evaluate\deepskin\data\toMax\rendered_face\m09i\m09ih3k_07_face.jpg","D:\work\secondYearMaster\thesis\reference\appeal\algorithms\preference_evaluate\deepskin\data\toMax\rendered_2max\m09i\m09ih3k_01.jpg",1148,1530
m09ih3k,m09,m09i,h3k,"D:\work\secondYearMaster\thesis\reference\appeal\algorithms\preference_evaluate\deepskin\data\toMax\rendered_face\m09i\m09ih3k_08_face.jpg","D:\work\secondYearMaster\thesis\reference\appeal\algorithms\preference_evaluate\deepskin\data\toMax\rendered_2max\m09i\m09ih3k_01.jpg",1148,1530
m09ih3k,m09,m09i,h3k,"D:\work\secondYearMaster\thesis\reference\appeal\algorithms\preference_evaluate\deepskin\data\toMax\rendered_face\m09i\m09ih3k_09_face.jpg","D:\work\secondYearMaster\thesis\reference\appeal\algorithms\preference_evaluate\deepskin\data\toMax\rendered_2max\m09i\m09ih3k_01.jpg",1148,1530
m09ih3k,m09,m09i,h3k,"D:\work\secondYearMaster\thesis\reference\appeal\algorithms\preference_evaluate\deepskin\data\toMax\rendered_face\m09i\m09ih3k_10_face.jpg","D:\work\secondYearMaster\thesis\reference\appeal\algorithms\preference_evaluate\deepskin\data\toMax\rendered_2max\m09i\m09ih3k_01.jpg",1148,1530
m09ih3k,m09,m09i,h3k,"D:\work\secondYearMaster\thesis\reference\appeal\algorithms\preference_evaluate\deepskin\data\toMax\rendered_face\m09i\m09ih3k_11_face.jpg","D:\work\secondYearMaster\thesis\reference\appeal\algorithms\preference_evaluate\deepskin\data\toMax\rendered_2max\m09i\m09ih3k_01.jpg",1148,1530
m09ih3k,m09,m09i,h3k,"D:\work\secondYearMaster\thesis\reference\appeal\algorithms\preference_evaluate\deepskin\data\toMax\rendered_face\m09i\m09ih3k_12_face.jpg","D:\work\secondYearMaster\thesis\reference\appeal\algorithms\preference_evaluate\deepskin\data\toMax\rendered_2max\m09i\m09ih3k_01.jpg",1148,1530
m09ih3k,m09,m09i,h3k,"D:\work\secondYearMaster\thesis\reference\appeal\algorithms\preference_evaluate\deepskin\data\toMax\rendered_face\m09i\m09ih3k_13_face.jpg","D:\work\secondYearMaster\thesis\reference\appeal\algorithms\preference_evaluate\deepskin\data\toMax\rendered_2max\m09i\m09ih3k_01.jpg",1148,1530
m09ih3k,m09,m09i,h3k,"D:\work\secondYearMaster\thesis\reference\appeal\algorithms\preference_evaluate\deepskin\data\toMax\rendered_face\m09i\m09ih3k_14_face.jpg","D:\work\secondYearMaster\thesis\reference\appeal\algorithms\preference_evaluate\deepskin\data\toMax\rendered_2max\m09i\m09ih3k_01.jpg",1148,1530
m09ih3k,m09,m09i,h3k,"D:\work\secondYearMaster\thesis\reference\appeal\algorithms\preference_evaluate\deepskin\data\toMax\rendered_face\m09i\m09ih3k_15_face.jpg","D:\work\secondYearMaster\thesis\reference\appeal\algorithms\preference_evaluate\deepskin\data\toMax\rendered_2max\m09i\m09ih3k_01.jpg",1148,1530
m09ih3k,m09,m09i,h3k,"D:\work\secondYearMaster\thesis\reference\appeal\algorithms\preference_evaluate\deepskin\data\toMax\rendered_face\m09i\m09ih3k_16_face.jpg","D:\work\secondYearMaster\thesis\reference\appeal\algorithms\preference_evaluate\deepskin\data\toMax\rendered_2max\m09i\m09ih3k_01.jpg",1148,1530
m09ih3k,m09,m09i,h3k,"D:\work\secondYearMaster\thesis\reference\appeal\algorithms\preference_evaluate\deepskin\data\toMax\rendered_face\m09i\m09ih3k_17_face.jpg","D:\work\secondYearMaster\thesis\reference\appeal\algorithms\preference_evaluate\deepskin\data\toMax\rendered_2max\m09i\m09ih3k_01.jpg",1148,1530
m09ih3k,m09,m09i,h3k,"D:\work\secondYearMaster\thesis\reference\appeal\algorithms\preference_evaluate\deepskin\data\toMax\rendered_face\m09i\m09ih3k_18_face.jpg","D:\work\secondYearMaster\thesis\reference\appeal\algorithms\preference_evaluate\deepskin\data\toMax\rendered_2max\m09i\m09ih3k_01.jpg",1148,1530
m09ih3k,m09,m09i,h3k,"D:\work\secondYearMaster\thesis\reference\appeal\algorithms\preference_evaluate\deepskin\data\toMax\rendered_face\m09i\m09ih3k_19_face.jpg","D:\work\secondYearMaster\thesis\reference\appeal\algorithms\preference_evaluate\deepskin\data\toMax\rendered_2max\m09i\m09ih3k_01.jpg",1148,1530
m09ih3k,m09,m09i,h3k,"D:\work\secondYearMaster\thesis\reference\appeal\algorithms\preference_evaluate\deepskin\data\toMax\rendered_face\m09i\m09ih3k_20_face.jpg","D:\work\secondYearMaster\thesis\reference\appeal\algorithms\preference_evaluate\deepskin\data\toMax\rendered_2max\m09i\m09ih3k_01.jpg",1148,1530
m09ih3k,m09,m09i,h3k,"D:\work\secondYearMaster\thesis\reference\appeal\algorithms\preference_evaluate\deepskin\data\toMax\rendered_face\m09i\m09ih3k_21_face.jpg","D:\work\secondYearMaster\thesis\reference\appeal\algorithms\preference_evaluate\deepskin\data\toMax\rendered_2max\m09i\m09ih3k_01.jpg",1148,1530
m09ih3k,m09,m09i,h3k,"D:\work\secondYearMaster\thesis\reference\appeal\algorithms\preference_evaluate\deepskin\data\toMax\rendered_face\m09i\m09ih3k_22_face.jpg","D:\work\secondYearMaster\thesis\reference\appeal\algorithms\preference_evaluate\deepskin\data\toMax\rendered_2max\m09i\m09ih3k_01.jpg",1148,1530
m09ih3k,m09,m09i,h3k,"D:\work\secondYearMaster\thesis\reference\appeal\algorithms\preference_evaluate\deepskin\data\toMax\rendered_face\m09i\m09ih3k_23_face.jpg","D:\work\secondYearMaster\thesis\reference\appeal\algorithms\preference_evaluate\deepskin\data\toMax\rendered_2max\m09i\m09ih3k_01.jpg",1148,1530
m09ih3k,m09,m09i,h3k,"D:\work\secondYearMaster\thesis\reference\appeal\algorithms\preference_evaluate\deepskin\data\toMax\rendered_face\m09i\m09ih3k_24_face.jpg","D:\work\secondYearMaster\thesis\reference\appeal\algorithms\preference_evaluate\deepskin\data\toMax\rendered_2max\m09i\m09ih3k_01.jpg",1148,1530
m09ih3k,m09,m09i,h3k,"D:\work\secondYearMaster\thesis\reference\appeal\algorithms\preference_evaluate\deepskin\data\toMax\rendered_face\m09i\m09ih3k_25_face.jpg","D:\work\secondYearMaster\thesis\reference\appeal\algorithms\preference_evaluate\deepskin\data\toMax\rendered_2max\m09i\m09ih3k_01.jpg",1148,1530
m09ih3k,m09,m09i,h3k,"D:\work\secondYearMaster\thesis\reference\appeal\algorithms\preference_evaluate\deepskin\data\toMax\rendered_face\m09i\m09ih3k_26_face.jpg","D:\work\secondYearMaster\thesis\reference\appeal\algorithms\preference_evaluate\deepskin\data\toMax\rendered_2max\m09i\m09ih3k_01.jpg",1148,1530
m09ih3k,m09,m09i,h3k,"D:\work\secondYearMaster\thesis\reference\appeal\algorithms\preference_evaluate\deepskin\data\toMax\rendered_face\m09i\m09ih3k_27_face.jpg","D:\work\secondYearMaster\thesis\reference\appeal\algorithms\preference_evaluate\deepskin\data\toMax\rendered_2max\m09i\m09ih3k_01.jpg",1148,1530
m09ih3k,m09,m09i,h3k,"D:\work\secondYearMaster\thesis\reference\appeal\algorithms\preference_evaluate\deepskin\data\toMax\rendered_face\m09i\m09ih3k_28_face.jpg","D:\work\secondYearMaster\thesis\reference\appeal\algorithms\preference_evaluate\deepskin\data\toMax\rendered_2max\m09i\m09ih3k_01.jpg",1148,1530
m09ih3k,m09,m09i,h3k,"D:\work\secondYearMaster\thesis\reference\appeal\algorithms\preference_evaluate\deepskin\data\toMax\rendered_face\m09i\m09ih3k_29_face.jpg","D:\work\secondYearMaster\thesis\reference\appeal\algorithms\preference_evaluate\deepskin\data\toMax\rendered_2max\m09i\m09ih3k_01.jpg",1148,1530
m09ih3k,m09,m09i,h3k,"D:\work\secondYearMaster\thesis\reference\appeal\algorithms\preference_evaluate\deepskin\data\toMax\rendered_face\m09i\m09ih3k_30_face.jpg","D:\work\secondYearMaster\thesis\reference\appeal\algorithms\preference_evaluate\deepskin\data\toMax\rendered_2max\m09i\m09ih3k_01.jpg",1148,1530
m09ih3k,m09,m09i,h3k,"D:\work\secondYearMaster\thesis\reference\appeal\algorithms\preference_evaluate\deepskin\data\toMax\rendered_face\m09i\m09ih3k_31_face.jpg","D:\work\secondYearMaster\thesis\reference\appeal\algorithms\preference_evaluate\deepskin\data\toMax\rendered_2max\m09i\m09ih3k_01.jpg",1148,1530
m09ih3k,m09,m09i,h3k,"D:\work\secondYearMaster\thesis\reference\appeal\algorithms\preference_evaluate\deepskin\data\toMax\rendered_face\m09i\m09ih3k_32_face.jpg","D:\work\secondYearMaster\thesis\reference\appeal\algorithms\preference_evaluate\deepskin\data\toMax\rendered_2max\m09i\m09ih3k_01.jpg",1148,1530
m09ih3k,m09,m09i,h3k,"D:\work\secondYearMaster\thesis\reference\appeal\algorithms\preference_evaluate\deepskin\data\toMax\rendered_face\m09i\m09ih3k_33_face.jpg","D:\work\secondYearMaster\thesis\reference\appeal\algorithms\preference_evaluate\deepskin\data\toMax\rendered_2max\m09i\m09ih3k_01.jpg",1148,1530
m09ih4k,m09,m09i,h4k,"D:\work\secondYearMaster\thesis\reference\appeal\algorithms\preference_evaluate\deepskin\data\toMax\rendered_face\m09i\m09ih4k_01_face.jpg","D:\work\secondYearMaster\thesis\reference\appeal\algorithms\preference_evaluate\deepskin\data\toMax\rendered_2max\m09i\m09ih4k_01.jpg",1148,1530
m09ih4k,m09,m09i,h4k,"D:\work\secondYearMaster\thesis\reference\appeal\algorithms\preference_evaluate\deepskin\data\toMax\rendered_face\m09i\m09ih4k_02_face.jpg","D:\work\secondYearMaster\thesis\reference\appeal\algorithms\preference_evaluate\deepskin\data\toMax\rendered_2max\m09i\m09ih4k_01.jpg",1148,1530
m09ih4k,m09,m09i,h4k,"D:\work\secondYearMaster\thesis\reference\appeal\algorithms\preference_evaluate\deepskin\data\toMax\rendered_face\m09i\m09ih4k_03_face.jpg","D:\work\secondYearMaster\thesis\reference\appeal\algorithms\preference_evaluate\deepskin\data\toMax\rendered_2max\m09i\m09ih4k_01.jpg",1148,1530
m09ih4k,m09,m09i,h4k,"D:\work\secondYearMaster\thesis\reference\appeal\algorithms\preference_evaluate\deepskin\data\toMax\rendered_face\m09i\m09ih4k_04_face.jpg","D:\work\secondYearMaster\thesis\reference\appeal\algorithms\preference_evaluate\deepskin\data\toMax\rendered_2max\m09i\m09ih4k_01.jpg",1148,1530
m09ih4k,m09,m09i,h4k,"D:\work\secondYearMaster\thesis\reference\appeal\algorithms\preference_evaluate\deepskin\data\toMax\rendered_face\m09i\m09ih4k_05_face.jpg","D:\work\secondYearMaster\thesis\reference\appeal\algorithms\preference_evaluate\deepskin\data\toMax\rendered_2max\m09i\m09ih4k_01.jpg",1148,1530
m09ih4k,m09,m09i,h4k,"D:\work\secondYearMaster\thesis\reference\appeal\algorithms\preference_evaluate\deepskin\data\toMax\rendered_face\m09i\m09ih4k_06_face.jpg","D:\work\secondYearMaster\thesis\reference\appeal\algorithms\preference_evaluate\deepskin\data\toMax\rendered_2max\m09i\m09ih4k_01.jpg",1148,1530
m09ih4k,m09,m09i,h4k,"D:\work\secondYearMaster\thesis\reference\appeal\algorithms\preference_evaluate\deepskin\data\toMax\rendered_face\m09i\m09ih4k_07_face.jpg","D:\work\secondYearMaster\thesis\reference\appeal\algorithms\preference_evaluate\deepskin\data\toMax\rendered_2max\m09i\m09ih4k_01.jpg",1148,1530
m09ih4k,m09,m09i,h4k,"D:\work\secondYearMaster\thesis\reference\appeal\algorithms\preference_evaluate\deepskin\data\toMax\rendered_face\m09i\m09ih4k_08_face.jpg","D:\work\secondYearMaster\thesis\reference\appeal\algorithms\preference_evaluate\deepskin\data\toMax\rendered_2max\m09i\m09ih4k_01.jpg",1148,1530
m09ih4k,m09,m09i,h4k,"D:\work\secondYearMaster\thesis\reference\appeal\algorithms\preference_evaluate\deepskin\data\toMax\rendered_face\m09i\m09ih4k_09_face.jpg","D:\work\secondYearMaster\thesis\reference\appeal\algorithms\preference_evaluate\deepskin\data\toMax\rendered_2max\m09i\m09ih4k_01.jpg",1148,1530
m09ih4k,m09,m09i,h4k,"D:\work\secondYearMaster\thesis\reference\appeal\algorithms\preference_evaluate\deepskin\data\toMax\rendered_face\m09i\m09ih4k_10_face.jpg","D:\work\secondYearMaster\thesis\reference\appeal\algorithms\preference_evaluate\deepskin\data\toMax\rendered_2max\m09i\m09ih4k_01.jpg",1148,1530
m09ih4k,m09,m09i,h4k,"D:\work\secondYearMaster\thesis\reference\appeal\algorithms\preference_evaluate\deepskin\data\toMax\rendered_face\m09i\m09ih4k_11_face.jpg","D:\work\secondYearMaster\thesis\reference\appeal\algorithms\preference_evaluate\deepskin\data\toMax\rendered_2max\m09i\m09ih4k_01.jpg",1148,1530
m09ih4k,m09,m09i,h4k,"D:\work\secondYearMaster\thesis\reference\appeal\algorithms\preference_evaluate\deepskin\data\toMax\rendered_face\m09i\m09ih4k_12_face.jpg","D:\work\secondYearMaster\thesis\reference\appeal\algorithms\preference_evaluate\deepskin\data\toMax\rendered_2max\m09i\m09ih4k_01.jpg",1148,1530
m09ih4k,m09,m09i,h4k,"D:\work\secondYearMaster\thesis\reference\appeal\algorithms\preference_evaluate\deepskin\data\toMax\rendered_face\m09i\m09ih4k_13_face.jpg","D:\work\secondYearMaster\thesis\reference\appeal\algorithms\preference_evaluate\deepskin\data\toMax\rendered_2max\m09i\m09ih4k_01.jpg",1148,1530
m09ih4k,m09,m09i,h4k,"D:\work\secondYearMaster\thesis\reference\appeal\algorithms\preference_evaluate\deepskin\data\toMax\rendered_face\m09i\m09ih4k_14_face.jpg","D:\work\secondYearMaster\thesis\reference\appeal\algorithms\preference_evaluate\deepskin\data\toMax\rendered_2max\m09i\m09ih4k_01.jpg",1148,1530
m09ih4k,m09,m09i,h4k,"D:\work\secondYearMaster\thesis\reference\appeal\algorithms\preference_evaluate\deepskin\data\toMax\rendered_face\m09i\m09ih4k_15_face.jpg","D:\work\secondYearMaster\thesis\reference\appeal\algorithms\preference_evaluate\deepskin\data\toMax\rendered_2max\m09i\m09ih4k_01.jpg",1148,1530
m09ih4k,m09,m09i,h4k,"D:\work\secondYearMaster\thesis\reference\appeal\algorithms\preference_evaluate\deepskin\data\toMax\rendered_face\m09i\m09ih4k_16_face.jpg","D:\work\secondYearMaster\thesis\reference\appeal\algorithms\preference_evaluate\deepskin\data\toMax\rendered_2max\m09i\m09ih4k_01.jpg",1148,1530
m09ih4k,m09,m09i,h4k,"D:\work\secondYearMaster\thesis\reference\appeal\algorithms\preference_evaluate\deepskin\data\toMax\rendered_face\m09i\m09ih4k_17_face.jpg","D:\work\secondYearMaster\thesis\reference\appeal\algorithms\preference_evaluate\deepskin\data\toMax\rendered_2max\m09i\m09ih4k_01.jpg",1148,1530
m09ih4k,m09,m09i,h4k,"D:\work\secondYearMaster\thesis\reference\appeal\algorithms\preference_evaluate\deepskin\data\toMax\rendered_face\m09i\m09ih4k_18_face.jpg","D:\work\secondYearMaster\thesis\reference\appeal\algorithms\preference_evaluate\deepskin\data\toMax\rendered_2max\m09i\m09ih4k_01.jpg",1148,1530
m09ih4k,m09,m09i,h4k,"D:\work\secondYearMaster\thesis\reference\appeal\algorithms\preference_evaluate\deepskin\data\toMax\rendered_face\m09i\m09ih4k_19_face.jpg","D:\work\secondYearMaster\thesis\reference\appeal\algorithms\preference_evaluate\deepskin\data\toMax\rendered_2max\m09i\m09ih4k_01.jpg",1148,1530
m09ih4k,m09,m09i,h4k,"D:\work\secondYearMaster\thesis\reference\appeal\algorithms\preference_evaluate\deepskin\data\toMax\rendered_face\m09i\m09ih4k_20_face.jpg","D:\work\secondYearMaster\thesis\reference\appeal\algorithms\preference_evaluate\deepskin\data\toMax\rendered_2max\m09i\m09ih4k_01.jpg",1148,1530
m09ih4k,m09,m09i,h4k,"D:\work\secondYearMaster\thesis\reference\appeal\algorithms\preference_evaluate\deepskin\data\toMax\rendered_face\m09i\m09ih4k_21_face.jpg","D:\work\secondYearMaster\thesis\reference\appeal\algorithms\preference_evaluate\deepskin\data\toMax\rendered_2max\m09i\m09ih4k_01.jpg",1148,1530
m09ih4k,m09,m09i,h4k,"D:\work\secondYearMaster\thesis\reference\appeal\algorithms\preference_evaluate\deepskin\data\toMax\rendered_face\m09i\m09ih4k_22_face.jpg","D:\work\secondYearMaster\thesis\reference\appeal\algorithms\preference_evaluate\deepskin\data\toMax\rendered_2max\m09i\m09ih4k_01.jpg",1148,1530
m09ih4k,m09,m09i,h4k,"D:\work\secondYearMaster\thesis\reference\appeal\algorithms\preference_evaluate\deepskin\data\toMax\rendered_face\m09i\m09ih4k_23_face.jpg","D:\work\secondYearMaster\thesis\reference\appeal\algorithms\preference_evaluate\deepskin\data\toMax\rendered_2max\m09i\m09ih4k_01.jpg",1148,1530
m09ih4k,m09,m09i,h4k,"D:\work\secondYearMaster\thesis\reference\appeal\algorithms\preference_evaluate\deepskin\data\toMax\rendered_face\m09i\m09ih4k_24_face.jpg","D:\work\secondYearMaster\thesis\reference\appeal\algorithms\preference_evaluate\deepskin\data\toMax\rendered_2max\m09i\m09ih4k_01.jpg",1148,1530
m09ih4k,m09,m09i,h4k,"D:\work\secondYearMaster\thesis\reference\appeal\algorithms\preference_evaluate\deepskin\data\toMax\rendered_face\m09i\m09ih4k_25_face.jpg","D:\work\secondYearMaster\thesis\reference\appeal\algorithms\preference_evaluate\deepskin\data\toMax\rendered_2max\m09i\m09ih4k_01.jpg",1148,1530
m09ih4k,m09,m09i,h4k,"D:\work\secondYearMaster\thesis\reference\appeal\algorithms\preference_evaluate\deepskin\data\toMax\rendered_face\m09i\m09ih4k_26_face.jpg","D:\work\secondYearMaster\thesis\reference\appeal\algorithms\preference_evaluate\deepskin\data\toMax\rendered_2max\m09i\m09ih4k_01.jpg",1148,1530
m09ih4k,m09,m09i,h4k,"D:\work\secondYearMaster\thesis\reference\appeal\algorithms\preference_evaluate\deepskin\data\toMax\rendered_face\m09i\m09ih4k_27_face.jpg","D:\work\secondYearMaster\thesis\reference\appeal\algorithms\preference_evaluate\deepskin\data\toMax\rendered_2max\m09i\m09ih4k_01.jpg",1148,1530
m09ih4k,m09,m09i,h4k,"D:\work\secondYearMaster\thesis\reference\appeal\algorithms\preference_evaluate\deepskin\data\toMax\rendered_face\m09i\m09ih4k_28_face.jpg","D:\work\secondYearMaster\thesis\reference\appeal\algorithms\preference_evaluate\deepskin\data\toMax\rendered_2max\m09i\m09ih4k_01.jpg",1148,1530
m09ih4k,m09,m09i,h4k,"D:\work\secondYearMaster\thesis\reference\appeal\algorithms\preference_evaluate\deepskin\data\toMax\rendered_face\m09i\m09ih4k_29_face.jpg","D:\work\secondYearMaster\thesis\reference\appeal\algorithms\preference_evaluate\deepskin\data\toMax\rendered_2max\m09i\m09ih4k_01.jpg",1148,1530
m09ih4k,m09,m09i,h4k,"D:\work\secondYearMaster\thesis\reference\appeal\algorithms\preference_evaluate\deepskin\data\toMax\rendered_face\m09i\m09ih4k_30_face.jpg","D:\work\secondYearMaster\thesis\reference\appeal\algorithms\preference_evaluate\deepskin\data\toMax\rendered_2max\m09i\m09ih4k_01.jpg",1148,1530
m09ih4k,m09,m09i,h4k,"D:\work\secondYearMaster\thesis\reference\appeal\algorithms\preference_evaluate\deepskin\data\toMax\rendered_face\m09i\m09ih4k_31_face.jpg","D:\work\secondYearMaster\thesis\reference\appeal\algorithms\preference_evaluate\deepskin\data\toMax\rendered_2max\m09i\m09ih4k_01.jpg",1148,1530
m09ih4k,m09,m09i,h4k,"D:\work\secondYearMaster\thesis\reference\appeal\algorithms\preference_evaluate\deepskin\data\toMax\rendered_face\m09i\m09ih4k_32_face.jpg","D:\work\secondYearMaster\thesis\reference\appeal\algorithms\preference_evaluate\deepskin\data\toMax\rendered_2max\m09i\m09ih4k_01.jpg",1148,1530
m09ih4k,m09,m09i,h4k,"D:\work\secondYearMaster\thesis\reference\appeal\algorithms\preference_evaluate\deepskin\data\toMax\rendered_face\m09i\m09ih4k_33_face.jpg","D:\work\secondYearMaster\thesis\reference\appeal\algorithms\preference_evaluate\deepskin\data\toMax\rendered_2max\m09i\m09ih4k_01.jpg",1148,1530
m09ih5k,m09,m09i,h5k,"D:\work\secondYearMaster\thesis\reference\appeal\algorithms\preference_evaluate\deepskin\data\toMax\rendered_face\m09i\m09ih5k_01_face.jpg","D:\work\secondYearMaster\thesis\reference\appeal\algorithms\preference_evaluate\deepskin\data\toMax\rendered_2max\m09i\m09ih5k_01.jpg",1148,1530
m09ih5k,m09,m09i,h5k,"D:\work\secondYearMaster\thesis\reference\appeal\algorithms\preference_evaluate\deepskin\data\toMax\rendered_face\m09i\m09ih5k_02_face.jpg","D:\work\secondYearMaster\thesis\reference\appeal\algorithms\preference_evaluate\deepskin\data\toMax\rendered_2max\m09i\m09ih5k_01.jpg",1148,1530
m09ih5k,m09,m09i,h5k,"D:\work\secondYearMaster\thesis\reference\appeal\algorithms\preference_evaluate\deepskin\data\toMax\rendered_face\m09i\m09ih5k_03_face.jpg","D:\work\secondYearMaster\thesis\reference\appeal\algorithms\preference_evaluate\deepskin\data\toMax\rendered_2max\m09i\m09ih5k_01.jpg",1148,1530
m09ih5k,m09,m09i,h5k,"D:\work\secondYearMaster\thesis\reference\appeal\algorithms\preference_evaluate\deepskin\data\toMax\rendered_face\m09i\m09ih5k_04_face.jpg","D:\work\secondYearMaster\thesis\reference\appeal\algorithms\preference_evaluate\deepskin\data\toMax\rendered_2max\m09i\m09ih5k_01.jpg",1148,1530
m09ih5k,m09,m09i,h5k,"D:\work\secondYearMaster\thesis\reference\appeal\algorithms\preference_evaluate\deepskin\data\toMax\rendered_face\m09i\m09ih5k_05_face.jpg","D:\work\secondYearMaster\thesis\reference\appeal\algorithms\preference_evaluate\deepskin\data\toMax\rendered_2max\m09i\m09ih5k_01.jpg",1148,1530
m09ih5k,m09,m09i,h5k,"D:\work\secondYearMaster\thesis\reference\appeal\algorithms\preference_evaluate\deepskin\data\toMax\rendered_face\m09i\m09ih5k_06_face.jpg","D:\work\secondYearMaster\thesis\reference\appeal\algorithms\preference_evaluate\deepskin\data\toMax\rendered_2max\m09i\m09ih5k_01.jpg",1148,1530
m09ih5k,m09,m09i,h5k,"D:\work\secondYearMaster\thesis\reference\appeal\algorithms\preference_evaluate\deepskin\data\toMax\rendered_face\m09i\m09ih5k_07_face.jpg","D:\work\secondYearMaster\thesis\reference\appeal\algorithms\preference_evaluate\deepskin\data\toMax\rendered_2max\m09i\m09ih5k_01.jpg",1148,1530
m09ih5k,m09,m09i,h5k,"D:\work\secondYearMaster\thesis\reference\appeal\algorithms\preference_evaluate\deepskin\data\toMax\rendered_face\m09i\m09ih5k_08_face.jpg","D:\work\secondYearMaster\thesis\reference\appeal\algorithms\preference_evaluate\deepskin\data\toMax\rendered_2max\m09i\m09ih5k_01.jpg",1148,1530
m09ih5k,m09,m09i,h5k,"D:\work\secondYearMaster\thesis\reference\appeal\algorithms\preference_evaluate\deepskin\data\toMax\rendered_face\m09i\m09ih5k_09_face.jpg","D:\work\secondYearMaster\thesis\reference\appeal\algorithms\preference_evaluate\deepskin\data\toMax\rendered_2max\m09i\m09ih5k_01.jpg",1148,1530
m09ih5k,m09,m09i,h5k,"D:\work\secondYearMaster\thesis\reference\appeal\algorithms\preference_evaluate\deepskin\data\toMax\rendered_face\m09i\m09ih5k_10_face.jpg","D:\work\secondYearMaster\thesis\reference\appeal\algorithms\preference_evaluate\deepskin\data\toMax\rendered_2max\m09i\m09ih5k_01.jpg",1148,1530
m09ih5k,m09,m09i,h5k,"D:\work\secondYearMaster\thesis\reference\appeal\algorithms\preference_evaluate\deepskin\data\toMax\rendered_face\m09i\m09ih5k_11_face.jpg","D:\work\secondYearMaster\thesis\reference\appeal\algorithms\preference_evaluate\deepskin\data\toMax\rendered_2max\m09i\m09ih5k_01.jpg",1148,1530
m09ih5k,m09,m09i,h5k,"D:\work\secondYearMaster\thesis\reference\appeal\algorithms\preference_evaluate\deepskin\data\toMax\rendered_face\m09i\m09ih5k_12_face.jpg","D:\work\secondYearMaster\thesis\reference\appeal\algorithms\preference_evaluate\deepskin\data\toMax\rendered_2max\m09i\m09ih5k_01.jpg",1148,1530
m09ih5k,m09,m09i,h5k,"D:\work\secondYearMaster\thesis\reference\appeal\algorithms\preference_evaluate\deepskin\data\toMax\rendered_face\m09i\m09ih5k_13_face.jpg","D:\work\secondYearMaster\thesis\reference\appeal\algorithms\preference_evaluate\deepskin\data\toMax\rendered_2max\m09i\m09ih5k_01.jpg",1148,1530
m09ih5k,m09,m09i,h5k,"D:\work\secondYearMaster\thesis\reference\appeal\algorithms\preference_evaluate\deepskin\data\toMax\rendered_face\m09i\m09ih5k_14_face.jpg","D:\work\secondYearMaster\thesis\reference\appeal\algorithms\preference_evaluate\deepskin\data\toMax\rendered_2max\m09i\m09ih5k_01.jpg",1148,1530
m09ih5k,m09,m09i,h5k,"D:\work\secondYearMaster\thesis\reference\appeal\algorithms\preference_evaluate\deepskin\data\toMax\rendered_face\m09i\m09ih5k_15_face.jpg","D:\work\secondYearMaster\thesis\reference\appeal\algorithms\preference_evaluate\deepskin\data\toMax\rendered_2max\m09i\m09ih5k_01.jpg",1148,1530
m09ih5k,m09,m09i,h5k,"D:\work\secondYearMaster\thesis\reference\appeal\algorithms\preference_evaluate\deepskin\data\toMax\rendered_face\m09i\m09ih5k_16_face.jpg","D:\work\secondYearMaster\thesis\reference\appeal\algorithms\preference_evaluate\deepskin\data\toMax\rendered_2max\m09i\m09ih5k_01.jpg",1148,1530
m09ih5k,m09,m09i,h5k,"D:\work\secondYearMaster\thesis\reference\appeal\algorithms\preference_evaluate\deepskin\data\toMax\rendered_face\m09i\m09ih5k_17_face.jpg","D:\work\secondYearMaster\thesis\reference\appeal\algorithms\preference_evaluate\deepskin\data\toMax\rendered_2max\m09i\m09ih5k_01.jpg",1148,1530
m09ih5k,m09,m09i,h5k,"D:\work\secondYearMaster\thesis\reference\appeal\algorithms\preference_evaluate\deepskin\data\toMax\rendered_face\m09i\m09ih5k_18_face.jpg","D:\work\secondYearMaster\thesis\reference\appeal\algorithms\preference_evaluate\deepskin\data\toMax\rendered_2max\m09i\m09ih5k_01.jpg",1148,1530
m09ih5k,m09,m09i,h5k,"D:\work\secondYearMaster\thesis\reference\appeal\algorithms\preference_evaluate\deepskin\data\toMax\rendered_face\m09i\m09ih5k_19_face.jpg","D:\work\secondYearMaster\thesis\reference\appeal\algorithms\preference_evaluate\deepskin\data\toMax\rendered_2max\m09i\m09ih5k_01.jpg",1148,1530
m09ih5k,m09,m09i,h5k,"D:\work\secondYearMaster\thesis\reference\appeal\algorithms\preference_evaluate\deepskin\data\toMax\rendered_face\m09i\m09ih5k_20_face.jpg","D:\work\secondYearMaster\thesis\reference\appeal\algorithms\preference_evaluate\deepskin\data\toMax\rendered_2max\m09i\m09ih5k_01.jpg",1148,1530
m09ih5k,m09,m09i,h5k,"D:\work\secondYearMaster\thesis\reference\appeal\algorithms\preference_evaluate\deepskin\data\toMax\rendered_face\m09i\m09ih5k_21_face.jpg","D:\work\secondYearMaster\thesis\reference\appeal\algorithms\preference_evaluate\deepskin\data\toMax\rendered_2max\m09i\m09ih5k_01.jpg",1148,1530
m09ih5k,m09,m09i,h5k,"D:\work\secondYearMaster\thesis\reference\appeal\algorithms\preference_evaluate\deepskin\data\toMax\rendered_face\m09i\m09ih5k_22_face.jpg","D:\work\secondYearMaster\thesis\reference\appeal\algorithms\preference_evaluate\deepskin\data\toMax\rendered_2max\m09i\m09ih5k_01.jpg",1148,1530
m09ih5k,m09,m09i,h5k,"D:\work\secondYearMaster\thesis\reference\appeal\algorithms\preference_evaluate\deepskin\data\toMax\rendered_face\m09i\m09ih5k_23_face.jpg","D:\work\secondYearMaster\thesis\reference\appeal\algorithms\preference_evaluate\deepskin\data\toMax\rendered_2max\m09i\m09ih5k_01.jpg",1148,1530
m09ih5k,m09,m09i,h5k,"D:\work\secondYearMaster\thesis\reference\appeal\algorithms\preference_evaluate\deepskin\data\toMax\rendered_face\m09i\m09ih5k_24_face.jpg","D:\work\secondYearMaster\thesis\reference\appeal\algorithms\preference_evaluate\deepskin\data\toMax\rendered_2max\m09i\m09ih5k_01.jpg",1148,1530
m09ih5k,m09,m09i,h5k,"D:\work\secondYearMaster\thesis\reference\appeal\algorithms\preference_evaluate\deepskin\data\toMax\rendered_face\m09i\m09ih5k_25_face.jpg","D:\work\secondYearMaster\thesis\reference\appeal\algorithms\preference_evaluate\deepskin\data\toMax\rendered_2max\m09i\m09ih5k_01.jpg",1148,1530
m09ih5k,m09,m09i,h5k,"D:\work\secondYearMaster\thesis\reference\appeal\algorithms\preference_evaluate\deepskin\data\toMax\rendered_face\m09i\m09ih5k_26_face.jpg","D:\work\secondYearMaster\thesis\reference\appeal\algorithms\preference_evaluate\deepskin\data\toMax\rendered_2max\m09i\m09ih5k_01.jpg",1148,1530
m09ih5k,m09,m09i,h5k,"D:\work\secondYearMaster\thesis\reference\appeal\algorithms\preference_evaluate\deepskin\data\toMax\rendered_face\m09i\m09ih5k_27_face.jpg","D:\work\secondYearMaster\thesis\reference\appeal\algorithms\preference_evaluate\deepskin\data\toMax\rendered_2max\m09i\m09ih5k_01.jpg",1148,1530
m09ih5k,m09,m09i,h5k,"D:\work\secondYearMaster\thesis\reference\appeal\algorithms\preference_evaluate\deepskin\data\toMax\rendered_face\m09i\m09ih5k_28_face.jpg","D:\work\secondYearMaster\thesis\reference\appeal\algorithms\preference_evaluate\deepskin\data\toMax\rendered_2max\m09i\m09ih5k_01.jpg",1148,1530
m09ih5k,m09,m09i,h5k,"D:\work\secondYearMaster\thesis\reference\appeal\algorithms\preference_evaluate\deepskin\data\toMax\rendered_face\m09i\m09ih5k_29_face.jpg","D:\work\secondYearMaster\thesis\reference\appeal\algorithms\preference_evaluate\deepskin\data\toMax\rendered_2max\m09i\m09ih5k_01.jpg",1148,1530
m09ih5k,m09,m09i,h5k,"D:\work\secondYearMaster\thesis\reference\appeal\algorithms\preference_evaluate\deepskin\data\toMax\rendered_face\m09i\m09ih5k_30_face.jpg","D:\work\secondYearMaster\thesis\reference\appeal\algorithms\preference_evaluate\deepskin\data\toMax\rendered_2max\m09i\m09ih5k_01.jpg",1148,1530
m09ih5k,m09,m09i,h5k,"D:\work\secondYearMaster\thesis\reference\appeal\algorithms\preference_evaluate\deepskin\data\toMax\rendered_face\m09i\m09ih5k_31_face.jpg","D:\work\secondYearMaster\thesis\reference\appeal\algorithms\preference_evaluate\deepskin\data\toMax\rendered_2max\m09i\m09ih5k_01.jpg",1148,1530
m09ih5k,m09,m09i,h5k,"D:\work\secondYearMaster\thesis\reference\appeal\algorithms\preference_evaluate\deepskin\data\toMax\rendered_face\m09i\m09ih5k_32_face.jpg","D:\work\secondYearMaster\thesis\reference\appeal\algorithms\preference_evaluate\deepskin\data\toMax\rendered_2max\m09i\m09ih5k_01.jpg",1148,1530
m09ih5k,m09,m09i,h5k,"D:\work\secondYearMaster\thesis\reference\appeal\algorithms\preference_evaluate\deepskin\data\toMax\rendered_face\m09i\m09ih5k_33_face.jpg","D:\work\secondYearMaster\thesis\reference\appeal\algorithms\preference_evaluate\deepskin\data\toMax\rendered_2max\m09i\m09ih5k_01.jpg",1148,1530
m09ih6k,m09,m09i,h6k,"D:\work\secondYearMaster\thesis\reference\appeal\algorithms\preference_evaluate\deepskin\data\toMax\rendered_face\m09i\m09ih6k_01_face.jpg","D:\work\secondYearMaster\thesis\reference\appeal\algorithms\preference_evaluate\deepskin\data\toMax\rendered_2max\m09i\m09ih6k_01.jpg",1148,1530
m09ih6k,m09,m09i,h6k,"D:\work\secondYearMaster\thesis\reference\appeal\algorithms\preference_evaluate\deepskin\data\toMax\rendered_face\m09i\m09ih6k_02_face.jpg","D:\work\secondYearMaster\thesis\reference\appeal\algorithms\preference_evaluate\deepskin\data\toMax\rendered_2max\m09i\m09ih6k_01.jpg",1148,1530
m09ih6k,m09,m09i,h6k,"D:\work\secondYearMaster\thesis\reference\appeal\algorithms\preference_evaluate\deepskin\data\toMax\rendered_face\m09i\m09ih6k_03_face.jpg","D:\work\secondYearMaster\thesis\reference\appeal\algorithms\preference_evaluate\deepskin\data\toMax\rendered_2max\m09i\m09ih6k_01.jpg",1148,1530
m09ih6k,m09,m09i,h6k,"D:\work\secondYearMaster\thesis\reference\appeal\algorithms\preference_evaluate\deepskin\data\toMax\rendered_face\m09i\m09ih6k_04_face.jpg","D:\work\secondYearMaster\thesis\reference\appeal\algorithms\preference_evaluate\deepskin\data\toMax\rendered_2max\m09i\m09ih6k_01.jpg",1148,1530
m09ih6k,m09,m09i,h6k,"D:\work\secondYearMaster\thesis\reference\appeal\algorithms\preference_evaluate\deepskin\data\toMax\rendered_face\m09i\m09ih6k_05_face.jpg","D:\work\secondYearMaster\thesis\reference\appeal\algorithms\preference_evaluate\deepskin\data\toMax\rendered_2max\m09i\m09ih6k_01.jpg",1148,1530
m09ih6k,m09,m09i,h6k,"D:\work\secondYearMaster\thesis\reference\appeal\algorithms\preference_evaluate\deepskin\data\toMax\rendered_face\m09i\m09ih6k_06_face.jpg","D:\work\secondYearMaster\thesis\reference\appeal\algorithms\preference_evaluate\deepskin\data\toMax\rendered_2max\m09i\m09ih6k_01.jpg",1148,1530
m09ih6k,m09,m09i,h6k,"D:\work\secondYearMaster\thesis\reference\appeal\algorithms\preference_evaluate\deepskin\data\toMax\rendered_face\m09i\m09ih6k_07_face.jpg","D:\work\secondYearMaster\thesis\reference\appeal\algorithms\preference_evaluate\deepskin\data\toMax\rendered_2max\m09i\m09ih6k_01.jpg",1148,1530
m09ih6k,m09,m09i,h6k,"D:\work\secondYearMaster\thesis\reference\appeal\algorithms\preference_evaluate\deepskin\data\toMax\rendered_face\m09i\m09ih6k_08_face.jpg","D:\work\secondYearMaster\thesis\reference\appeal\algorithms\preference_evaluate\deepskin\data\toMax\rendered_2max\m09i\m09ih6k_01.jpg",1148,1530
m09ih6k,m09,m09i,h6k,"D:\work\secondYearMaster\thesis\reference\appeal\algorithms\preference_evaluate\deepskin\data\toMax\rendered_face\m09i\m09ih6k_09_face.jpg","D:\work\secondYearMaster\thesis\reference\appeal\algorithms\preference_evaluate\deepskin\data\toMax\rendered_2max\m09i\m09ih6k_01.jpg",1148,1530
m09ih6k,m09,m09i,h6k,"D:\work\secondYearMaster\thesis\reference\appeal\algorithms\preference_evaluate\deepskin\data\toMax\rendered_face\m09i\m09ih6k_10_face.jpg","D:\work\secondYearMaster\thesis\reference\appeal\algorithms\preference_evaluate\deepskin\data\toMax\rendered_2max\m09i\m09ih6k_01.jpg",1148,1530
m09ih6k,m09,m09i,h6k,"D:\work\secondYearMaster\thesis\reference\appeal\algorithms\preference_evaluate\deepskin\data\toMax\rendered_face\m09i\m09ih6k_11_face.jpg","D:\work\secondYearMaster\thesis\reference\appeal\algorithms\preference_evaluate\deepskin\data\toMax\rendered_2max\m09i\m09ih6k_01.jpg",1148,1530
m09ih6k,m09,m09i,h6k,"D:\work\secondYearMaster\thesis\reference\appeal\algorithms\preference_evaluate\deepskin\data\toMax\rendered_face\m09i\m09ih6k_12_face.jpg","D:\work\secondYearMaster\thesis\reference\appeal\algorithms\preference_evaluate\deepskin\data\toMax\rendered_2max\m09i\m09ih6k_01.jpg",1148,1530
m09ih6k,m09,m09i,h6k,"D:\work\secondYearMaster\thesis\reference\appeal\algorithms\preference_evaluate\deepskin\data\toMax\rendered_face\m09i\m09ih6k_13_face.jpg","D:\work\secondYearMaster\thesis\reference\appeal\algorithms\preference_evaluate\deepskin\data\toMax\rendered_2max\m09i\m09ih6k_01.jpg",1148,1530
m09ih6k,m09,m09i,h6k,"D:\work\secondYearMaster\thesis\reference\appeal\algorithms\preference_evaluate\deepskin\data\toMax\rendered_face\m09i\m09ih6k_14_face.jpg","D:\work\secondYearMaster\thesis\reference\appeal\algorithms\preference_evaluate\deepskin\data\toMax\rendered_2max\m09i\m09ih6k_01.jpg",1148,1530
m09ih6k,m09,m09i,h6k,"D:\work\secondYearMaster\thesis\reference\appeal\algorithms\preference_evaluate\deepskin\data\toMax\rendered_face\m09i\m09ih6k_15_face.jpg","D:\work\secondYearMaster\thesis\reference\appeal\algorithms\preference_evaluate\deepskin\data\toMax\rendered_2max\m09i\m09ih6k_01.jpg",1148,1530
m09ih6k,m09,m09i,h6k,"D:\work\secondYearMaster\thesis\reference\appeal\algorithms\preference_evaluate\deepskin\data\toMax\rendered_face\m09i\m09ih6k_16_face.jpg","D:\work\secondYearMaster\thesis\reference\appeal\algorithms\preference_evaluate\deepskin\data\toMax\rendered_2max\m09i\m09ih6k_01.jpg",1148,1530
m09ih6k,m09,m09i,h6k,"D:\work\secondYearMaster\thesis\reference\appeal\algorithms\preference_evaluate\deepskin\data\toMax\rendered_face\m09i\m09ih6k_17_face.jpg","D:\work\secondYearMaster\thesis\reference\appeal\algorithms\preference_evaluate\deepskin\data\toMax\rendered_2max\m09i\m09ih6k_01.jpg",1148,1530
m09ih6k,m09,m09i,h6k,"D:\work\secondYearMaster\thesis\reference\appeal\algorithms\preference_evaluate\deepskin\data\toMax\rendered_face\m09i\m09ih6k_18_face.jpg","D:\work\secondYearMaster\thesis\reference\appeal\algorithms\preference_evaluate\deepskin\data\toMax\rendered_2max\m09i\m09ih6k_01.jpg",1148,1530
m09ih6k,m09,m09i,h6k,"D:\work\secondYearMaster\thesis\reference\appeal\algorithms\preference_evaluate\deepskin\data\toMax\rendered_face\m09i\m09ih6k_19_face.jpg","D:\work\secondYearMaster\thesis\reference\appeal\algorithms\preference_evaluate\deepskin\data\toMax\rendered_2max\m09i\m09ih6k_01.jpg",1148,1530
m09ih6k,m09,m09i,h6k,"D:\work\secondYearMaster\thesis\reference\appeal\algorithms\preference_evaluate\deepskin\data\toMax\rendered_face\m09i\m09ih6k_20_face.jpg","D:\work\secondYearMaster\thesis\reference\appeal\algorithms\preference_evaluate\deepskin\data\toMax\rendered_2max\m09i\m09ih6k_01.jpg",1148,1530
m09ih6k,m09,m09i,h6k,"D:\work\secondYearMaster\thesis\reference\appeal\algorithms\preference_evaluate\deepskin\data\toMax\rendered_face\m09i\m09ih6k_21_face.jpg","D:\work\secondYearMaster\thesis\reference\appeal\algorithms\preference_evaluate\deepskin\data\toMax\rendered_2max\m09i\m09ih6k_01.jpg",1148,1530
m09ih6k,m09,m09i,h6k,"D:\work\secondYearMaster\thesis\reference\appeal\algorithms\preference_evaluate\deepskin\data\toMax\rendered_face\m09i\m09ih6k_22_face.jpg","D:\work\secondYearMaster\thesis\reference\appeal\algorithms\preference_evaluate\deepskin\data\toMax\rendered_2max\m09i\m09ih6k_01.jpg",1148,1530
m09ih6k,m09,m09i,h6k,"D:\work\secondYearMaster\thesis\reference\appeal\algorithms\preference_evaluate\deepskin\data\toMax\rendered_face\m09i\m09ih6k_23_face.jpg","D:\work\secondYearMaster\thesis\reference\appeal\algorithms\preference_evaluate\deepskin\data\toMax\rendered_2max\m09i\m09ih6k_01.jpg",1148,1530
m09ih6k,m09,m09i,h6k,"D:\work\secondYearMaster\thesis\reference\appeal\algorithms\preference_evaluate\deepskin\data\toMax\rendered_face\m09i\m09ih6k_24_face.jpg","D:\work\secondYearMaster\thesis\reference\appeal\algorithms\preference_evaluate\deepskin\data\toMax\rendered_2max\m09i\m09ih6k_01.jpg",1148,1530
m09ih6k,m09,m09i,h6k,"D:\work\secondYearMaster\thesis\reference\appeal\algorithms\preference_evaluate\deepskin\data\toMax\rendered_face\m09i\m09ih6k_25_face.jpg","D:\work\secondYearMaster\thesis\reference\appeal\algorithms\preference_evaluate\deepskin\data\toMax\rendered_2max\m09i\m09ih6k_01.jpg",1148,1530
m09ih6k,m09,m09i,h6k,"D:\work\secondYearMaster\thesis\reference\appeal\algorithms\preference_evaluate\deepskin\data\toMax\rendered_face\m09i\m09ih6k_26_face.jpg","D:\work\secondYearMaster\thesis\reference\appeal\algorithms\preference_evaluate\deepskin\data\toMax\rendered_2max\m09i\m09ih6k_01.jpg",1148,1530
m09ih6k,m09,m09i,h6k,"D:\work\secondYearMaster\thesis\reference\appeal\algorithms\preference_evaluate\deepskin\data\toMax\rendered_face\m09i\m09ih6k_27_face.jpg","D:\work\secondYearMaster\thesis\reference\appeal\algorithms\preference_evaluate\deepskin\data\toMax\rendered_2max\m09i\m09ih6k_01.jpg",1148,1530
m09ih6k,m09,m09i,h6k,"D:\work\secondYearMaster\thesis\reference\appeal\algorithms\preference_evaluate\deepskin\data\toMax\rendered_face\m09i\m09ih6k_28_face.jpg","D:\work\secondYearMaster\thesis\reference\appeal\algorithms\preference_evaluate\deepskin\data\toMax\rendered_2max\m09i\m09ih6k_01.jpg",1148,1530
m09ih6k,m09,m09i,h6k,"D:\work\secondYearMaster\thesis\reference\appeal\algorithms\preference_evaluate\deepskin\data\toMax\rendered_face\m09i\m09ih6k_29_face.jpg","D:\work\secondYearMaster\thesis\reference\appeal\algorithms\preference_evaluate\deepskin\data\toMax\rendered_2max\m09i\m09ih6k_01.jpg",1148,1530
m09ih6k,m09,m09i,h6k,"D:\work\secondYearMaster\thesis\reference\appeal\algorithms\preference_evaluate\deepskin\data\toMax\rendered_face\m09i\m09ih6k_30_face.jpg","D:\work\secondYearMaster\thesis\reference\appeal\algorithms\preference_evaluate\deepskin\data\toMax\rendered_2max\m09i\m09ih6k_01.jpg",1148,1530
m09ih6k,m09,m09i,h6k,"D:\work\secondYearMaster\thesis\reference\appeal\algorithms\preference_evaluate\deepskin\data\toMax\rendered_face\m09i\m09ih6k_31_face.jpg","D:\work\secondYearMaster\thesis\reference\appeal\algorithms\preference_evaluate\deepskin\data\toMax\rendered_2max\m09i\m09ih6k_01.jpg",1148,1530
m09ih6k,m09,m09i,h6k,"D:\work\secondYearMaster\thesis\reference\appeal\algorithms\preference_evaluate\deepskin\data\toMax\rendered_face\m09i\m09ih6k_32_face.jpg","D:\work\secondYearMaster\thesis\reference\appeal\algorithms\preference_evaluate\deepskin\data\toMax\rendered_2max\m09i\m09ih6k_01.jpg",1148,1530
m09ih6k,m09,m09i,h6k,"D:\work\secondYearMaster\thesis\reference\appeal\algorithms\preference_evaluate\deepskin\data\toMax\rendered_face\m09i\m09ih6k_33_face.jpg","D:\work\secondYearMaster\thesis\reference\appeal\algorithms\preference_evaluate\deepskin\data\toMax\rendered_2max\m09i\m09ih6k_01.jpg",1148,1530
m09ih7k,m09,m09i,h7k,"D:\work\secondYearMaster\thesis\reference\appeal\algorithms\preference_evaluate\deepskin\data\toMax\rendered_face\m09i\m09ih7k_01_face.jpg","D:\work\secondYearMaster\thesis\reference\appeal\algorithms\preference_evaluate\deepskin\data\toMax\rendered_2max\m09i\m09ih7k_01.jpg",1148,1530
m09ih7k,m09,m09i,h7k,"D:\work\secondYearMaster\thesis\reference\appeal\algorithms\preference_evaluate\deepskin\data\toMax\rendered_face\m09i\m09ih7k_02_face.jpg","D:\work\secondYearMaster\thesis\reference\appeal\algorithms\preference_evaluate\deepskin\data\toMax\rendered_2max\m09i\m09ih7k_01.jpg",1148,1530
m09ih7k,m09,m09i,h7k,"D:\work\secondYearMaster\thesis\reference\appeal\algorithms\preference_evaluate\deepskin\data\toMax\rendered_face\m09i\m09ih7k_03_face.jpg","D:\work\secondYearMaster\thesis\reference\appeal\algorithms\preference_evaluate\deepskin\data\toMax\rendered_2max\m09i\m09ih7k_01.jpg",1148,1530
m09ih7k,m09,m09i,h7k,"D:\work\secondYearMaster\thesis\reference\appeal\algorithms\preference_evaluate\deepskin\data\toMax\rendered_face\m09i\m09ih7k_04_face.jpg","D:\work\secondYearMaster\thesis\reference\appeal\algorithms\preference_evaluate\deepskin\data\toMax\rendered_2max\m09i\m09ih7k_01.jpg",1148,1530
m09ih7k,m09,m09i,h7k,"D:\work\secondYearMaster\thesis\reference\appeal\algorithms\preference_evaluate\deepskin\data\toMax\rendered_face\m09i\m09ih7k_05_face.jpg","D:\work\secondYearMaster\thesis\reference\appeal\algorithms\preference_evaluate\deepskin\data\toMax\rendered_2max\m09i\m09ih7k_01.jpg",1148,1530
m09ih7k,m09,m09i,h7k,"D:\work\secondYearMaster\thesis\reference\appeal\algorithms\preference_evaluate\deepskin\data\toMax\rendered_face\m09i\m09ih7k_06_face.jpg","D:\work\secondYearMaster\thesis\reference\appeal\algorithms\preference_evaluate\deepskin\data\toMax\rendered_2max\m09i\m09ih7k_01.jpg",1148,1530
m09ih7k,m09,m09i,h7k,"D:\work\secondYearMaster\thesis\reference\appeal\algorithms\preference_evaluate\deepskin\data\toMax\rendered_face\m09i\m09ih7k_07_face.jpg","D:\work\secondYearMaster\thesis\reference\appeal\algorithms\preference_evaluate\deepskin\data\toMax\rendered_2max\m09i\m09ih7k_01.jpg",1148,1530
m09ih7k,m09,m09i,h7k,"D:\work\secondYearMaster\thesis\reference\appeal\algorithms\preference_evaluate\deepskin\data\toMax\rendered_face\m09i\m09ih7k_08_face.jpg","D:\work\secondYearMaster\thesis\reference\appeal\algorithms\preference_evaluate\deepskin\data\toMax\rendered_2max\m09i\m09ih7k_01.jpg",1148,1530
m09ih7k,m09,m09i,h7k,"D:\work\secondYearMaster\thesis\reference\appeal\algorithms\preference_evaluate\deepskin\data\toMax\rendered_face\m09i\m09ih7k_09_face.jpg","D:\work\secondYearMaster\thesis\reference\appeal\algorithms\preference_evaluate\deepskin\data\toMax\rendered_2max\m09i\m09ih7k_01.jpg",1148,1530
m09ih7k,m09,m09i,h7k,"D:\work\secondYearMaster\thesis\reference\appeal\algorithms\preference_evaluate\deepskin\data\toMax\rendered_face\m09i\m09ih7k_10_face.jpg","D:\work\secondYearMaster\thesis\reference\appeal\algorithms\preference_evaluate\deepskin\data\toMax\rendered_2max\m09i\m09ih7k_01.jpg",1148,1530
m09ih7k,m09,m09i,h7k,"D:\work\secondYearMaster\thesis\reference\appeal\algorithms\preference_evaluate\deepskin\data\toMax\rendered_face\m09i\m09ih7k_11_face.jpg","D:\work\secondYearMaster\thesis\reference\appeal\algorithms\preference_evaluate\deepskin\data\toMax\rendered_2max\m09i\m09ih7k_01.jpg",1148,1530
m09ih7k,m09,m09i,h7k,"D:\work\secondYearMaster\thesis\reference\appeal\algorithms\preference_evaluate\deepskin\data\toMax\rendered_face\m09i\m09ih7k_12_face.jpg","D:\work\secondYearMaster\thesis\reference\appeal\algorithms\preference_evaluate\deepskin\data\toMax\rendered_2max\m09i\m09ih7k_01.jpg",1148,1530
m09ih7k,m09,m09i,h7k,"D:\work\secondYearMaster\thesis\reference\appeal\algorithms\preference_evaluate\deepskin\data\toMax\rendered_face\m09i\m09ih7k_13_face.jpg","D:\work\secondYearMaster\thesis\reference\appeal\algorithms\preference_evaluate\deepskin\data\toMax\rendered_2max\m09i\m09ih7k_01.jpg",1148,1530
m09ih7k,m09,m09i,h7k,"D:\work\secondYearMaster\thesis\reference\appeal\algorithms\preference_evaluate\deepskin\data\toMax\rendered_face\m09i\m09ih7k_14_face.jpg","D:\work\secondYearMaster\thesis\reference\appeal\algorithms\preference_evaluate\deepskin\data\toMax\rendered_2max\m09i\m09ih7k_01.jpg",1148,1530
m09ih7k,m09,m09i,h7k,"D:\work\secondYearMaster\thesis\reference\appeal\algorithms\preference_evaluate\deepskin\data\toMax\rendered_face\m09i\m09ih7k_15_face.jpg","D:\work\secondYearMaster\thesis\reference\appeal\algorithms\preference_evaluate\deepskin\data\toMax\rendered_2max\m09i\m09ih7k_01.jpg",1148,1530
m09ih7k,m09,m09i,h7k,"D:\work\secondYearMaster\thesis\reference\appeal\algorithms\preference_evaluate\deepskin\data\toMax\rendered_face\m09i\m09ih7k_16_face.jpg","D:\work\secondYearMaster\thesis\reference\appeal\algorithms\preference_evaluate\deepskin\data\toMax\rendered_2max\m09i\m09ih7k_01.jpg",1148,1530
m09ih7k,m09,m09i,h7k,"D:\work\secondYearMaster\thesis\reference\appeal\algorithms\preference_evaluate\deepskin\data\toMax\rendered_face\m09i\m09ih7k_17_face.jpg","D:\work\secondYearMaster\thesis\reference\appeal\algorithms\preference_evaluate\deepskin\data\toMax\rendered_2max\m09i\m09ih7k_01.jpg",1148,1530
m09ih7k,m09,m09i,h7k,"D:\work\secondYearMaster\thesis\reference\appeal\algorithms\preference_evaluate\deepskin\data\toMax\rendered_face\m09i\m09ih7k_18_face.jpg","D:\work\secondYearMaster\thesis\reference\appeal\algorithms\preference_evaluate\deepskin\data\toMax\rendered_2max\m09i\m09ih7k_01.jpg",1148,1530
m09ih7k,m09,m09i,h7k,"D:\work\secondYearMaster\thesis\reference\appeal\algorithms\preference_evaluate\deepskin\data\toMax\rendered_face\m09i\m09ih7k_19_face.jpg","D:\work\secondYearMaster\thesis\reference\appeal\algorithms\preference_evaluate\deepskin\data\toMax\rendered_2max\m09i\m09ih7k_01.jpg",1148,1530
m09ih7k,m09,m09i,h7k,"D:\work\secondYearMaster\thesis\reference\appeal\algorithms\preference_evaluate\deepskin\data\toMax\rendered_face\m09i\m09ih7k_20_face.jpg","D:\work\secondYearMaster\thesis\reference\appeal\algorithms\preference_evaluate\deepskin\data\toMax\rendered_2max\m09i\m09ih7k_01.jpg",1148,1530
m09ih7k,m09,m09i,h7k,"D:\work\secondYearMaster\thesis\reference\appeal\algorithms\preference_evaluate\deepskin\data\toMax\rendered_face\m09i\m09ih7k_21_face.jpg","D:\work\secondYearMaster\thesis\reference\appeal\algorithms\preference_evaluate\deepskin\data\toMax\rendered_2max\m09i\m09ih7k_01.jpg",1148,1530
m09ih7k,m09,m09i,h7k,"D:\work\secondYearMaster\thesis\reference\appeal\algorithms\preference_evaluate\deepskin\data\toMax\rendered_face\m09i\m09ih7k_22_face.jpg","D:\work\secondYearMaster\thesis\reference\appeal\algorithms\preference_evaluate\deepskin\data\toMax\rendered_2max\m09i\m09ih7k_01.jpg",1148,1530
m09ih7k,m09,m09i,h7k,"D:\work\secondYearMaster\thesis\reference\appeal\algorithms\preference_evaluate\deepskin\data\toMax\rendered_face\m09i\m09ih7k_23_face.jpg","D:\work\secondYearMaster\thesis\reference\appeal\algorithms\preference_evaluate\deepskin\data\toMax\rendered_2max\m09i\m09ih7k_01.jpg",1148,1530
m09ih7k,m09,m09i,h7k,"D:\work\secondYearMaster\thesis\reference\appeal\algorithms\preference_evaluate\deepskin\data\toMax\rendered_face\m09i\m09ih7k_24_face.jpg","D:\work\secondYearMaster\thesis\reference\appeal\algorithms\preference_evaluate\deepskin\data\toMax\rendered_2max\m09i\m09ih7k_01.jpg",1148,1530
m09ih7k,m09,m09i,h7k,"D:\work\secondYearMaster\thesis\reference\appeal\algorithms\preference_evaluate\deepskin\data\toMax\rendered_face\m09i\m09ih7k_25_face.jpg","D:\work\secondYearMaster\thesis\reference\appeal\algorithms\preference_evaluate\deepskin\data\toMax\rendered_2max\m09i\m09ih7k_01.jpg",1148,1530
m09ih7k,m09,m09i,h7k,"D:\work\secondYearMaster\thesis\reference\appeal\algorithms\preference_evaluate\deepskin\data\toMax\rendered_face\m09i\m09ih7k_26_face.jpg","D:\work\secondYearMaster\thesis\reference\appeal\algorithms\preference_evaluate\deepskin\data\toMax\rendered_2max\m09i\m09ih7k_01.jpg",1148,1530
m09ih7k,m09,m09i,h7k,"D:\work\secondYearMaster\thesis\reference\appeal\algorithms\preference_evaluate\deepskin\data\toMax\rendered_face\m09i\m09ih7k_27_face.jpg","D:\work\secondYearMaster\thesis\reference\appeal\algorithms\preference_evaluate\deepskin\data\toMax\rendered_2max\m09i\m09ih7k_01.jpg",1148,1530
m09ih7k,m09,m09i,h7k,"D:\work\secondYearMaster\thesis\reference\appeal\algorithms\preference_evaluate\deepskin\data\toMax\rendered_face\m09i\m09ih7k_28_face.jpg","D:\work\secondYearMaster\thesis\reference\appeal\algorithms\preference_evaluate\deepskin\data\toMax\rendered_2max\m09i\m09ih7k_01.jpg",1148,1530
m09ih7k,m09,m09i,h7k,"D:\work\secondYearMaster\thesis\reference\appeal\algorithms\preference_evaluate\deepskin\data\toMax\rendered_face\m09i\m09ih7k_29_face.jpg","D:\work\secondYearMaster\thesis\reference\appeal\algorithms\preference_evaluate\deepskin\data\toMax\rendered_2max\m09i\m09ih7k_01.jpg",1148,1530
m09ih7k,m09,m09i,h7k,"D:\work\secondYearMaster\thesis\reference\appeal\algorithms\preference_evaluate\deepskin\data\toMax\rendered_face\m09i\m09ih7k_30_face.jpg","D:\work\secondYearMaster\thesis\reference\appeal\algorithms\preference_evaluate\deepskin\data\toMax\rendered_2max\m09i\m09ih7k_01.jpg",1148,1530
m09ih7k,m09,m09i,h7k,"D:\work\secondYearMaster\thesis\reference\appeal\algorithms\preference_evaluate\deepskin\data\toMax\rendered_face\m09i\m09ih7k_31_face.jpg","D:\work\secondYearMaster\thesis\reference\appeal\algorithms\preference_evaluate\deepskin\data\toMax\rendered_2max\m09i\m09ih7k_01.jpg",1148,1530
m09ih7k,m09,m09i,h7k,"D:\work\secondYearMaster\thesis\reference\appeal\algorithms\preference_evaluate\deepskin\data\toMax\rendered_face\m09i\m09ih7k_32_face.jpg","D:\work\secondYearMaster\thesis\reference\appeal\algorithms\preference_evaluate\deepskin\data\toMax\rendered_2max\m09i\m09ih7k_01.jpg",1148,1530
m09ih7k,m09,m09i,h7k,"D:\work\secondYearMaster\thesis\reference\appeal\algorithms\preference_evaluate\deepskin\data\toMax\rendered_face\m09i\m09ih7k_33_face.jpg","D:\work\secondYearMaster\thesis\reference\appeal\algorithms\preference_evaluate\deepskin\data\toMax\rendered_2max\m09i\m09ih7k_01.jpg",1148,1530
m09ih8k,m09,m09i,h8k,"D:\work\secondYearMaster\thesis\reference\appeal\algorithms\preference_evaluate\deepskin\data\toMax\rendered_face\m09i\m09ih8k_01_face.jpg","D:\work\secondYearMaster\thesis\reference\appeal\algorithms\preference_evaluate\deepskin\data\toMax\rendered_2max\m09i\m09ih8k_01.jpg",1148,1530
m09ih8k,m09,m09i,h8k,"D:\work\secondYearMaster\thesis\reference\appeal\algorithms\preference_evaluate\deepskin\data\toMax\rendered_face\m09i\m09ih8k_02_face.jpg","D:\work\secondYearMaster\thesis\reference\appeal\algorithms\preference_evaluate\deepskin\data\toMax\rendered_2max\m09i\m09ih8k_01.jpg",1148,1530
m09ih8k,m09,m09i,h8k,"D:\work\secondYearMaster\thesis\reference\appeal\algorithms\preference_evaluate\deepskin\data\toMax\rendered_face\m09i\m09ih8k_03_face.jpg","D:\work\secondYearMaster\thesis\reference\appeal\algorithms\preference_evaluate\deepskin\data\toMax\rendered_2max\m09i\m09ih8k_01.jpg",1148,1530
m09ih8k,m09,m09i,h8k,"D:\work\secondYearMaster\thesis\reference\appeal\algorithms\preference_evaluate\deepskin\data\toMax\rendered_face\m09i\m09ih8k_04_face.jpg","D:\work\secondYearMaster\thesis\reference\appeal\algorithms\preference_evaluate\deepskin\data\toMax\rendered_2max\m09i\m09ih8k_01.jpg",1148,1530
m09ih8k,m09,m09i,h8k,"D:\work\secondYearMaster\thesis\reference\appeal\algorithms\preference_evaluate\deepskin\data\toMax\rendered_face\m09i\m09ih8k_05_face.jpg","D:\work\secondYearMaster\thesis\reference\appeal\algorithms\preference_evaluate\deepskin\data\toMax\rendered_2max\m09i\m09ih8k_01.jpg",1148,1530
m09ih8k,m09,m09i,h8k,"D:\work\secondYearMaster\thesis\reference\appeal\algorithms\preference_evaluate\deepskin\data\toMax\rendered_face\m09i\m09ih8k_06_face.jpg","D:\work\secondYearMaster\thesis\reference\appeal\algorithms\preference_evaluate\deepskin\data\toMax\rendered_2max\m09i\m09ih8k_01.jpg",1148,1530
m09ih8k,m09,m09i,h8k,"D:\work\secondYearMaster\thesis\reference\appeal\algorithms\preference_evaluate\deepskin\data\toMax\rendered_face\m09i\m09ih8k_07_face.jpg","D:\work\secondYearMaster\thesis\reference\appeal\algorithms\preference_evaluate\deepskin\data\toMax\rendered_2max\m09i\m09ih8k_01.jpg",1148,1530
m09ih8k,m09,m09i,h8k,"D:\work\secondYearMaster\thesis\reference\appeal\algorithms\preference_evaluate\deepskin\data\toMax\rendered_face\m09i\m09ih8k_08_face.jpg","D:\work\secondYearMaster\thesis\reference\appeal\algorithms\preference_evaluate\deepskin\data\toMax\rendered_2max\m09i\m09ih8k_01.jpg",1148,1530
m09ih8k,m09,m09i,h8k,"D:\work\secondYearMaster\thesis\reference\appeal\algorithms\preference_evaluate\deepskin\data\toMax\rendered_face\m09i\m09ih8k_09_face.jpg","D:\work\secondYearMaster\thesis\reference\appeal\algorithms\preference_evaluate\deepskin\data\toMax\rendered_2max\m09i\m09ih8k_01.jpg",1148,1530
m09ih8k,m09,m09i,h8k,"D:\work\secondYearMaster\thesis\reference\appeal\algorithms\preference_evaluate\deepskin\data\toMax\rendered_face\m09i\m09ih8k_10_face.jpg","D:\work\secondYearMaster\thesis\reference\appeal\algorithms\preference_evaluate\deepskin\data\toMax\rendered_2max\m09i\m09ih8k_01.jpg",1148,1530
m09ih8k,m09,m09i,h8k,"D:\work\secondYearMaster\thesis\reference\appeal\algorithms\preference_evaluate\deepskin\data\toMax\rendered_face\m09i\m09ih8k_11_face.jpg","D:\work\secondYearMaster\thesis\reference\appeal\algorithms\preference_evaluate\deepskin\data\toMax\rendered_2max\m09i\m09ih8k_01.jpg",1148,1530
m09ih8k,m09,m09i,h8k,"D:\work\secondYearMaster\thesis\reference\appeal\algorithms\preference_evaluate\deepskin\data\toMax\rendered_face\m09i\m09ih8k_12_face.jpg","D:\work\secondYearMaster\thesis\reference\appeal\algorithms\preference_evaluate\deepskin\data\toMax\rendered_2max\m09i\m09ih8k_01.jpg",1148,1530
m09ih8k,m09,m09i,h8k,"D:\work\secondYearMaster\thesis\reference\appeal\algorithms\preference_evaluate\deepskin\data\toMax\rendered_face\m09i\m09ih8k_13_face.jpg","D:\work\secondYearMaster\thesis\reference\appeal\algorithms\preference_evaluate\deepskin\data\toMax\rendered_2max\m09i\m09ih8k_01.jpg",1148,1530
m09ih8k,m09,m09i,h8k,"D:\work\secondYearMaster\thesis\reference\appeal\algorithms\preference_evaluate\deepskin\data\toMax\rendered_face\m09i\m09ih8k_14_face.jpg","D:\work\secondYearMaster\thesis\reference\appeal\algorithms\preference_evaluate\deepskin\data\toMax\rendered_2max\m09i\m09ih8k_01.jpg",1148,1530
m09ih8k,m09,m09i,h8k,"D:\work\secondYearMaster\thesis\reference\appeal\algorithms\preference_evaluate\deepskin\data\toMax\rendered_face\m09i\m09ih8k_15_face.jpg","D:\work\secondYearMaster\thesis\reference\appeal\algorithms\preference_evaluate\deepskin\data\toMax\rendered_2max\m09i\m09ih8k_01.jpg",1148,1530
m09ih8k,m09,m09i,h8k,"D:\work\secondYearMaster\thesis\reference\appeal\algorithms\preference_evaluate\deepskin\data\toMax\rendered_face\m09i\m09ih8k_16_face.jpg","D:\work\secondYearMaster\thesis\reference\appeal\algorithms\preference_evaluate\deepskin\data\toMax\rendered_2max\m09i\m09ih8k_01.jpg",1148,1530
m09ih8k,m09,m09i,h8k,"D:\work\secondYearMaster\thesis\reference\appeal\algorithms\preference_evaluate\deepskin\data\toMax\rendered_face\m09i\m09ih8k_17_face.jpg","D:\work\secondYearMaster\thesis\reference\appeal\algorithms\preference_evaluate\deepskin\data\toMax\rendered_2max\m09i\m09ih8k_01.jpg",1148,1530
m09ih8k,m09,m09i,h8k,"D:\work\secondYearMaster\thesis\reference\appeal\algorithms\preference_evaluate\deepskin\data\toMax\rendered_face\m09i\m09ih8k_18_face.jpg","D:\work\secondYearMaster\thesis\reference\appeal\algorithms\preference_evaluate\deepskin\data\toMax\rendered_2max\m09i\m09ih8k_01.jpg",1148,1530
m09ih8k,m09,m09i,h8k,"D:\work\secondYearMaster\thesis\reference\appeal\algorithms\preference_evaluate\deepskin\data\toMax\rendered_face\m09i\m09ih8k_19_face.jpg","D:\work\secondYearMaster\thesis\reference\appeal\algorithms\preference_evaluate\deepskin\data\toMax\rendered_2max\m09i\m09ih8k_01.jpg",1148,1530
m09ih8k,m09,m09i,h8k,"D:\work\secondYearMaster\thesis\reference\appeal\algorithms\preference_evaluate\deepskin\data\toMax\rendered_face\m09i\m09ih8k_20_face.jpg","D:\work\secondYearMaster\thesis\reference\appeal\algorithms\preference_evaluate\deepskin\data\toMax\rendered_2max\m09i\m09ih8k_01.jpg",1148,1530
m09ih8k,m09,m09i,h8k,"D:\work\secondYearMaster\thesis\reference\appeal\algorithms\preference_evaluate\deepskin\data\toMax\rendered_face\m09i\m09ih8k_21_face.jpg","D:\work\secondYearMaster\thesis\reference\appeal\algorithms\preference_evaluate\deepskin\data\toMax\rendered_2max\m09i\m09ih8k_01.jpg",1148,1530
m09ih8k,m09,m09i,h8k,"D:\work\secondYearMaster\thesis\reference\appeal\algorithms\preference_evaluate\deepskin\data\toMax\rendered_face\m09i\m09ih8k_22_face.jpg","D:\work\secondYearMaster\thesis\reference\appeal\algorithms\preference_evaluate\deepskin\data\toMax\rendered_2max\m09i\m09ih8k_01.jpg",1148,1530
m09ih8k,m09,m09i,h8k,"D:\work\secondYearMaster\thesis\reference\appeal\algorithms\preference_evaluate\deepskin\data\toMax\rendered_face\m09i\m09ih8k_23_face.jpg","D:\work\secondYearMaster\thesis\reference\appeal\algorithms\preference_evaluate\deepskin\data\toMax\rendered_2max\m09i\m09ih8k_01.jpg",1148,1530
m09ih8k,m09,m09i,h8k,"D:\work\secondYearMaster\thesis\reference\appeal\algorithms\preference_evaluate\deepskin\data\toMax\rendered_face\m09i\m09ih8k_24_face.jpg","D:\work\secondYearMaster\thesis\reference\appeal\algorithms\preference_evaluate\deepskin\data\toMax\rendered_2max\m09i\m09ih8k_01.jpg",1148,1530
m09ih8k,m09,m09i,h8k,"D:\work\secondYearMaster\thesis\reference\appeal\algorithms\preference_evaluate\deepskin\data\toMax\rendered_face\m09i\m09ih8k_25_face.jpg","D:\work\secondYearMaster\thesis\reference\appeal\algorithms\preference_evaluate\deepskin\data\toMax\rendered_2max\m09i\m09ih8k_01.jpg",1148,1530
m09ih8k,m09,m09i,h8k,"D:\work\secondYearMaster\thesis\reference\appeal\algorithms\preference_evaluate\deepskin\data\toMax\rendered_face\m09i\m09ih8k_26_face.jpg","D:\work\secondYearMaster\thesis\reference\appeal\algorithms\preference_evaluate\deepskin\data\toMax\rendered_2max\m09i\m09ih8k_01.jpg",1148,1530
m09ih8k,m09,m09i,h8k,"D:\work\secondYearMaster\thesis\reference\appeal\algorithms\preference_evaluate\deepskin\data\toMax\rendered_face\m09i\m09ih8k_27_face.jpg","D:\work\secondYearMaster\thesis\reference\appeal\algorithms\preference_evaluate\deepskin\data\toMax\rendered_2max\m09i\m09ih8k_01.jpg",1148,1530
m09ih8k,m09,m09i,h8k,"D:\work\secondYearMaster\thesis\reference\appeal\algorithms\preference_evaluate\deepskin\data\toMax\rendered_face\m09i\m09ih8k_28_face.jpg","D:\work\secondYearMaster\thesis\reference\appeal\algorithms\preference_evaluate\deepskin\data\toMax\rendered_2max\m09i\m09ih8k_01.jpg",1148,1530
m09ih8k,m09,m09i,h8k,"D:\work\secondYearMaster\thesis\reference\appeal\algorithms\preference_evaluate\deepskin\data\toMax\rendered_face\m09i\m09ih8k_29_face.jpg","D:\work\secondYearMaster\thesis\reference\appeal\algorithms\preference_evaluate\deepskin\data\toMax\rendered_2max\m09i\m09ih8k_01.jpg",1148,1530
m09ih8k,m09,m09i,h8k,"D:\work\secondYearMaster\thesis\reference\appeal\algorithms\preference_evaluate\deepskin\data\toMax\rendered_face\m09i\m09ih8k_30_face.jpg","D:\work\secondYearMaster\thesis\reference\appeal\algorithms\preference_evaluate\deepskin\data\toMax\rendered_2max\m09i\m09ih8k_01.jpg",1148,1530
m09ih8k,m09,m09i,h8k,"D:\work\secondYearMaster\thesis\reference\appeal\algorithms\preference_evaluate\deepskin\data\toMax\rendered_face\m09i\m09ih8k_31_face.jpg","D:\work\secondYearMaster\thesis\reference\appeal\algorithms\preference_evaluate\deepskin\data\toMax\rendered_2max\m09i\m09ih8k_01.jpg",1148,1530
m09ih8k,m09,m09i,h8k,"D:\work\secondYearMaster\thesis\reference\appeal\algorithms\preference_evaluate\deepskin\data\toMax\rendered_face\m09i\m09ih8k_32_face.jpg","D:\work\secondYearMaster\thesis\reference\appeal\algorithms\preference_evaluate\deepskin\data\toMax\rendered_2max\m09i\m09ih8k_01.jpg",1148,1530
m09ih8k,m09,m09i,h8k,"D:\work\secondYearMaster\thesis\reference\appeal\algorithms\preference_evaluate\deepskin\data\toMax\rendered_face\m09i\m09ih8k_33_face.jpg","D:\work\secondYearMaster\thesis\reference\appeal\algorithms\preference_evaluate\deepskin\data\toMax\rendered_2max\m09i\m09ih8k_01.jpg",1148,1530
m09ihd65,m09,m09i,hd65,"D:\work\secondYearMaster\thesis\reference\appeal\algorithms\preference_evaluate\deepskin\data\toMax\rendered_face\m09i\m09ihd65_01_face.jpg","D:\work\secondYearMaster\thesis\reference\appeal\algorithms\preference_evaluate\deepskin\data\toMax\rendered_2max\m09i\m09ihd65_01.jpg",1148,1530
m09ihd65,m09,m09i,hd65,"D:\work\secondYearMaster\thesis\reference\appeal\algorithms\preference_evaluate\deepskin\data\toMax\rendered_face\m09i\m09ihd65_02_face.jpg","D:\work\secondYearMaster\thesis\reference\appeal\algorithms\preference_evaluate\deepskin\data\toMax\rendered_2max\m09i\m09ihd65_01.jpg",1148,1530
m09ihd65,m09,m09i,hd65,"D:\work\secondYearMaster\thesis\reference\appeal\algorithms\preference_evaluate\deepskin\data\toMax\rendered_face\m09i\m09ihd65_03_face.jpg","D:\work\secondYearMaster\thesis\reference\appeal\algorithms\preference_evaluate\deepskin\data\toMax\rendered_2max\m09i\m09ihd65_01.jpg",1148,1530
m09ihd65,m09,m09i,hd65,"D:\work\secondYearMaster\thesis\reference\appeal\algorithms\preference_evaluate\deepskin\data\toMax\rendered_face\m09i\m09ihd65_04_face.jpg","D:\work\secondYearMaster\thesis\reference\appeal\algorithms\preference_evaluate\deepskin\data\toMax\rendered_2max\m09i\m09ihd65_01.jpg",1148,1530
m09ihd65,m09,m09i,hd65,"D:\work\secondYearMaster\thesis\reference\appeal\algorithms\preference_evaluate\deepskin\data\toMax\rendered_face\m09i\m09ihd65_05_face.jpg","D:\work\secondYearMaster\thesis\reference\appeal\algorithms\preference_evaluate\deepskin\data\toMax\rendered_2max\m09i\m09ihd65_01.jpg",1148,1530
m09ihd65,m09,m09i,hd65,"D:\work\secondYearMaster\thesis\reference\appeal\algorithms\preference_evaluate\deepskin\data\toMax\rendered_face\m09i\m09ihd65_06_face.jpg","D:\work\secondYearMaster\thesis\reference\appeal\algorithms\preference_evaluate\deepskin\data\toMax\rendered_2max\m09i\m09ihd65_01.jpg",1148,1530
m09ihd65,m09,m09i,hd65,"D:\work\secondYearMaster\thesis\reference\appeal\algorithms\preference_evaluate\deepskin\data\toMax\rendered_face\m09i\m09ihd65_07_face.jpg","D:\work\secondYearMaster\thesis\reference\appeal\algorithms\preference_evaluate\deepskin\data\toMax\rendered_2max\m09i\m09ihd65_01.jpg",1148,1530
m09ihd65,m09,m09i,hd65,"D:\work\secondYearMaster\thesis\reference\appeal\algorithms\preference_evaluate\deepskin\data\toMax\rendered_face\m09i\m09ihd65_08_face.jpg","D:\work\secondYearMaster\thesis\reference\appeal\algorithms\preference_evaluate\deepskin\data\toMax\rendered_2max\m09i\m09ihd65_01.jpg",1148,1530
m09ihd65,m09,m09i,hd65,"D:\work\secondYearMaster\thesis\reference\appeal\algorithms\preference_evaluate\deepskin\data\toMax\rendered_face\m09i\m09ihd65_09_face.jpg","D:\work\secondYearMaster\thesis\reference\appeal\algorithms\preference_evaluate\deepskin\data\toMax\rendered_2max\m09i\m09ihd65_01.jpg",1148,1530
m09ihd65,m09,m09i,hd65,"D:\work\secondYearMaster\thesis\reference\appeal\algorithms\preference_evaluate\deepskin\data\toMax\rendered_face\m09i\m09ihd65_10_face.jpg","D:\work\secondYearMaster\thesis\reference\appeal\algorithms\preference_evaluate\deepskin\data\toMax\rendered_2max\m09i\m09ihd65_01.jpg",1148,1530
m09ihd65,m09,m09i,hd65,"D:\work\secondYearMaster\thesis\reference\appeal\algorithms\preference_evaluate\deepskin\data\toMax\rendered_face\m09i\m09ihd65_11_face.jpg","D:\work\secondYearMaster\thesis\reference\appeal\algorithms\preference_evaluate\deepskin\data\toMax\rendered_2max\m09i\m09ihd65_01.jpg",1148,1530
m09ihd65,m09,m09i,hd65,"D:\work\secondYearMaster\thesis\reference\appeal\algorithms\preference_evaluate\deepskin\data\toMax\rendered_face\m09i\m09ihd65_12_face.jpg","D:\work\secondYearMaster\thesis\reference\appeal\algorithms\preference_evaluate\deepskin\data\toMax\rendered_2max\m09i\m09ihd65_01.jpg",1148,1530
m09ihd65,m09,m09i,hd65,"D:\work\secondYearMaster\thesis\reference\appeal\algorithms\preference_evaluate\deepskin\data\toMax\rendered_face\m09i\m09ihd65_13_face.jpg","D:\work\secondYearMaster\thesis\reference\appeal\algorithms\preference_evaluate\deepskin\data\toMax\rendered_2max\m09i\m09ihd65_01.jpg",1148,1530
m09ihd65,m09,m09i,hd65,"D:\work\secondYearMaster\thesis\reference\appeal\algorithms\preference_evaluate\deepskin\data\toMax\rendered_face\m09i\m09ihd65_14_face.jpg","D:\work\secondYearMaster\thesis\reference\appeal\algorithms\preference_evaluate\deepskin\data\toMax\rendered_2max\m09i\m09ihd65_01.jpg",1148,1530
m09ihd65,m09,m09i,hd65,"D:\work\secondYearMaster\thesis\reference\appeal\algorithms\preference_evaluate\deepskin\data\toMax\rendered_face\m09i\m09ihd65_15_face.jpg","D:\work\secondYearMaster\thesis\reference\appeal\algorithms\preference_evaluate\deepskin\data\toMax\rendered_2max\m09i\m09ihd65_01.jpg",1148,1530
m09ihd65,m09,m09i,hd65,"D:\work\secondYearMaster\thesis\reference\appeal\algorithms\preference_evaluate\deepskin\data\toMax\rendered_face\m09i\m09ihd65_16_face.jpg","D:\work\secondYearMaster\thesis\reference\appeal\algorithms\preference_evaluate\deepskin\data\toMax\rendered_2max\m09i\m09ihd65_01.jpg",1148,1530
m09ihd65,m09,m09i,hd65,"D:\work\secondYearMaster\thesis\reference\appeal\algorithms\preference_evaluate\deepskin\data\toMax\rendered_face\m09i\m09ihd65_17_face.jpg","D:\work\secondYearMaster\thesis\reference\appeal\algorithms\preference_evaluate\deepskin\data\toMax\rendered_2max\m09i\m09ihd65_01.jpg",1148,1530
m09ihd65,m09,m09i,hd65,"D:\work\secondYearMaster\thesis\reference\appeal\algorithms\preference_evaluate\deepskin\data\toMax\rendered_face\m09i\m09ihd65_18_face.jpg","D:\work\secondYearMaster\thesis\reference\appeal\algorithms\preference_evaluate\deepskin\data\toMax\rendered_2max\m09i\m09ihd65_01.jpg",1148,1530
m09ihd65,m09,m09i,hd65,"D:\work\secondYearMaster\thesis\reference\appeal\algorithms\preference_evaluate\deepskin\data\toMax\rendered_face\m09i\m09ihd65_19_face.jpg","D:\work\secondYearMaster\thesis\reference\appeal\algorithms\preference_evaluate\deepskin\data\toMax\rendered_2max\m09i\m09ihd65_01.jpg",1148,1530
m09ihd65,m09,m09i,hd65,"D:\work\secondYearMaster\thesis\reference\appeal\algorithms\preference_evaluate\deepskin\data\toMax\rendered_face\m09i\m09ihd65_20_face.jpg","D:\work\secondYearMaster\thesis\reference\appeal\algorithms\preference_evaluate\deepskin\data\toMax\rendered_2max\m09i\m09ihd65_01.jpg",1148,1530
m09ihd65,m09,m09i,hd65,"D:\work\secondYearMaster\thesis\reference\appeal\algorithms\preference_evaluate\deepskin\data\toMax\rendered_face\m09i\m09ihd65_21_face.jpg","D:\work\secondYearMaster\thesis\reference\appeal\algorithms\preference_evaluate\deepskin\data\toMax\rendered_2max\m09i\m09ihd65_01.jpg",1148,1530
m09ihd65,m09,m09i,hd65,"D:\work\secondYearMaster\thesis\reference\appeal\algorithms\preference_evaluate\deepskin\data\toMax\rendered_face\m09i\m09ihd65_22_face.jpg","D:\work\secondYearMaster\thesis\reference\appeal\algorithms\preference_evaluate\deepskin\data\toMax\rendered_2max\m09i\m09ihd65_01.jpg",1148,1530
m09ihd65,m09,m09i,hd65,"D:\work\secondYearMaster\thesis\reference\appeal\algorithms\preference_evaluate\deepskin\data\toMax\rendered_face\m09i\m09ihd65_23_face.jpg","D:\work\secondYearMaster\thesis\reference\appeal\algorithms\preference_evaluate\deepskin\data\toMax\rendered_2max\m09i\m09ihd65_01.jpg",1148,1530
m09ihd65,m09,m09i,hd65,"D:\work\secondYearMaster\thesis\reference\appeal\algorithms\preference_evaluate\deepskin\data\toMax\rendered_face\m09i\m09ihd65_24_face.jpg","D:\work\secondYearMaster\thesis\reference\appeal\algorithms\preference_evaluate\deepskin\data\toMax\rendered_2max\m09i\m09ihd65_01.jpg",1148,1530
m09ihd65,m09,m09i,hd65,"D:\work\secondYearMaster\thesis\reference\appeal\algorithms\preference_evaluate\deepskin\data\toMax\rendered_face\m09i\m09ihd65_25_face.jpg","D:\work\secondYearMaster\thesis\reference\appeal\algorithms\preference_evaluate\deepskin\data\toMax\rendered_2max\m09i\m09ihd65_01.jpg",1148,1530
m09ihd65,m09,m09i,hd65,"D:\work\secondYearMaster\thesis\reference\appeal\algorithms\preference_evaluate\deepskin\data\toMax\rendered_face\m09i\m09ihd65_26_face.jpg","D:\work\secondYearMaster\thesis\reference\appeal\algorithms\preference_evaluate\deepskin\data\toMax\rendered_2max\m09i\m09ihd65_01.jpg",1148,1530
m09ihd65,m09,m09i,hd65,"D:\work\secondYearMaster\thesis\reference\appeal\algorithms\preference_evaluate\deepskin\data\toMax\rendered_face\m09i\m09ihd65_27_face.jpg","D:\work\secondYearMaster\thesis\reference\appeal\algorithms\preference_evaluate\deepskin\data\toMax\rendered_2max\m09i\m09ihd65_01.jpg",1148,1530
m09ihd65,m09,m09i,hd65,"D:\work\secondYearMaster\thesis\reference\appeal\algorithms\preference_evaluate\deepskin\data\toMax\rendered_face\m09i\m09ihd65_28_face.jpg","D:\work\secondYearMaster\thesis\reference\appeal\algorithms\preference_evaluate\deepskin\data\toMax\rendered_2max\m09i\m09ihd65_01.jpg",1148,1530
m09ihd65,m09,m09i,hd65,"D:\work\secondYearMaster\thesis\reference\appeal\algorithms\preference_evaluate\deepskin\data\toMax\rendered_face\m09i\m09ihd65_29_face.jpg","D:\work\secondYearMaster\thesis\reference\appeal\algorithms\preference_evaluate\deepskin\data\toMax\rendered_2max\m09i\m09ihd65_01.jpg",1148,1530
m09ihd65,m09,m09i,hd65,"D:\work\secondYearMaster\thesis\reference\appeal\algorithms\preference_evaluate\deepskin\data\toMax\rendered_face\m09i\m09ihd65_30_face.jpg","D:\work\secondYearMaster\thesis\reference\appeal\algorithms\preference_evaluate\deepskin\data\toMax\rendered_2max\m09i\m09ihd65_01.jpg",1148,1530
m09ihd65,m09,m09i,hd65,"D:\work\secondYearMaster\thesis\reference\appeal\algorithms\preference_evaluate\deepskin\data\toMax\rendered_face\m09i\m09ihd65_31_face.jpg","D:\work\secondYearMaster\thesis\reference\appeal\algorithms\preference_evaluate\deepskin\data\toMax\rendered_2max\m09i\m09ihd65_01.jpg",1148,1530
m09ihd65,m09,m09i,hd65,"D:\work\secondYearMaster\thesis\reference\appeal\algorithms\preference_evaluate\deepskin\data\toMax\rendered_face\m09i\m09ihd65_32_face.jpg","D:\work\secondYearMaster\thesis\reference\appeal\algorithms\preference_evaluate\deepskin\data\toMax\rendered_2max\m09i\m09ihd65_01.jpg",1148,1530
m09ihd65,m09,m09i,hd65,"D:\work\secondYearMaster\thesis\reference\appeal\algorithms\preference_evaluate\deepskin\data\toMax\rendered_face\m09i\m09ihd65_33_face.jpg","D:\work\secondYearMaster\thesis\reference\appeal\algorithms\preference_evaluate\deepskin\data\toMax\rendered_2max\m09i\m09ihd65_01.jpg",1148,1530
m09il3k,m09,m09i,l3k,"D:\work\secondYearMaster\thesis\reference\appeal\algorithms\preference_evaluate\deepskin\data\toMax\rendered_face\m09i\m09il3k_01_face.jpg","D:\work\secondYearMaster\thesis\reference\appeal\algorithms\preference_evaluate\deepskin\data\toMax\rendered_2max\m09i\m09il3k_01.jpg",1148,1530
m09il3k,m09,m09i,l3k,"D:\work\secondYearMaster\thesis\reference\appeal\algorithms\preference_evaluate\deepskin\data\toMax\rendered_face\m09i\m09il3k_02_face.jpg","D:\work\secondYearMaster\thesis\reference\appeal\algorithms\preference_evaluate\deepskin\data\toMax\rendered_2max\m09i\m09il3k_01.jpg",1148,1530
m09il3k,m09,m09i,l3k,"D:\work\secondYearMaster\thesis\reference\appeal\algorithms\preference_evaluate\deepskin\data\toMax\rendered_face\m09i\m09il3k_03_face.jpg","D:\work\secondYearMaster\thesis\reference\appeal\algorithms\preference_evaluate\deepskin\data\toMax\rendered_2max\m09i\m09il3k_01.jpg",1148,1530
m09il3k,m09,m09i,l3k,"D:\work\secondYearMaster\thesis\reference\appeal\algorithms\preference_evaluate\deepskin\data\toMax\rendered_face\m09i\m09il3k_04_face.jpg","D:\work\secondYearMaster\thesis\reference\appeal\algorithms\preference_evaluate\deepskin\data\toMax\rendered_2max\m09i\m09il3k_01.jpg",1148,1530
m09il3k,m09,m09i,l3k,"D:\work\secondYearMaster\thesis\reference\appeal\algorithms\preference_evaluate\deepskin\data\toMax\rendered_face\m09i\m09il3k_05_face.jpg","D:\work\secondYearMaster\thesis\reference\appeal\algorithms\preference_evaluate\deepskin\data\toMax\rendered_2max\m09i\m09il3k_01.jpg",1148,1530
m09il3k,m09,m09i,l3k,"D:\work\secondYearMaster\thesis\reference\appeal\algorithms\preference_evaluate\deepskin\data\toMax\rendered_face\m09i\m09il3k_06_face.jpg","D:\work\secondYearMaster\thesis\reference\appeal\algorithms\preference_evaluate\deepskin\data\toMax\rendered_2max\m09i\m09il3k_01.jpg",1148,1530
m09il3k,m09,m09i,l3k,"D:\work\secondYearMaster\thesis\reference\appeal\algorithms\preference_evaluate\deepskin\data\toMax\rendered_face\m09i\m09il3k_07_face.jpg","D:\work\secondYearMaster\thesis\reference\appeal\algorithms\preference_evaluate\deepskin\data\toMax\rendered_2max\m09i\m09il3k_01.jpg",1148,1530
m09il3k,m09,m09i,l3k,"D:\work\secondYearMaster\thesis\reference\appeal\algorithms\preference_evaluate\deepskin\data\toMax\rendered_face\m09i\m09il3k_08_face.jpg","D:\work\secondYearMaster\thesis\reference\appeal\algorithms\preference_evaluate\deepskin\data\toMax\rendered_2max\m09i\m09il3k_01.jpg",1148,1530
m09il3k,m09,m09i,l3k,"D:\work\secondYearMaster\thesis\reference\appeal\algorithms\preference_evaluate\deepskin\data\toMax\rendered_face\m09i\m09il3k_09_face.jpg","D:\work\secondYearMaster\thesis\reference\appeal\algorithms\preference_evaluate\deepskin\data\toMax\rendered_2max\m09i\m09il3k_01.jpg",1148,1530
m09il3k,m09,m09i,l3k,"D:\work\secondYearMaster\thesis\reference\appeal\algorithms\preference_evaluate\deepskin\data\toMax\rendered_face\m09i\m09il3k_10_face.jpg","D:\work\secondYearMaster\thesis\reference\appeal\algorithms\preference_evaluate\deepskin\data\toMax\rendered_2max\m09i\m09il3k_01.jpg",1148,1530
m09il3k,m09,m09i,l3k,"D:\work\secondYearMaster\thesis\reference\appeal\algorithms\preference_evaluate\deepskin\data\toMax\rendered_face\m09i\m09il3k_11_face.jpg","D:\work\secondYearMaster\thesis\reference\appeal\algorithms\preference_evaluate\deepskin\data\toMax\rendered_2max\m09i\m09il3k_01.jpg",1148,1530
m09il3k,m09,m09i,l3k,"D:\work\secondYearMaster\thesis\reference\appeal\algorithms\preference_evaluate\deepskin\data\toMax\rendered_face\m09i\m09il3k_12_face.jpg","D:\work\secondYearMaster\thesis\reference\appeal\algorithms\preference_evaluate\deepskin\data\toMax\rendered_2max\m09i\m09il3k_01.jpg",1148,1530
m09il3k,m09,m09i,l3k,"D:\work\secondYearMaster\thesis\reference\appeal\algorithms\preference_evaluate\deepskin\data\toMax\rendered_face\m09i\m09il3k_13_face.jpg","D:\work\secondYearMaster\thesis\reference\appeal\algorithms\preference_evaluate\deepskin\data\toMax\rendered_2max\m09i\m09il3k_01.jpg",1148,1530
m09il3k,m09,m09i,l3k,"D:\work\secondYearMaster\thesis\reference\appeal\algorithms\preference_evaluate\deepskin\data\toMax\rendered_face\m09i\m09il3k_14_face.jpg","D:\work\secondYearMaster\thesis\reference\appeal\algorithms\preference_evaluate\deepskin\data\toMax\rendered_2max\m09i\m09il3k_01.jpg",1148,1530
m09il3k,m09,m09i,l3k,"D:\work\secondYearMaster\thesis\reference\appeal\algorithms\preference_evaluate\deepskin\data\toMax\rendered_face\m09i\m09il3k_15_face.jpg","D:\work\secondYearMaster\thesis\reference\appeal\algorithms\preference_evaluate\deepskin\data\toMax\rendered_2max\m09i\m09il3k_01.jpg",1148,1530
m09il3k,m09,m09i,l3k,"D:\work\secondYearMaster\thesis\reference\appeal\algorithms\preference_evaluate\deepskin\data\toMax\rendered_face\m09i\m09il3k_16_face.jpg","D:\work\secondYearMaster\thesis\reference\appeal\algorithms\preference_evaluate\deepskin\data\toMax\rendered_2max\m09i\m09il3k_01.jpg",1148,1530
m09il3k,m09,m09i,l3k,"D:\work\secondYearMaster\thesis\reference\appeal\algorithms\preference_evaluate\deepskin\data\toMax\rendered_face\m09i\m09il3k_17_face.jpg","D:\work\secondYearMaster\thesis\reference\appeal\algorithms\preference_evaluate\deepskin\data\toMax\rendered_2max\m09i\m09il3k_01.jpg",1148,1530
m09il3k,m09,m09i,l3k,"D:\work\secondYearMaster\thesis\reference\appeal\algorithms\preference_evaluate\deepskin\data\toMax\rendered_face\m09i\m09il3k_18_face.jpg","D:\work\secondYearMaster\thesis\reference\appeal\algorithms\preference_evaluate\deepskin\data\toMax\rendered_2max\m09i\m09il3k_01.jpg",1148,1530
m09il3k,m09,m09i,l3k,"D:\work\secondYearMaster\thesis\reference\appeal\algorithms\preference_evaluate\deepskin\data\toMax\rendered_face\m09i\m09il3k_19_face.jpg","D:\work\secondYearMaster\thesis\reference\appeal\algorithms\preference_evaluate\deepskin\data\toMax\rendered_2max\m09i\m09il3k_01.jpg",1148,1530
m09il3k,m09,m09i,l3k,"D:\work\secondYearMaster\thesis\reference\appeal\algorithms\preference_evaluate\deepskin\data\toMax\rendered_face\m09i\m09il3k_20_face.jpg","D:\work\secondYearMaster\thesis\reference\appeal\algorithms\preference_evaluate\deepskin\data\toMax\rendered_2max\m09i\m09il3k_01.jpg",1148,1530
m09il3k,m09,m09i,l3k,"D:\work\secondYearMaster\thesis\reference\appeal\algorithms\preference_evaluate\deepskin\data\toMax\rendered_face\m09i\m09il3k_21_face.jpg","D:\work\secondYearMaster\thesis\reference\appeal\algorithms\preference_evaluate\deepskin\data\toMax\rendered_2max\m09i\m09il3k_01.jpg",1148,1530
m09il3k,m09,m09i,l3k,"D:\work\secondYearMaster\thesis\reference\appeal\algorithms\preference_evaluate\deepskin\data\toMax\rendered_face\m09i\m09il3k_22_face.jpg","D:\work\secondYearMaster\thesis\reference\appeal\algorithms\preference_evaluate\deepskin\data\toMax\rendered_2max\m09i\m09il3k_01.jpg",1148,1530
m09il3k,m09,m09i,l3k,"D:\work\secondYearMaster\thesis\reference\appeal\algorithms\preference_evaluate\deepskin\data\toMax\rendered_face\m09i\m09il3k_23_face.jpg","D:\work\secondYearMaster\thesis\reference\appeal\algorithms\preference_evaluate\deepskin\data\toMax\rendered_2max\m09i\m09il3k_01.jpg",1148,1530
m09il3k,m09,m09i,l3k,"D:\work\secondYearMaster\thesis\reference\appeal\algorithms\preference_evaluate\deepskin\data\toMax\rendered_face\m09i\m09il3k_24_face.jpg","D:\work\secondYearMaster\thesis\reference\appeal\algorithms\preference_evaluate\deepskin\data\toMax\rendered_2max\m09i\m09il3k_01.jpg",1148,1530
m09il3k,m09,m09i,l3k,"D:\work\secondYearMaster\thesis\reference\appeal\algorithms\preference_evaluate\deepskin\data\toMax\rendered_face\m09i\m09il3k_25_face.jpg","D:\work\secondYearMaster\thesis\reference\appeal\algorithms\preference_evaluate\deepskin\data\toMax\rendered_2max\m09i\m09il3k_01.jpg",1148,1530
m09il3k,m09,m09i,l3k,"D:\work\secondYearMaster\thesis\reference\appeal\algorithms\preference_evaluate\deepskin\data\toMax\rendered_face\m09i\m09il3k_26_face.jpg","D:\work\secondYearMaster\thesis\reference\appeal\algorithms\preference_evaluate\deepskin\data\toMax\rendered_2max\m09i\m09il3k_01.jpg",1148,1530
m09il3k,m09,m09i,l3k,"D:\work\secondYearMaster\thesis\reference\appeal\algorithms\preference_evaluate\deepskin\data\toMax\rendered_face\m09i\m09il3k_27_face.jpg","D:\work\secondYearMaster\thesis\reference\appeal\algorithms\preference_evaluate\deepskin\data\toMax\rendered_2max\m09i\m09il3k_01.jpg",1148,1530
m09il3k,m09,m09i,l3k,"D:\work\secondYearMaster\thesis\reference\appeal\algorithms\preference_evaluate\deepskin\data\toMax\rendered_face\m09i\m09il3k_28_face.jpg","D:\work\secondYearMaster\thesis\reference\appeal\algorithms\preference_evaluate\deepskin\data\toMax\rendered_2max\m09i\m09il3k_01.jpg",1148,1530
m09il3k,m09,m09i,l3k,"D:\work\secondYearMaster\thesis\reference\appeal\algorithms\preference_evaluate\deepskin\data\toMax\rendered_face\m09i\m09il3k_29_face.jpg","D:\work\secondYearMaster\thesis\reference\appeal\algorithms\preference_evaluate\deepskin\data\toMax\rendered_2max\m09i\m09il3k_01.jpg",1148,1530
m09il3k,m09,m09i,l3k,"D:\work\secondYearMaster\thesis\reference\appeal\algorithms\preference_evaluate\deepskin\data\toMax\rendered_face\m09i\m09il3k_30_face.jpg","D:\work\secondYearMaster\thesis\reference\appeal\algorithms\preference_evaluate\deepskin\data\toMax\rendered_2max\m09i\m09il3k_01.jpg",1148,1530
m09il3k,m09,m09i,l3k,"D:\work\secondYearMaster\thesis\reference\appeal\algorithms\preference_evaluate\deepskin\data\toMax\rendered_face\m09i\m09il3k_31_face.jpg","D:\work\secondYearMaster\thesis\reference\appeal\algorithms\preference_evaluate\deepskin\data\toMax\rendered_2max\m09i\m09il3k_01.jpg",1148,1530
m09il3k,m09,m09i,l3k,"D:\work\secondYearMaster\thesis\reference\appeal\algorithms\preference_evaluate\deepskin\data\toMax\rendered_face\m09i\m09il3k_32_face.jpg","D:\work\secondYearMaster\thesis\reference\appeal\algorithms\preference_evaluate\deepskin\data\toMax\rendered_2max\m09i\m09il3k_01.jpg",1148,1530
m09il3k,m09,m09i,l3k,"D:\work\secondYearMaster\thesis\reference\appeal\algorithms\preference_evaluate\deepskin\data\toMax\rendered_face\m09i\m09il3k_33_face.jpg","D:\work\secondYearMaster\thesis\reference\appeal\algorithms\preference_evaluate\deepskin\data\toMax\rendered_2max\m09i\m09il3k_01.jpg",1148,1530
m09il4k,m09,m09i,l4k,"D:\work\secondYearMaster\thesis\reference\appeal\algorithms\preference_evaluate\deepskin\data\toMax\rendered_face\m09i\m09il4k_01_face.jpg","D:\work\secondYearMaster\thesis\reference\appeal\algorithms\preference_evaluate\deepskin\data\toMax\rendered_2max\m09i\m09il4k_01.jpg",1148,1530
m09il4k,m09,m09i,l4k,"D:\work\secondYearMaster\thesis\reference\appeal\algorithms\preference_evaluate\deepskin\data\toMax\rendered_face\m09i\m09il4k_02_face.jpg","D:\work\secondYearMaster\thesis\reference\appeal\algorithms\preference_evaluate\deepskin\data\toMax\rendered_2max\m09i\m09il4k_01.jpg",1148,1530
m09il4k,m09,m09i,l4k,"D:\work\secondYearMaster\thesis\reference\appeal\algorithms\preference_evaluate\deepskin\data\toMax\rendered_face\m09i\m09il4k_03_face.jpg","D:\work\secondYearMaster\thesis\reference\appeal\algorithms\preference_evaluate\deepskin\data\toMax\rendered_2max\m09i\m09il4k_01.jpg",1148,1530
m09il4k,m09,m09i,l4k,"D:\work\secondYearMaster\thesis\reference\appeal\algorithms\preference_evaluate\deepskin\data\toMax\rendered_face\m09i\m09il4k_04_face.jpg","D:\work\secondYearMaster\thesis\reference\appeal\algorithms\preference_evaluate\deepskin\data\toMax\rendered_2max\m09i\m09il4k_01.jpg",1148,1530
m09il4k,m09,m09i,l4k,"D:\work\secondYearMaster\thesis\reference\appeal\algorithms\preference_evaluate\deepskin\data\toMax\rendered_face\m09i\m09il4k_05_face.jpg","D:\work\secondYearMaster\thesis\reference\appeal\algorithms\preference_evaluate\deepskin\data\toMax\rendered_2max\m09i\m09il4k_01.jpg",1148,1530
m09il4k,m09,m09i,l4k,"D:\work\secondYearMaster\thesis\reference\appeal\algorithms\preference_evaluate\deepskin\data\toMax\rendered_face\m09i\m09il4k_06_face.jpg","D:\work\secondYearMaster\thesis\reference\appeal\algorithms\preference_evaluate\deepskin\data\toMax\rendered_2max\m09i\m09il4k_01.jpg",1148,1530
m09il4k,m09,m09i,l4k,"D:\work\secondYearMaster\thesis\reference\appeal\algorithms\preference_evaluate\deepskin\data\toMax\rendered_face\m09i\m09il4k_07_face.jpg","D:\work\secondYearMaster\thesis\reference\appeal\algorithms\preference_evaluate\deepskin\data\toMax\rendered_2max\m09i\m09il4k_01.jpg",1148,1530
m09il4k,m09,m09i,l4k,"D:\work\secondYearMaster\thesis\reference\appeal\algorithms\preference_evaluate\deepskin\data\toMax\rendered_face\m09i\m09il4k_08_face.jpg","D:\work\secondYearMaster\thesis\reference\appeal\algorithms\preference_evaluate\deepskin\data\toMax\rendered_2max\m09i\m09il4k_01.jpg",1148,1530
m09il4k,m09,m09i,l4k,"D:\work\secondYearMaster\thesis\reference\appeal\algorithms\preference_evaluate\deepskin\data\toMax\rendered_face\m09i\m09il4k_09_face.jpg","D:\work\secondYearMaster\thesis\reference\appeal\algorithms\preference_evaluate\deepskin\data\toMax\rendered_2max\m09i\m09il4k_01.jpg",1148,1530
m09il4k,m09,m09i,l4k,"D:\work\secondYearMaster\thesis\reference\appeal\algorithms\preference_evaluate\deepskin\data\toMax\rendered_face\m09i\m09il4k_10_face.jpg","D:\work\secondYearMaster\thesis\reference\appeal\algorithms\preference_evaluate\deepskin\data\toMax\rendered_2max\m09i\m09il4k_01.jpg",1148,1530
m09il4k,m09,m09i,l4k,"D:\work\secondYearMaster\thesis\reference\appeal\algorithms\preference_evaluate\deepskin\data\toMax\rendered_face\m09i\m09il4k_11_face.jpg","D:\work\secondYearMaster\thesis\reference\appeal\algorithms\preference_evaluate\deepskin\data\toMax\rendered_2max\m09i\m09il4k_01.jpg",1148,1530
m09il4k,m09,m09i,l4k,"D:\work\secondYearMaster\thesis\reference\appeal\algorithms\preference_evaluate\deepskin\data\toMax\rendered_face\m09i\m09il4k_12_face.jpg","D:\work\secondYearMaster\thesis\reference\appeal\algorithms\preference_evaluate\deepskin\data\toMax\rendered_2max\m09i\m09il4k_01.jpg",1148,1530
m09il4k,m09,m09i,l4k,"D:\work\secondYearMaster\thesis\reference\appeal\algorithms\preference_evaluate\deepskin\data\toMax\rendered_face\m09i\m09il4k_13_face.jpg","D:\work\secondYearMaster\thesis\reference\appeal\algorithms\preference_evaluate\deepskin\data\toMax\rendered_2max\m09i\m09il4k_01.jpg",1148,1530
m09il4k,m09,m09i,l4k,"D:\work\secondYearMaster\thesis\reference\appeal\algorithms\preference_evaluate\deepskin\data\toMax\rendered_face\m09i\m09il4k_14_face.jpg","D:\work\secondYearMaster\thesis\reference\appeal\algorithms\preference_evaluate\deepskin\data\toMax\rendered_2max\m09i\m09il4k_01.jpg",1148,1530
m09il4k,m09,m09i,l4k,"D:\work\secondYearMaster\thesis\reference\appeal\algorithms\preference_evaluate\deepskin\data\toMax\rendered_face\m09i\m09il4k_15_face.jpg","D:\work\secondYearMaster\thesis\reference\appeal\algorithms\preference_evaluate\deepskin\data\toMax\rendered_2max\m09i\m09il4k_01.jpg",1148,1530
m09il4k,m09,m09i,l4k,"D:\work\secondYearMaster\thesis\reference\appeal\algorithms\preference_evaluate\deepskin\data\toMax\rendered_face\m09i\m09il4k_16_face.jpg","D:\work\secondYearMaster\thesis\reference\appeal\algorithms\preference_evaluate\deepskin\data\toMax\rendered_2max\m09i\m09il4k_01.jpg",1148,1530
m09il4k,m09,m09i,l4k,"D:\work\secondYearMaster\thesis\reference\appeal\algorithms\preference_evaluate\deepskin\data\toMax\rendered_face\m09i\m09il4k_17_face.jpg","D:\work\secondYearMaster\thesis\reference\appeal\algorithms\preference_evaluate\deepskin\data\toMax\rendered_2max\m09i\m09il4k_01.jpg",1148,1530
m09il4k,m09,m09i,l4k,"D:\work\secondYearMaster\thesis\reference\appeal\algorithms\preference_evaluate\deepskin\data\toMax\rendered_face\m09i\m09il4k_18_face.jpg","D:\work\secondYearMaster\thesis\reference\appeal\algorithms\preference_evaluate\deepskin\data\toMax\rendered_2max\m09i\m09il4k_01.jpg",1148,1530
m09il4k,m09,m09i,l4k,"D:\work\secondYearMaster\thesis\reference\appeal\algorithms\preference_evaluate\deepskin\data\toMax\rendered_face\m09i\m09il4k_19_face.jpg","D:\work\secondYearMaster\thesis\reference\appeal\algorithms\preference_evaluate\deepskin\data\toMax\rendered_2max\m09i\m09il4k_01.jpg",1148,1530
m09il4k,m09,m09i,l4k,"D:\work\secondYearMaster\thesis\reference\appeal\algorithms\preference_evaluate\deepskin\data\toMax\rendered_face\m09i\m09il4k_20_face.jpg","D:\work\secondYearMaster\thesis\reference\appeal\algorithms\preference_evaluate\deepskin\data\toMax\rendered_2max\m09i\m09il4k_01.jpg",1148,1530
m09il4k,m09,m09i,l4k,"D:\work\secondYearMaster\thesis\reference\appeal\algorithms\preference_evaluate\deepskin\data\toMax\rendered_face\m09i\m09il4k_21_face.jpg","D:\work\secondYearMaster\thesis\reference\appeal\algorithms\preference_evaluate\deepskin\data\toMax\rendered_2max\m09i\m09il4k_01.jpg",1148,1530
m09il4k,m09,m09i,l4k,"D:\work\secondYearMaster\thesis\reference\appeal\algorithms\preference_evaluate\deepskin\data\toMax\rendered_face\m09i\m09il4k_22_face.jpg","D:\work\secondYearMaster\thesis\reference\appeal\algorithms\preference_evaluate\deepskin\data\toMax\rendered_2max\m09i\m09il4k_01.jpg",1148,1530
m09il4k,m09,m09i,l4k,"D:\work\secondYearMaster\thesis\reference\appeal\algorithms\preference_evaluate\deepskin\data\toMax\rendered_face\m09i\m09il4k_23_face.jpg","D:\work\secondYearMaster\thesis\reference\appeal\algorithms\preference_evaluate\deepskin\data\toMax\rendered_2max\m09i\m09il4k_01.jpg",1148,1530
m09il4k,m09,m09i,l4k,"D:\work\secondYearMaster\thesis\reference\appeal\algorithms\preference_evaluate\deepskin\data\toMax\rendered_face\m09i\m09il4k_24_face.jpg","D:\work\secondYearMaster\thesis\reference\appeal\algorithms\preference_evaluate\deepskin\data\toMax\rendered_2max\m09i\m09il4k_01.jpg",1148,1530
m09il4k,m09,m09i,l4k,"D:\work\secondYearMaster\thesis\reference\appeal\algorithms\preference_evaluate\deepskin\data\toMax\rendered_face\m09i\m09il4k_25_face.jpg","D:\work\secondYearMaster\thesis\reference\appeal\algorithms\preference_evaluate\deepskin\data\toMax\rendered_2max\m09i\m09il4k_01.jpg",1148,1530
m09il4k,m09,m09i,l4k,"D:\work\secondYearMaster\thesis\reference\appeal\algorithms\preference_evaluate\deepskin\data\toMax\rendered_face\m09i\m09il4k_26_face.jpg","D:\work\secondYearMaster\thesis\reference\appeal\algorithms\preference_evaluate\deepskin\data\toMax\rendered_2max\m09i\m09il4k_01.jpg",1148,1530
m09il4k,m09,m09i,l4k,"D:\work\secondYearMaster\thesis\reference\appeal\algorithms\preference_evaluate\deepskin\data\toMax\rendered_face\m09i\m09il4k_27_face.jpg","D:\work\secondYearMaster\thesis\reference\appeal\algorithms\preference_evaluate\deepskin\data\toMax\rendered_2max\m09i\m09il4k_01.jpg",1148,1530
m09il4k,m09,m09i,l4k,"D:\work\secondYearMaster\thesis\reference\appeal\algorithms\preference_evaluate\deepskin\data\toMax\rendered_face\m09i\m09il4k_28_face.jpg","D:\work\secondYearMaster\thesis\reference\appeal\algorithms\preference_evaluate\deepskin\data\toMax\rendered_2max\m09i\m09il4k_01.jpg",1148,1530
m09il4k,m09,m09i,l4k,"D:\work\secondYearMaster\thesis\reference\appeal\algorithms\preference_evaluate\deepskin\data\toMax\rendered_face\m09i\m09il4k_29_face.jpg","D:\work\secondYearMaster\thesis\reference\appeal\algorithms\preference_evaluate\deepskin\data\toMax\rendered_2max\m09i\m09il4k_01.jpg",1148,1530
m09il4k,m09,m09i,l4k,"D:\work\secondYearMaster\thesis\reference\appeal\algorithms\preference_evaluate\deepskin\data\toMax\rendered_face\m09i\m09il4k_30_face.jpg","D:\work\secondYearMaster\thesis\reference\appeal\algorithms\preference_evaluate\deepskin\data\toMax\rendered_2max\m09i\m09il4k_01.jpg",1148,1530
m09il4k,m09,m09i,l4k,"D:\work\secondYearMaster\thesis\reference\appeal\algorithms\preference_evaluate\deepskin\data\toMax\rendered_face\m09i\m09il4k_31_face.jpg","D:\work\secondYearMaster\thesis\reference\appeal\algorithms\preference_evaluate\deepskin\data\toMax\rendered_2max\m09i\m09il4k_01.jpg",1148,1530
m09il4k,m09,m09i,l4k,"D:\work\secondYearMaster\thesis\reference\appeal\algorithms\preference_evaluate\deepskin\data\toMax\rendered_face\m09i\m09il4k_32_face.jpg","D:\work\secondYearMaster\thesis\reference\appeal\algorithms\preference_evaluate\deepskin\data\toMax\rendered_2max\m09i\m09il4k_01.jpg",1148,1530
m09il4k,m09,m09i,l4k,"D:\work\secondYearMaster\thesis\reference\appeal\algorithms\preference_evaluate\deepskin\data\toMax\rendered_face\m09i\m09il4k_33_face.jpg","D:\work\secondYearMaster\thesis\reference\appeal\algorithms\preference_evaluate\deepskin\data\toMax\rendered_2max\m09i\m09il4k_01.jpg",1148,1530
m09il5k,m09,m09i,l5k,"D:\work\secondYearMaster\thesis\reference\appeal\algorithms\preference_evaluate\deepskin\data\toMax\rendered_face\m09i\m09il5k_01_face.jpg","D:\work\secondYearMaster\thesis\reference\appeal\algorithms\preference_evaluate\deepskin\data\toMax\rendered_2max\m09i\m09il5k_01.jpg",1148,1530
m09il5k,m09,m09i,l5k,"D:\work\secondYearMaster\thesis\reference\appeal\algorithms\preference_evaluate\deepskin\data\toMax\rendered_face\m09i\m09il5k_02_face.jpg","D:\work\secondYearMaster\thesis\reference\appeal\algorithms\preference_evaluate\deepskin\data\toMax\rendered_2max\m09i\m09il5k_01.jpg",1148,1530
m09il5k,m09,m09i,l5k,"D:\work\secondYearMaster\thesis\reference\appeal\algorithms\preference_evaluate\deepskin\data\toMax\rendered_face\m09i\m09il5k_03_face.jpg","D:\work\secondYearMaster\thesis\reference\appeal\algorithms\preference_evaluate\deepskin\data\toMax\rendered_2max\m09i\m09il5k_01.jpg",1148,1530
m09il5k,m09,m09i,l5k,"D:\work\secondYearMaster\thesis\reference\appeal\algorithms\preference_evaluate\deepskin\data\toMax\rendered_face\m09i\m09il5k_04_face.jpg","D:\work\secondYearMaster\thesis\reference\appeal\algorithms\preference_evaluate\deepskin\data\toMax\rendered_2max\m09i\m09il5k_01.jpg",1148,1530
m09il5k,m09,m09i,l5k,"D:\work\secondYearMaster\thesis\reference\appeal\algorithms\preference_evaluate\deepskin\data\toMax\rendered_face\m09i\m09il5k_05_face.jpg","D:\work\secondYearMaster\thesis\reference\appeal\algorithms\preference_evaluate\deepskin\data\toMax\rendered_2max\m09i\m09il5k_01.jpg",1148,1530
m09il5k,m09,m09i,l5k,"D:\work\secondYearMaster\thesis\reference\appeal\algorithms\preference_evaluate\deepskin\data\toMax\rendered_face\m09i\m09il5k_06_face.jpg","D:\work\secondYearMaster\thesis\reference\appeal\algorithms\preference_evaluate\deepskin\data\toMax\rendered_2max\m09i\m09il5k_01.jpg",1148,1530
m09il5k,m09,m09i,l5k,"D:\work\secondYearMaster\thesis\reference\appeal\algorithms\preference_evaluate\deepskin\data\toMax\rendered_face\m09i\m09il5k_07_face.jpg","D:\work\secondYearMaster\thesis\reference\appeal\algorithms\preference_evaluate\deepskin\data\toMax\rendered_2max\m09i\m09il5k_01.jpg",1148,1530
m09il5k,m09,m09i,l5k,"D:\work\secondYearMaster\thesis\reference\appeal\algorithms\preference_evaluate\deepskin\data\toMax\rendered_face\m09i\m09il5k_08_face.jpg","D:\work\secondYearMaster\thesis\reference\appeal\algorithms\preference_evaluate\deepskin\data\toMax\rendered_2max\m09i\m09il5k_01.jpg",1148,1530
m09il5k,m09,m09i,l5k,"D:\work\secondYearMaster\thesis\reference\appeal\algorithms\preference_evaluate\deepskin\data\toMax\rendered_face\m09i\m09il5k_09_face.jpg","D:\work\secondYearMaster\thesis\reference\appeal\algorithms\preference_evaluate\deepskin\data\toMax\rendered_2max\m09i\m09il5k_01.jpg",1148,1530
m09il5k,m09,m09i,l5k,"D:\work\secondYearMaster\thesis\reference\appeal\algorithms\preference_evaluate\deepskin\data\toMax\rendered_face\m09i\m09il5k_10_face.jpg","D:\work\secondYearMaster\thesis\reference\appeal\algorithms\preference_evaluate\deepskin\data\toMax\rendered_2max\m09i\m09il5k_01.jpg",1148,1530
m09il5k,m09,m09i,l5k,"D:\work\secondYearMaster\thesis\reference\appeal\algorithms\preference_evaluate\deepskin\data\toMax\rendered_face\m09i\m09il5k_11_face.jpg","D:\work\secondYearMaster\thesis\reference\appeal\algorithms\preference_evaluate\deepskin\data\toMax\rendered_2max\m09i\m09il5k_01.jpg",1148,1530
m09il5k,m09,m09i,l5k,"D:\work\secondYearMaster\thesis\reference\appeal\algorithms\preference_evaluate\deepskin\data\toMax\rendered_face\m09i\m09il5k_12_face.jpg","D:\work\secondYearMaster\thesis\reference\appeal\algorithms\preference_evaluate\deepskin\data\toMax\rendered_2max\m09i\m09il5k_01.jpg",1148,1530
m09il5k,m09,m09i,l5k,"D:\work\secondYearMaster\thesis\reference\appeal\algorithms\preference_evaluate\deepskin\data\toMax\rendered_face\m09i\m09il5k_13_face.jpg","D:\work\secondYearMaster\thesis\reference\appeal\algorithms\preference_evaluate\deepskin\data\toMax\rendered_2max\m09i\m09il5k_01.jpg",1148,1530
m09il5k,m09,m09i,l5k,"D:\work\secondYearMaster\thesis\reference\appeal\algorithms\preference_evaluate\deepskin\data\toMax\rendered_face\m09i\m09il5k_14_face.jpg","D:\work\secondYearMaster\thesis\reference\appeal\algorithms\preference_evaluate\deepskin\data\toMax\rendered_2max\m09i\m09il5k_01.jpg",1148,1530
m09il5k,m09,m09i,l5k,"D:\work\secondYearMaster\thesis\reference\appeal\algorithms\preference_evaluate\deepskin\data\toMax\rendered_face\m09i\m09il5k_15_face.jpg","D:\work\secondYearMaster\thesis\reference\appeal\algorithms\preference_evaluate\deepskin\data\toMax\rendered_2max\m09i\m09il5k_01.jpg",1148,1530
m09il5k,m09,m09i,l5k,"D:\work\secondYearMaster\thesis\reference\appeal\algorithms\preference_evaluate\deepskin\data\toMax\rendered_face\m09i\m09il5k_16_face.jpg","D:\work\secondYearMaster\thesis\reference\appeal\algorithms\preference_evaluate\deepskin\data\toMax\rendered_2max\m09i\m09il5k_01.jpg",1148,1530
m09il5k,m09,m09i,l5k,"D:\work\secondYearMaster\thesis\reference\appeal\algorithms\preference_evaluate\deepskin\data\toMax\rendered_face\m09i\m09il5k_17_face.jpg","D:\work\secondYearMaster\thesis\reference\appeal\algorithms\preference_evaluate\deepskin\data\toMax\rendered_2max\m09i\m09il5k_01.jpg",1148,1530
m09il5k,m09,m09i,l5k,"D:\work\secondYearMaster\thesis\reference\appeal\algorithms\preference_evaluate\deepskin\data\toMax\rendered_face\m09i\m09il5k_18_face.jpg","D:\work\secondYearMaster\thesis\reference\appeal\algorithms\preference_evaluate\deepskin\data\toMax\rendered_2max\m09i\m09il5k_01.jpg",1148,1530
m09il5k,m09,m09i,l5k,"D:\work\secondYearMaster\thesis\reference\appeal\algorithms\preference_evaluate\deepskin\data\toMax\rendered_face\m09i\m09il5k_19_face.jpg","D:\work\secondYearMaster\thesis\reference\appeal\algorithms\preference_evaluate\deepskin\data\toMax\rendered_2max\m09i\m09il5k_01.jpg",1148,1530
m09il5k,m09,m09i,l5k,"D:\work\secondYearMaster\thesis\reference\appeal\algorithms\preference_evaluate\deepskin\data\toMax\rendered_face\m09i\m09il5k_20_face.jpg","D:\work\secondYearMaster\thesis\reference\appeal\algorithms\preference_evaluate\deepskin\data\toMax\rendered_2max\m09i\m09il5k_01.jpg",1148,1530
m09il5k,m09,m09i,l5k,"D:\work\secondYearMaster\thesis\reference\appeal\algorithms\preference_evaluate\deepskin\data\toMax\rendered_face\m09i\m09il5k_21_face.jpg","D:\work\secondYearMaster\thesis\reference\appeal\algorithms\preference_evaluate\deepskin\data\toMax\rendered_2max\m09i\m09il5k_01.jpg",1148,1530
m09il5k,m09,m09i,l5k,"D:\work\secondYearMaster\thesis\reference\appeal\algorithms\preference_evaluate\deepskin\data\toMax\rendered_face\m09i\m09il5k_22_face.jpg","D:\work\secondYearMaster\thesis\reference\appeal\algorithms\preference_evaluate\deepskin\data\toMax\rendered_2max\m09i\m09il5k_01.jpg",1148,1530
m09il5k,m09,m09i,l5k,"D:\work\secondYearMaster\thesis\reference\appeal\algorithms\preference_evaluate\deepskin\data\toMax\rendered_face\m09i\m09il5k_23_face.jpg","D:\work\secondYearMaster\thesis\reference\appeal\algorithms\preference_evaluate\deepskin\data\toMax\rendered_2max\m09i\m09il5k_01.jpg",1148,1530
m09il5k,m09,m09i,l5k,"D:\work\secondYearMaster\thesis\reference\appeal\algorithms\preference_evaluate\deepskin\data\toMax\rendered_face\m09i\m09il5k_24_face.jpg","D:\work\secondYearMaster\thesis\reference\appeal\algorithms\preference_evaluate\deepskin\data\toMax\rendered_2max\m09i\m09il5k_01.jpg",1148,1530
m09il5k,m09,m09i,l5k,"D:\work\secondYearMaster\thesis\reference\appeal\algorithms\preference_evaluate\deepskin\data\toMax\rendered_face\m09i\m09il5k_25_face.jpg","D:\work\secondYearMaster\thesis\reference\appeal\algorithms\preference_evaluate\deepskin\data\toMax\rendered_2max\m09i\m09il5k_01.jpg",1148,1530
m09il5k,m09,m09i,l5k,"D:\work\secondYearMaster\thesis\reference\appeal\algorithms\preference_evaluate\deepskin\data\toMax\rendered_face\m09i\m09il5k_26_face.jpg","D:\work\secondYearMaster\thesis\reference\appeal\algorithms\preference_evaluate\deepskin\data\toMax\rendered_2max\m09i\m09il5k_01.jpg",1148,1530
m09il5k,m09,m09i,l5k,"D:\work\secondYearMaster\thesis\reference\appeal\algorithms\preference_evaluate\deepskin\data\toMax\rendered_face\m09i\m09il5k_27_face.jpg","D:\work\secondYearMaster\thesis\reference\appeal\algorithms\preference_evaluate\deepskin\data\toMax\rendered_2max\m09i\m09il5k_01.jpg",1148,1530
m09il5k,m09,m09i,l5k,"D:\work\secondYearMaster\thesis\reference\appeal\algorithms\preference_evaluate\deepskin\data\toMax\rendered_face\m09i\m09il5k_28_face.jpg","D:\work\secondYearMaster\thesis\reference\appeal\algorithms\preference_evaluate\deepskin\data\toMax\rendered_2max\m09i\m09il5k_01.jpg",1148,1530
m09il5k,m09,m09i,l5k,"D:\work\secondYearMaster\thesis\reference\appeal\algorithms\preference_evaluate\deepskin\data\toMax\rendered_face\m09i\m09il5k_29_face.jpg","D:\work\secondYearMaster\thesis\reference\appeal\algorithms\preference_evaluate\deepskin\data\toMax\rendered_2max\m09i\m09il5k_01.jpg",1148,1530
m09il5k,m09,m09i,l5k,"D:\work\secondYearMaster\thesis\reference\appeal\algorithms\preference_evaluate\deepskin\data\toMax\rendered_face\m09i\m09il5k_30_face.jpg","D:\work\secondYearMaster\thesis\reference\appeal\algorithms\preference_evaluate\deepskin\data\toMax\rendered_2max\m09i\m09il5k_01.jpg",1148,1530
m09il5k,m09,m09i,l5k,"D:\work\secondYearMaster\thesis\reference\appeal\algorithms\preference_evaluate\deepskin\data\toMax\rendered_face\m09i\m09il5k_31_face.jpg","D:\work\secondYearMaster\thesis\reference\appeal\algorithms\preference_evaluate\deepskin\data\toMax\rendered_2max\m09i\m09il5k_01.jpg",1148,1530
m09il5k,m09,m09i,l5k,"D:\work\secondYearMaster\thesis\reference\appeal\algorithms\preference_evaluate\deepskin\data\toMax\rendered_face\m09i\m09il5k_32_face.jpg","D:\work\secondYearMaster\thesis\reference\appeal\algorithms\preference_evaluate\deepskin\data\toMax\rendered_2max\m09i\m09il5k_01.jpg",1148,1530
m09il5k,m09,m09i,l5k,"D:\work\secondYearMaster\thesis\reference\appeal\algorithms\preference_evaluate\deepskin\data\toMax\rendered_face\m09i\m09il5k_33_face.jpg","D:\work\secondYearMaster\thesis\reference\appeal\algorithms\preference_evaluate\deepskin\data\toMax\rendered_2max\m09i\m09il5k_01.jpg",1148,1530
m09il6k,m09,m09i,l6k,"D:\work\secondYearMaster\thesis\reference\appeal\algorithms\preference_evaluate\deepskin\data\toMax\rendered_face\m09i\m09il6k_01_face.jpg","D:\work\secondYearMaster\thesis\reference\appeal\algorithms\preference_evaluate\deepskin\data\toMax\rendered_2max\m09i\m09il6k_01.jpg",1148,1530
m09il6k,m09,m09i,l6k,"D:\work\secondYearMaster\thesis\reference\appeal\algorithms\preference_evaluate\deepskin\data\toMax\rendered_face\m09i\m09il6k_02_face.jpg","D:\work\secondYearMaster\thesis\reference\appeal\algorithms\preference_evaluate\deepskin\data\toMax\rendered_2max\m09i\m09il6k_01.jpg",1148,1530
m09il6k,m09,m09i,l6k,"D:\work\secondYearMaster\thesis\reference\appeal\algorithms\preference_evaluate\deepskin\data\toMax\rendered_face\m09i\m09il6k_03_face.jpg","D:\work\secondYearMaster\thesis\reference\appeal\algorithms\preference_evaluate\deepskin\data\toMax\rendered_2max\m09i\m09il6k_01.jpg",1148,1530
m09il6k,m09,m09i,l6k,"D:\work\secondYearMaster\thesis\reference\appeal\algorithms\preference_evaluate\deepskin\data\toMax\rendered_face\m09i\m09il6k_04_face.jpg","D:\work\secondYearMaster\thesis\reference\appeal\algorithms\preference_evaluate\deepskin\data\toMax\rendered_2max\m09i\m09il6k_01.jpg",1148,1530
m09il6k,m09,m09i,l6k,"D:\work\secondYearMaster\thesis\reference\appeal\algorithms\preference_evaluate\deepskin\data\toMax\rendered_face\m09i\m09il6k_05_face.jpg","D:\work\secondYearMaster\thesis\reference\appeal\algorithms\preference_evaluate\deepskin\data\toMax\rendered_2max\m09i\m09il6k_01.jpg",1148,1530
m09il6k,m09,m09i,l6k,"D:\work\secondYearMaster\thesis\reference\appeal\algorithms\preference_evaluate\deepskin\data\toMax\rendered_face\m09i\m09il6k_06_face.jpg","D:\work\secondYearMaster\thesis\reference\appeal\algorithms\preference_evaluate\deepskin\data\toMax\rendered_2max\m09i\m09il6k_01.jpg",1148,1530
m09il6k,m09,m09i,l6k,"D:\work\secondYearMaster\thesis\reference\appeal\algorithms\preference_evaluate\deepskin\data\toMax\rendered_face\m09i\m09il6k_07_face.jpg","D:\work\secondYearMaster\thesis\reference\appeal\algorithms\preference_evaluate\deepskin\data\toMax\rendered_2max\m09i\m09il6k_01.jpg",1148,1530
m09il6k,m09,m09i,l6k,"D:\work\secondYearMaster\thesis\reference\appeal\algorithms\preference_evaluate\deepskin\data\toMax\rendered_face\m09i\m09il6k_08_face.jpg","D:\work\secondYearMaster\thesis\reference\appeal\algorithms\preference_evaluate\deepskin\data\toMax\rendered_2max\m09i\m09il6k_01.jpg",1148,1530
m09il6k,m09,m09i,l6k,"D:\work\secondYearMaster\thesis\reference\appeal\algorithms\preference_evaluate\deepskin\data\toMax\rendered_face\m09i\m09il6k_09_face.jpg","D:\work\secondYearMaster\thesis\reference\appeal\algorithms\preference_evaluate\deepskin\data\toMax\rendered_2max\m09i\m09il6k_01.jpg",1148,1530
m09il6k,m09,m09i,l6k,"D:\work\secondYearMaster\thesis\reference\appeal\algorithms\preference_evaluate\deepskin\data\toMax\rendered_face\m09i\m09il6k_10_face.jpg","D:\work\secondYearMaster\thesis\reference\appeal\algorithms\preference_evaluate\deepskin\data\toMax\rendered_2max\m09i\m09il6k_01.jpg",1148,1530
m09il6k,m09,m09i,l6k,"D:\work\secondYearMaster\thesis\reference\appeal\algorithms\preference_evaluate\deepskin\data\toMax\rendered_face\m09i\m09il6k_11_face.jpg","D:\work\secondYearMaster\thesis\reference\appeal\algorithms\preference_evaluate\deepskin\data\toMax\rendered_2max\m09i\m09il6k_01.jpg",1148,1530
m09il6k,m09,m09i,l6k,"D:\work\secondYearMaster\thesis\reference\appeal\algorithms\preference_evaluate\deepskin\data\toMax\rendered_face\m09i\m09il6k_12_face.jpg","D:\work\secondYearMaster\thesis\reference\appeal\algorithms\preference_evaluate\deepskin\data\toMax\rendered_2max\m09i\m09il6k_01.jpg",1148,1530
m09il6k,m09,m09i,l6k,"D:\work\secondYearMaster\thesis\reference\appeal\algorithms\preference_evaluate\deepskin\data\toMax\rendered_face\m09i\m09il6k_13_face.jpg","D:\work\secondYearMaster\thesis\reference\appeal\algorithms\preference_evaluate\deepskin\data\toMax\rendered_2max\m09i\m09il6k_01.jpg",1148,1530
m09il6k,m09,m09i,l6k,"D:\work\secondYearMaster\thesis\reference\appeal\algorithms\preference_evaluate\deepskin\data\toMax\rendered_face\m09i\m09il6k_14_face.jpg","D:\work\secondYearMaster\thesis\reference\appeal\algorithms\preference_evaluate\deepskin\data\toMax\rendered_2max\m09i\m09il6k_01.jpg",1148,1530
m09il6k,m09,m09i,l6k,"D:\work\secondYearMaster\thesis\reference\appeal\algorithms\preference_evaluate\deepskin\data\toMax\rendered_face\m09i\m09il6k_15_face.jpg","D:\work\secondYearMaster\thesis\reference\appeal\algorithms\preference_evaluate\deepskin\data\toMax\rendered_2max\m09i\m09il6k_01.jpg",1148,1530
m09il6k,m09,m09i,l6k,"D:\work\secondYearMaster\thesis\reference\appeal\algorithms\preference_evaluate\deepskin\data\toMax\rendered_face\m09i\m09il6k_16_face.jpg","D:\work\secondYearMaster\thesis\reference\appeal\algorithms\preference_evaluate\deepskin\data\toMax\rendered_2max\m09i\m09il6k_01.jpg",1148,1530
m09il6k,m09,m09i,l6k,"D:\work\secondYearMaster\thesis\reference\appeal\algorithms\preference_evaluate\deepskin\data\toMax\rendered_face\m09i\m09il6k_17_face.jpg","D:\work\secondYearMaster\thesis\reference\appeal\algorithms\preference_evaluate\deepskin\data\toMax\rendered_2max\m09i\m09il6k_01.jpg",1148,1530
m09il6k,m09,m09i,l6k,"D:\work\secondYearMaster\thesis\reference\appeal\algorithms\preference_evaluate\deepskin\data\toMax\rendered_face\m09i\m09il6k_18_face.jpg","D:\work\secondYearMaster\thesis\reference\appeal\algorithms\preference_evaluate\deepskin\data\toMax\rendered_2max\m09i\m09il6k_01.jpg",1148,1530
m09il6k,m09,m09i,l6k,"D:\work\secondYearMaster\thesis\reference\appeal\algorithms\preference_evaluate\deepskin\data\toMax\rendered_face\m09i\m09il6k_19_face.jpg","D:\work\secondYearMaster\thesis\reference\appeal\algorithms\preference_evaluate\deepskin\data\toMax\rendered_2max\m09i\m09il6k_01.jpg",1148,1530
m09il6k,m09,m09i,l6k,"D:\work\secondYearMaster\thesis\reference\appeal\algorithms\preference_evaluate\deepskin\data\toMax\rendered_face\m09i\m09il6k_20_face.jpg","D:\work\secondYearMaster\thesis\reference\appeal\algorithms\preference_evaluate\deepskin\data\toMax\rendered_2max\m09i\m09il6k_01.jpg",1148,1530
m09il6k,m09,m09i,l6k,"D:\work\secondYearMaster\thesis\reference\appeal\algorithms\preference_evaluate\deepskin\data\toMax\rendered_face\m09i\m09il6k_21_face.jpg","D:\work\secondYearMaster\thesis\reference\appeal\algorithms\preference_evaluate\deepskin\data\toMax\rendered_2max\m09i\m09il6k_01.jpg",1148,1530
m09il6k,m09,m09i,l6k,"D:\work\secondYearMaster\thesis\reference\appeal\algorithms\preference_evaluate\deepskin\data\toMax\rendered_face\m09i\m09il6k_22_face.jpg","D:\work\secondYearMaster\thesis\reference\appeal\algorithms\preference_evaluate\deepskin\data\toMax\rendered_2max\m09i\m09il6k_01.jpg",1148,1530
m09il6k,m09,m09i,l6k,"D:\work\secondYearMaster\thesis\reference\appeal\algorithms\preference_evaluate\deepskin\data\toMax\rendered_face\m09i\m09il6k_23_face.jpg","D:\work\secondYearMaster\thesis\reference\appeal\algorithms\preference_evaluate\deepskin\data\toMax\rendered_2max\m09i\m09il6k_01.jpg",1148,1530
m09il6k,m09,m09i,l6k,"D:\work\secondYearMaster\thesis\reference\appeal\algorithms\preference_evaluate\deepskin\data\toMax\rendered_face\m09i\m09il6k_24_face.jpg","D:\work\secondYearMaster\thesis\reference\appeal\algorithms\preference_evaluate\deepskin\data\toMax\rendered_2max\m09i\m09il6k_01.jpg",1148,1530
m09il6k,m09,m09i,l6k,"D:\work\secondYearMaster\thesis\reference\appeal\algorithms\preference_evaluate\deepskin\data\toMax\rendered_face\m09i\m09il6k_25_face.jpg","D:\work\secondYearMaster\thesis\reference\appeal\algorithms\preference_evaluate\deepskin\data\toMax\rendered_2max\m09i\m09il6k_01.jpg",1148,1530
m09il6k,m09,m09i,l6k,"D:\work\secondYearMaster\thesis\reference\appeal\algorithms\preference_evaluate\deepskin\data\toMax\rendered_face\m09i\m09il6k_26_face.jpg","D:\work\secondYearMaster\thesis\reference\appeal\algorithms\preference_evaluate\deepskin\data\toMax\rendered_2max\m09i\m09il6k_01.jpg",1148,1530
m09il6k,m09,m09i,l6k,"D:\work\secondYearMaster\thesis\reference\appeal\algorithms\preference_evaluate\deepskin\data\toMax\rendered_face\m09i\m09il6k_27_face.jpg","D:\work\secondYearMaster\thesis\reference\appeal\algorithms\preference_evaluate\deepskin\data\toMax\rendered_2max\m09i\m09il6k_01.jpg",1148,1530
m09il6k,m09,m09i,l6k,"D:\work\secondYearMaster\thesis\reference\appeal\algorithms\preference_evaluate\deepskin\data\toMax\rendered_face\m09i\m09il6k_28_face.jpg","D:\work\secondYearMaster\thesis\reference\appeal\algorithms\preference_evaluate\deepskin\data\toMax\rendered_2max\m09i\m09il6k_01.jpg",1148,1530
m09il6k,m09,m09i,l6k,"D:\work\secondYearMaster\thesis\reference\appeal\algorithms\preference_evaluate\deepskin\data\toMax\rendered_face\m09i\m09il6k_29_face.jpg","D:\work\secondYearMaster\thesis\reference\appeal\algorithms\preference_evaluate\deepskin\data\toMax\rendered_2max\m09i\m09il6k_01.jpg",1148,1530
m09il6k,m09,m09i,l6k,"D:\work\secondYearMaster\thesis\reference\appeal\algorithms\preference_evaluate\deepskin\data\toMax\rendered_face\m09i\m09il6k_30_face.jpg","D:\work\secondYearMaster\thesis\reference\appeal\algorithms\preference_evaluate\deepskin\data\toMax\rendered_2max\m09i\m09il6k_01.jpg",1148,1530
m09il6k,m09,m09i,l6k,"D:\work\secondYearMaster\thesis\reference\appeal\algorithms\preference_evaluate\deepskin\data\toMax\rendered_face\m09i\m09il6k_31_face.jpg","D:\work\secondYearMaster\thesis\reference\appeal\algorithms\preference_evaluate\deepskin\data\toMax\rendered_2max\m09i\m09il6k_01.jpg",1148,1530
m09il6k,m09,m09i,l6k,"D:\work\secondYearMaster\thesis\reference\appeal\algorithms\preference_evaluate\deepskin\data\toMax\rendered_face\m09i\m09il6k_32_face.jpg","D:\work\secondYearMaster\thesis\reference\appeal\algorithms\preference_evaluate\deepskin\data\toMax\rendered_2max\m09i\m09il6k_01.jpg",1148,1530
m09il6k,m09,m09i,l6k,"D:\work\secondYearMaster\thesis\reference\appeal\algorithms\preference_evaluate\deepskin\data\toMax\rendered_face\m09i\m09il6k_33_face.jpg","D:\work\secondYearMaster\thesis\reference\appeal\algorithms\preference_evaluate\deepskin\data\toMax\rendered_2max\m09i\m09il6k_01.jpg",1148,1530
m09il7k,m09,m09i,l7k,"D:\work\secondYearMaster\thesis\reference\appeal\algorithms\preference_evaluate\deepskin\data\toMax\rendered_face\m09i\m09il7k_01_face.jpg","D:\work\secondYearMaster\thesis\reference\appeal\algorithms\preference_evaluate\deepskin\data\toMax\rendered_2max\m09i\m09il7k_01.jpg",1148,1530
m09il7k,m09,m09i,l7k,"D:\work\secondYearMaster\thesis\reference\appeal\algorithms\preference_evaluate\deepskin\data\toMax\rendered_face\m09i\m09il7k_02_face.jpg","D:\work\secondYearMaster\thesis\reference\appeal\algorithms\preference_evaluate\deepskin\data\toMax\rendered_2max\m09i\m09il7k_01.jpg",1148,1530
m09il7k,m09,m09i,l7k,"D:\work\secondYearMaster\thesis\reference\appeal\algorithms\preference_evaluate\deepskin\data\toMax\rendered_face\m09i\m09il7k_03_face.jpg","D:\work\secondYearMaster\thesis\reference\appeal\algorithms\preference_evaluate\deepskin\data\toMax\rendered_2max\m09i\m09il7k_01.jpg",1148,1530
m09il7k,m09,m09i,l7k,"D:\work\secondYearMaster\thesis\reference\appeal\algorithms\preference_evaluate\deepskin\data\toMax\rendered_face\m09i\m09il7k_04_face.jpg","D:\work\secondYearMaster\thesis\reference\appeal\algorithms\preference_evaluate\deepskin\data\toMax\rendered_2max\m09i\m09il7k_01.jpg",1148,1530
m09il7k,m09,m09i,l7k,"D:\work\secondYearMaster\thesis\reference\appeal\algorithms\preference_evaluate\deepskin\data\toMax\rendered_face\m09i\m09il7k_05_face.jpg","D:\work\secondYearMaster\thesis\reference\appeal\algorithms\preference_evaluate\deepskin\data\toMax\rendered_2max\m09i\m09il7k_01.jpg",1148,1530
m09il7k,m09,m09i,l7k,"D:\work\secondYearMaster\thesis\reference\appeal\algorithms\preference_evaluate\deepskin\data\toMax\rendered_face\m09i\m09il7k_06_face.jpg","D:\work\secondYearMaster\thesis\reference\appeal\algorithms\preference_evaluate\deepskin\data\toMax\rendered_2max\m09i\m09il7k_01.jpg",1148,1530
m09il7k,m09,m09i,l7k,"D:\work\secondYearMaster\thesis\reference\appeal\algorithms\preference_evaluate\deepskin\data\toMax\rendered_face\m09i\m09il7k_07_face.jpg","D:\work\secondYearMaster\thesis\reference\appeal\algorithms\preference_evaluate\deepskin\data\toMax\rendered_2max\m09i\m09il7k_01.jpg",1148,1530
m09il7k,m09,m09i,l7k,"D:\work\secondYearMaster\thesis\reference\appeal\algorithms\preference_evaluate\deepskin\data\toMax\rendered_face\m09i\m09il7k_08_face.jpg","D:\work\secondYearMaster\thesis\reference\appeal\algorithms\preference_evaluate\deepskin\data\toMax\rendered_2max\m09i\m09il7k_01.jpg",1148,1530
m09il7k,m09,m09i,l7k,"D:\work\secondYearMaster\thesis\reference\appeal\algorithms\preference_evaluate\deepskin\data\toMax\rendered_face\m09i\m09il7k_09_face.jpg","D:\work\secondYearMaster\thesis\reference\appeal\algorithms\preference_evaluate\deepskin\data\toMax\rendered_2max\m09i\m09il7k_01.jpg",1148,1530
m09il7k,m09,m09i,l7k,"D:\work\secondYearMaster\thesis\reference\appeal\algorithms\preference_evaluate\deepskin\data\toMax\rendered_face\m09i\m09il7k_10_face.jpg","D:\work\secondYearMaster\thesis\reference\appeal\algorithms\preference_evaluate\deepskin\data\toMax\rendered_2max\m09i\m09il7k_01.jpg",1148,1530
m09il7k,m09,m09i,l7k,"D:\work\secondYearMaster\thesis\reference\appeal\algorithms\preference_evaluate\deepskin\data\toMax\rendered_face\m09i\m09il7k_11_face.jpg","D:\work\secondYearMaster\thesis\reference\appeal\algorithms\preference_evaluate\deepskin\data\toMax\rendered_2max\m09i\m09il7k_01.jpg",1148,1530
m09il7k,m09,m09i,l7k,"D:\work\secondYearMaster\thesis\reference\appeal\algorithms\preference_evaluate\deepskin\data\toMax\rendered_face\m09i\m09il7k_12_face.jpg","D:\work\secondYearMaster\thesis\reference\appeal\algorithms\preference_evaluate\deepskin\data\toMax\rendered_2max\m09i\m09il7k_01.jpg",1148,1530
m09il7k,m09,m09i,l7k,"D:\work\secondYearMaster\thesis\reference\appeal\algorithms\preference_evaluate\deepskin\data\toMax\rendered_face\m09i\m09il7k_13_face.jpg","D:\work\secondYearMaster\thesis\reference\appeal\algorithms\preference_evaluate\deepskin\data\toMax\rendered_2max\m09i\m09il7k_01.jpg",1148,1530
m09il7k,m09,m09i,l7k,"D:\work\secondYearMaster\thesis\reference\appeal\algorithms\preference_evaluate\deepskin\data\toMax\rendered_face\m09i\m09il7k_14_face.jpg","D:\work\secondYearMaster\thesis\reference\appeal\algorithms\preference_evaluate\deepskin\data\toMax\rendered_2max\m09i\m09il7k_01.jpg",1148,1530
m09il7k,m09,m09i,l7k,"D:\work\secondYearMaster\thesis\reference\appeal\algorithms\preference_evaluate\deepskin\data\toMax\rendered_face\m09i\m09il7k_15_face.jpg","D:\work\secondYearMaster\thesis\reference\appeal\algorithms\preference_evaluate\deepskin\data\toMax\rendered_2max\m09i\m09il7k_01.jpg",1148,1530
m09il7k,m09,m09i,l7k,"D:\work\secondYearMaster\thesis\reference\appeal\algorithms\preference_evaluate\deepskin\data\toMax\rendered_face\m09i\m09il7k_16_face.jpg","D:\work\secondYearMaster\thesis\reference\appeal\algorithms\preference_evaluate\deepskin\data\toMax\rendered_2max\m09i\m09il7k_01.jpg",1148,1530
m09il7k,m09,m09i,l7k,"D:\work\secondYearMaster\thesis\reference\appeal\algorithms\preference_evaluate\deepskin\data\toMax\rendered_face\m09i\m09il7k_17_face.jpg","D:\work\secondYearMaster\thesis\reference\appeal\algorithms\preference_evaluate\deepskin\data\toMax\rendered_2max\m09i\m09il7k_01.jpg",1148,1530
m09il7k,m09,m09i,l7k,"D:\work\secondYearMaster\thesis\reference\appeal\algorithms\preference_evaluate\deepskin\data\toMax\rendered_face\m09i\m09il7k_18_face.jpg","D:\work\secondYearMaster\thesis\reference\appeal\algorithms\preference_evaluate\deepskin\data\toMax\rendered_2max\m09i\m09il7k_01.jpg",1148,1530
m09il7k,m09,m09i,l7k,"D:\work\secondYearMaster\thesis\reference\appeal\algorithms\preference_evaluate\deepskin\data\toMax\rendered_face\m09i\m09il7k_19_face.jpg","D:\work\secondYearMaster\thesis\reference\appeal\algorithms\preference_evaluate\deepskin\data\toMax\rendered_2max\m09i\m09il7k_01.jpg",1148,1530
m09il7k,m09,m09i,l7k,"D:\work\secondYearMaster\thesis\reference\appeal\algorithms\preference_evaluate\deepskin\data\toMax\rendered_face\m09i\m09il7k_20_face.jpg","D:\work\secondYearMaster\thesis\reference\appeal\algorithms\preference_evaluate\deepskin\data\toMax\rendered_2max\m09i\m09il7k_01.jpg",1148,1530
m09il7k,m09,m09i,l7k,"D:\work\secondYearMaster\thesis\reference\appeal\algorithms\preference_evaluate\deepskin\data\toMax\rendered_face\m09i\m09il7k_21_face.jpg","D:\work\secondYearMaster\thesis\reference\appeal\algorithms\preference_evaluate\deepskin\data\toMax\rendered_2max\m09i\m09il7k_01.jpg",1148,1530
m09il7k,m09,m09i,l7k,"D:\work\secondYearMaster\thesis\reference\appeal\algorithms\preference_evaluate\deepskin\data\toMax\rendered_face\m09i\m09il7k_22_face.jpg","D:\work\secondYearMaster\thesis\reference\appeal\algorithms\preference_evaluate\deepskin\data\toMax\rendered_2max\m09i\m09il7k_01.jpg",1148,1530
m09il7k,m09,m09i,l7k,"D:\work\secondYearMaster\thesis\reference\appeal\algorithms\preference_evaluate\deepskin\data\toMax\rendered_face\m09i\m09il7k_23_face.jpg","D:\work\secondYearMaster\thesis\reference\appeal\algorithms\preference_evaluate\deepskin\data\toMax\rendered_2max\m09i\m09il7k_01.jpg",1148,1530
m09il7k,m09,m09i,l7k,"D:\work\secondYearMaster\thesis\reference\appeal\algorithms\preference_evaluate\deepskin\data\toMax\rendered_face\m09i\m09il7k_24_face.jpg","D:\work\secondYearMaster\thesis\reference\appeal\algorithms\preference_evaluate\deepskin\data\toMax\rendered_2max\m09i\m09il7k_01.jpg",1148,1530
m09il7k,m09,m09i,l7k,"D:\work\secondYearMaster\thesis\reference\appeal\algorithms\preference_evaluate\deepskin\data\toMax\rendered_face\m09i\m09il7k_25_face.jpg","D:\work\secondYearMaster\thesis\reference\appeal\algorithms\preference_evaluate\deepskin\data\toMax\rendered_2max\m09i\m09il7k_01.jpg",1148,1530
m09il7k,m09,m09i,l7k,"D:\work\secondYearMaster\thesis\reference\appeal\algorithms\preference_evaluate\deepskin\data\toMax\rendered_face\m09i\m09il7k_26_face.jpg","D:\work\secondYearMaster\thesis\reference\appeal\algorithms\preference_evaluate\deepskin\data\toMax\rendered_2max\m09i\m09il7k_01.jpg",1148,1530
m09il7k,m09,m09i,l7k,"D:\work\secondYearMaster\thesis\reference\appeal\algorithms\preference_evaluate\deepskin\data\toMax\rendered_face\m09i\m09il7k_27_face.jpg","D:\work\secondYearMaster\thesis\reference\appeal\algorithms\preference_evaluate\deepskin\data\toMax\rendered_2max\m09i\m09il7k_01.jpg",1148,1530
m09il7k,m09,m09i,l7k,"D:\work\secondYearMaster\thesis\reference\appeal\algorithms\preference_evaluate\deepskin\data\toMax\rendered_face\m09i\m09il7k_28_face.jpg","D:\work\secondYearMaster\thesis\reference\appeal\algorithms\preference_evaluate\deepskin\data\toMax\rendered_2max\m09i\m09il7k_01.jpg",1148,1530
m09il7k,m09,m09i,l7k,"D:\work\secondYearMaster\thesis\reference\appeal\algorithms\preference_evaluate\deepskin\data\toMax\rendered_face\m09i\m09il7k_29_face.jpg","D:\work\secondYearMaster\thesis\reference\appeal\algorithms\preference_evaluate\deepskin\data\toMax\rendered_2max\m09i\m09il7k_01.jpg",1148,1530
m09il7k,m09,m09i,l7k,"D:\work\secondYearMaster\thesis\reference\appeal\algorithms\preference_evaluate\deepskin\data\toMax\rendered_face\m09i\m09il7k_30_face.jpg","D:\work\secondYearMaster\thesis\reference\appeal\algorithms\preference_evaluate\deepskin\data\toMax\rendered_2max\m09i\m09il7k_01.jpg",1148,1530
m09il7k,m09,m09i,l7k,"D:\work\secondYearMaster\thesis\reference\appeal\algorithms\preference_evaluate\deepskin\data\toMax\rendered_face\m09i\m09il7k_31_face.jpg","D:\work\secondYearMaster\thesis\reference\appeal\algorithms\preference_evaluate\deepskin\data\toMax\rendered_2max\m09i\m09il7k_01.jpg",1148,1530
m09il7k,m09,m09i,l7k,"D:\work\secondYearMaster\thesis\reference\appeal\algorithms\preference_evaluate\deepskin\data\toMax\rendered_face\m09i\m09il7k_32_face.jpg","D:\work\secondYearMaster\thesis\reference\appeal\algorithms\preference_evaluate\deepskin\data\toMax\rendered_2max\m09i\m09il7k_01.jpg",1148,1530
m09il7k,m09,m09i,l7k,"D:\work\secondYearMaster\thesis\reference\appeal\algorithms\preference_evaluate\deepskin\data\toMax\rendered_face\m09i\m09il7k_33_face.jpg","D:\work\secondYearMaster\thesis\reference\appeal\algorithms\preference_evaluate\deepskin\data\toMax\rendered_2max\m09i\m09il7k_01.jpg",1148,1530
m09il8k,m09,m09i,l8k,"D:\work\secondYearMaster\thesis\reference\appeal\algorithms\preference_evaluate\deepskin\data\toMax\rendered_face\m09i\m09il8k_01_face.jpg","D:\work\secondYearMaster\thesis\reference\appeal\algorithms\preference_evaluate\deepskin\data\toMax\rendered_2max\m09i\m09il8k_01.jpg",1148,1530
m09il8k,m09,m09i,l8k,"D:\work\secondYearMaster\thesis\reference\appeal\algorithms\preference_evaluate\deepskin\data\toMax\rendered_face\m09i\m09il8k_02_face.jpg","D:\work\secondYearMaster\thesis\reference\appeal\algorithms\preference_evaluate\deepskin\data\toMax\rendered_2max\m09i\m09il8k_01.jpg",1148,1530
m09il8k,m09,m09i,l8k,"D:\work\secondYearMaster\thesis\reference\appeal\algorithms\preference_evaluate\deepskin\data\toMax\rendered_face\m09i\m09il8k_03_face.jpg","D:\work\secondYearMaster\thesis\reference\appeal\algorithms\preference_evaluate\deepskin\data\toMax\rendered_2max\m09i\m09il8k_01.jpg",1148,1530
m09il8k,m09,m09i,l8k,"D:\work\secondYearMaster\thesis\reference\appeal\algorithms\preference_evaluate\deepskin\data\toMax\rendered_face\m09i\m09il8k_04_face.jpg","D:\work\secondYearMaster\thesis\reference\appeal\algorithms\preference_evaluate\deepskin\data\toMax\rendered_2max\m09i\m09il8k_01.jpg",1148,1530
m09il8k,m09,m09i,l8k,"D:\work\secondYearMaster\thesis\reference\appeal\algorithms\preference_evaluate\deepskin\data\toMax\rendered_face\m09i\m09il8k_05_face.jpg","D:\work\secondYearMaster\thesis\reference\appeal\algorithms\preference_evaluate\deepskin\data\toMax\rendered_2max\m09i\m09il8k_01.jpg",1148,1530
m09il8k,m09,m09i,l8k,"D:\work\secondYearMaster\thesis\reference\appeal\algorithms\preference_evaluate\deepskin\data\toMax\rendered_face\m09i\m09il8k_06_face.jpg","D:\work\secondYearMaster\thesis\reference\appeal\algorithms\preference_evaluate\deepskin\data\toMax\rendered_2max\m09i\m09il8k_01.jpg",1148,1530
m09il8k,m09,m09i,l8k,"D:\work\secondYearMaster\thesis\reference\appeal\algorithms\preference_evaluate\deepskin\data\toMax\rendered_face\m09i\m09il8k_07_face.jpg","D:\work\secondYearMaster\thesis\reference\appeal\algorithms\preference_evaluate\deepskin\data\toMax\rendered_2max\m09i\m09il8k_01.jpg",1148,1530
m09il8k,m09,m09i,l8k,"D:\work\secondYearMaster\thesis\reference\appeal\algorithms\preference_evaluate\deepskin\data\toMax\rendered_face\m09i\m09il8k_08_face.jpg","D:\work\secondYearMaster\thesis\reference\appeal\algorithms\preference_evaluate\deepskin\data\toMax\rendered_2max\m09i\m09il8k_01.jpg",1148,1530
m09il8k,m09,m09i,l8k,"D:\work\secondYearMaster\thesis\reference\appeal\algorithms\preference_evaluate\deepskin\data\toMax\rendered_face\m09i\m09il8k_09_face.jpg","D:\work\secondYearMaster\thesis\reference\appeal\algorithms\preference_evaluate\deepskin\data\toMax\rendered_2max\m09i\m09il8k_01.jpg",1148,1530
m09il8k,m09,m09i,l8k,"D:\work\secondYearMaster\thesis\reference\appeal\algorithms\preference_evaluate\deepskin\data\toMax\rendered_face\m09i\m09il8k_10_face.jpg","D:\work\secondYearMaster\thesis\reference\appeal\algorithms\preference_evaluate\deepskin\data\toMax\rendered_2max\m09i\m09il8k_01.jpg",1148,1530
m09il8k,m09,m09i,l8k,"D:\work\secondYearMaster\thesis\reference\appeal\algorithms\preference_evaluate\deepskin\data\toMax\rendered_face\m09i\m09il8k_11_face.jpg","D:\work\secondYearMaster\thesis\reference\appeal\algorithms\preference_evaluate\deepskin\data\toMax\rendered_2max\m09i\m09il8k_01.jpg",1148,1530
m09il8k,m09,m09i,l8k,"D:\work\secondYearMaster\thesis\reference\appeal\algorithms\preference_evaluate\deepskin\data\toMax\rendered_face\m09i\m09il8k_12_face.jpg","D:\work\secondYearMaster\thesis\reference\appeal\algorithms\preference_evaluate\deepskin\data\toMax\rendered_2max\m09i\m09il8k_01.jpg",1148,1530
m09il8k,m09,m09i,l8k,"D:\work\secondYearMaster\thesis\reference\appeal\algorithms\preference_evaluate\deepskin\data\toMax\rendered_face\m09i\m09il8k_13_face.jpg","D:\work\secondYearMaster\thesis\reference\appeal\algorithms\preference_evaluate\deepskin\data\toMax\rendered_2max\m09i\m09il8k_01.jpg",1148,1530
m09il8k,m09,m09i,l8k,"D:\work\secondYearMaster\thesis\reference\appeal\algorithms\preference_evaluate\deepskin\data\toMax\rendered_face\m09i\m09il8k_14_face.jpg","D:\work\secondYearMaster\thesis\reference\appeal\algorithms\preference_evaluate\deepskin\data\toMax\rendered_2max\m09i\m09il8k_01.jpg",1148,1530
m09il8k,m09,m09i,l8k,"D:\work\secondYearMaster\thesis\reference\appeal\algorithms\preference_evaluate\deepskin\data\toMax\rendered_face\m09i\m09il8k_15_face.jpg","D:\work\secondYearMaster\thesis\reference\appeal\algorithms\preference_evaluate\deepskin\data\toMax\rendered_2max\m09i\m09il8k_01.jpg",1148,1530
m09il8k,m09,m09i,l8k,"D:\work\secondYearMaster\thesis\reference\appeal\algorithms\preference_evaluate\deepskin\data\toMax\rendered_face\m09i\m09il8k_16_face.jpg","D:\work\secondYearMaster\thesis\reference\appeal\algorithms\preference_evaluate\deepskin\data\toMax\rendered_2max\m09i\m09il8k_01.jpg",1148,1530
m09il8k,m09,m09i,l8k,"D:\work\secondYearMaster\thesis\reference\appeal\algorithms\preference_evaluate\deepskin\data\toMax\rendered_face\m09i\m09il8k_17_face.jpg","D:\work\secondYearMaster\thesis\reference\appeal\algorithms\preference_evaluate\deepskin\data\toMax\rendered_2max\m09i\m09il8k_01.jpg",1148,1530
m09il8k,m09,m09i,l8k,"D:\work\secondYearMaster\thesis\reference\appeal\algorithms\preference_evaluate\deepskin\data\toMax\rendered_face\m09i\m09il8k_18_face.jpg","D:\work\secondYearMaster\thesis\reference\appeal\algorithms\preference_evaluate\deepskin\data\toMax\rendered_2max\m09i\m09il8k_01.jpg",1148,1530
m09il8k,m09,m09i,l8k,"D:\work\secondYearMaster\thesis\reference\appeal\algorithms\preference_evaluate\deepskin\data\toMax\rendered_face\m09i\m09il8k_19_face.jpg","D:\work\secondYearMaster\thesis\reference\appeal\algorithms\preference_evaluate\deepskin\data\toMax\rendered_2max\m09i\m09il8k_01.jpg",1148,1530
m09il8k,m09,m09i,l8k,"D:\work\secondYearMaster\thesis\reference\appeal\algorithms\preference_evaluate\deepskin\data\toMax\rendered_face\m09i\m09il8k_20_face.jpg","D:\work\secondYearMaster\thesis\reference\appeal\algorithms\preference_evaluate\deepskin\data\toMax\rendered_2max\m09i\m09il8k_01.jpg",1148,1530
m09il8k,m09,m09i,l8k,"D:\work\secondYearMaster\thesis\reference\appeal\algorithms\preference_evaluate\deepskin\data\toMax\rendered_face\m09i\m09il8k_21_face.jpg","D:\work\secondYearMaster\thesis\reference\appeal\algorithms\preference_evaluate\deepskin\data\toMax\rendered_2max\m09i\m09il8k_01.jpg",1148,1530
m09il8k,m09,m09i,l8k,"D:\work\secondYearMaster\thesis\reference\appeal\algorithms\preference_evaluate\deepskin\data\toMax\rendered_face\m09i\m09il8k_22_face.jpg","D:\work\secondYearMaster\thesis\reference\appeal\algorithms\preference_evaluate\deepskin\data\toMax\rendered_2max\m09i\m09il8k_01.jpg",1148,1530
m09il8k,m09,m09i,l8k,"D:\work\secondYearMaster\thesis\reference\appeal\algorithms\preference_evaluate\deepskin\data\toMax\rendered_face\m09i\m09il8k_23_face.jpg","D:\work\secondYearMaster\thesis\reference\appeal\algorithms\preference_evaluate\deepskin\data\toMax\rendered_2max\m09i\m09il8k_01.jpg",1148,1530
m09il8k,m09,m09i,l8k,"D:\work\secondYearMaster\thesis\reference\appeal\algorithms\preference_evaluate\deepskin\data\toMax\rendered_face\m09i\m09il8k_24_face.jpg","D:\work\secondYearMaster\thesis\reference\appeal\algorithms\preference_evaluate\deepskin\data\toMax\rendered_2max\m09i\m09il8k_01.jpg",1148,1530
m09il8k,m09,m09i,l8k,"D:\work\secondYearMaster\thesis\reference\appeal\algorithms\preference_evaluate\deepskin\data\toMax\rendered_face\m09i\m09il8k_25_face.jpg","D:\work\secondYearMaster\thesis\reference\appeal\algorithms\preference_evaluate\deepskin\data\toMax\rendered_2max\m09i\m09il8k_01.jpg",1148,1530
m09il8k,m09,m09i,l8k,"D:\work\secondYearMaster\thesis\reference\appeal\algorithms\preference_evaluate\deepskin\data\toMax\rendered_face\m09i\m09il8k_26_face.jpg","D:\work\secondYearMaster\thesis\reference\appeal\algorithms\preference_evaluate\deepskin\data\toMax\rendered_2max\m09i\m09il8k_01.jpg",1148,1530
m09il8k,m09,m09i,l8k,"D:\work\secondYearMaster\thesis\reference\appeal\algorithms\preference_evaluate\deepskin\data\toMax\rendered_face\m09i\m09il8k_27_face.jpg","D:\work\secondYearMaster\thesis\reference\appeal\algorithms\preference_evaluate\deepskin\data\toMax\rendered_2max\m09i\m09il8k_01.jpg",1148,1530
m09il8k,m09,m09i,l8k,"D:\work\secondYearMaster\thesis\reference\appeal\algorithms\preference_evaluate\deepskin\data\toMax\rendered_face\m09i\m09il8k_28_face.jpg","D:\work\secondYearMaster\thesis\reference\appeal\algorithms\preference_evaluate\deepskin\data\toMax\rendered_2max\m09i\m09il8k_01.jpg",1148,1530
m09il8k,m09,m09i,l8k,"D:\work\secondYearMaster\thesis\reference\appeal\algorithms\preference_evaluate\deepskin\data\toMax\rendered_face\m09i\m09il8k_29_face.jpg","D:\work\secondYearMaster\thesis\reference\appeal\algorithms\preference_evaluate\deepskin\data\toMax\rendered_2max\m09i\m09il8k_01.jpg",1148,1530
m09il8k,m09,m09i,l8k,"D:\work\secondYearMaster\thesis\reference\appeal\algorithms\preference_evaluate\deepskin\data\toMax\rendered_face\m09i\m09il8k_30_face.jpg","D:\work\secondYearMaster\thesis\reference\appeal\algorithms\preference_evaluate\deepskin\data\toMax\rendered_2max\m09i\m09il8k_01.jpg",1148,1530
m09il8k,m09,m09i,l8k,"D:\work\secondYearMaster\thesis\reference\appeal\algorithms\preference_evaluate\deepskin\data\toMax\rendered_face\m09i\m09il8k_31_face.jpg","D:\work\secondYearMaster\thesis\reference\appeal\algorithms\preference_evaluate\deepskin\data\toMax\rendered_2max\m09i\m09il8k_01.jpg",1148,1530
m09il8k,m09,m09i,l8k,"D:\work\secondYearMaster\thesis\reference\appeal\algorithms\preference_evaluate\deepskin\data\toMax\rendered_face\m09i\m09il8k_32_face.jpg","D:\work\secondYearMaster\thesis\reference\appeal\algorithms\preference_evaluate\deepskin\data\toMax\rendered_2max\m09i\m09il8k_01.jpg",1148,1530
m09il8k,m09,m09i,l8k,"D:\work\secondYearMaster\thesis\reference\appeal\algorithms\preference_evaluate\deepskin\data\toMax\rendered_face\m09i\m09il8k_33_face.jpg","D:\work\secondYearMaster\thesis\reference\appeal\algorithms\preference_evaluate\deepskin\data\toMax\rendered_2max\m09i\m09il8k_01.jpg",1148,1530
m09ild65,m09,m09i,ld65,"D:\work\secondYearMaster\thesis\reference\appeal\algorithms\preference_evaluate\deepskin\data\toMax\rendered_face\m09i\m09ild65_01_face.jpg","D:\work\secondYearMaster\thesis\reference\appeal\algorithms\preference_evaluate\deepskin\data\toMax\rendered_2max\m09i\m09ild65_01.jpg",1148,1530
m09ild65,m09,m09i,ld65,"D:\work\secondYearMaster\thesis\reference\appeal\algorithms\preference_evaluate\deepskin\data\toMax\rendered_face\m09i\m09ild65_02_face.jpg","D:\work\secondYearMaster\thesis\reference\appeal\algorithms\preference_evaluate\deepskin\data\toMax\rendered_2max\m09i\m09ild65_01.jpg",1148,1530
m09ild65,m09,m09i,ld65,"D:\work\secondYearMaster\thesis\reference\appeal\algorithms\preference_evaluate\deepskin\data\toMax\rendered_face\m09i\m09ild65_03_face.jpg","D:\work\secondYearMaster\thesis\reference\appeal\algorithms\preference_evaluate\deepskin\data\toMax\rendered_2max\m09i\m09ild65_01.jpg",1148,1530
m09ild65,m09,m09i,ld65,"D:\work\secondYearMaster\thesis\reference\appeal\algorithms\preference_evaluate\deepskin\data\toMax\rendered_face\m09i\m09ild65_04_face.jpg","D:\work\secondYearMaster\thesis\reference\appeal\algorithms\preference_evaluate\deepskin\data\toMax\rendered_2max\m09i\m09ild65_01.jpg",1148,1530
m09ild65,m09,m09i,ld65,"D:\work\secondYearMaster\thesis\reference\appeal\algorithms\preference_evaluate\deepskin\data\toMax\rendered_face\m09i\m09ild65_05_face.jpg","D:\work\secondYearMaster\thesis\reference\appeal\algorithms\preference_evaluate\deepskin\data\toMax\rendered_2max\m09i\m09ild65_01.jpg",1148,1530
m09ild65,m09,m09i,ld65,"D:\work\secondYearMaster\thesis\reference\appeal\algorithms\preference_evaluate\deepskin\data\toMax\rendered_face\m09i\m09ild65_06_face.jpg","D:\work\secondYearMaster\thesis\reference\appeal\algorithms\preference_evaluate\deepskin\data\toMax\rendered_2max\m09i\m09ild65_01.jpg",1148,1530
m09ild65,m09,m09i,ld65,"D:\work\secondYearMaster\thesis\reference\appeal\algorithms\preference_evaluate\deepskin\data\toMax\rendered_face\m09i\m09ild65_07_face.jpg","D:\work\secondYearMaster\thesis\reference\appeal\algorithms\preference_evaluate\deepskin\data\toMax\rendered_2max\m09i\m09ild65_01.jpg",1148,1530
m09ild65,m09,m09i,ld65,"D:\work\secondYearMaster\thesis\reference\appeal\algorithms\preference_evaluate\deepskin\data\toMax\rendered_face\m09i\m09ild65_08_face.jpg","D:\work\secondYearMaster\thesis\reference\appeal\algorithms\preference_evaluate\deepskin\data\toMax\rendered_2max\m09i\m09ild65_01.jpg",1148,1530
m09ild65,m09,m09i,ld65,"D:\work\secondYearMaster\thesis\reference\appeal\algorithms\preference_evaluate\deepskin\data\toMax\rendered_face\m09i\m09ild65_09_face.jpg","D:\work\secondYearMaster\thesis\reference\appeal\algorithms\preference_evaluate\deepskin\data\toMax\rendered_2max\m09i\m09ild65_01.jpg",1148,1530
m09ild65,m09,m09i,ld65,"D:\work\secondYearMaster\thesis\reference\appeal\algorithms\preference_evaluate\deepskin\data\toMax\rendered_face\m09i\m09ild65_10_face.jpg","D:\work\secondYearMaster\thesis\reference\appeal\algorithms\preference_evaluate\deepskin\data\toMax\rendered_2max\m09i\m09ild65_01.jpg",1148,1530
m09ild65,m09,m09i,ld65,"D:\work\secondYearMaster\thesis\reference\appeal\algorithms\preference_evaluate\deepskin\data\toMax\rendered_face\m09i\m09ild65_11_face.jpg","D:\work\secondYearMaster\thesis\reference\appeal\algorithms\preference_evaluate\deepskin\data\toMax\rendered_2max\m09i\m09ild65_01.jpg",1148,1530
m09ild65,m09,m09i,ld65,"D:\work\secondYearMaster\thesis\reference\appeal\algorithms\preference_evaluate\deepskin\data\toMax\rendered_face\m09i\m09ild65_12_face.jpg","D:\work\secondYearMaster\thesis\reference\appeal\algorithms\preference_evaluate\deepskin\data\toMax\rendered_2max\m09i\m09ild65_01.jpg",1148,1530
m09ild65,m09,m09i,ld65,"D:\work\secondYearMaster\thesis\reference\appeal\algorithms\preference_evaluate\deepskin\data\toMax\rendered_face\m09i\m09ild65_13_face.jpg","D:\work\secondYearMaster\thesis\reference\appeal\algorithms\preference_evaluate\deepskin\data\toMax\rendered_2max\m09i\m09ild65_01.jpg",1148,1530
m09ild65,m09,m09i,ld65,"D:\work\secondYearMaster\thesis\reference\appeal\algorithms\preference_evaluate\deepskin\data\toMax\rendered_face\m09i\m09ild65_14_face.jpg","D:\work\secondYearMaster\thesis\reference\appeal\algorithms\preference_evaluate\deepskin\data\toMax\rendered_2max\m09i\m09ild65_01.jpg",1148,1530
m09ild65,m09,m09i,ld65,"D:\work\secondYearMaster\thesis\reference\appeal\algorithms\preference_evaluate\deepskin\data\toMax\rendered_face\m09i\m09ild65_15_face.jpg","D:\work\secondYearMaster\thesis\reference\appeal\algorithms\preference_evaluate\deepskin\data\toMax\rendered_2max\m09i\m09ild65_01.jpg",1148,1530
m09ild65,m09,m09i,ld65,"D:\work\secondYearMaster\thesis\reference\appeal\algorithms\preference_evaluate\deepskin\data\toMax\rendered_face\m09i\m09ild65_16_face.jpg","D:\work\secondYearMaster\thesis\reference\appeal\algorithms\preference_evaluate\deepskin\data\toMax\rendered_2max\m09i\m09ild65_01.jpg",1148,1530
m09ild65,m09,m09i,ld65,"D:\work\secondYearMaster\thesis\reference\appeal\algorithms\preference_evaluate\deepskin\data\toMax\rendered_face\m09i\m09ild65_17_face.jpg","D:\work\secondYearMaster\thesis\reference\appeal\algorithms\preference_evaluate\deepskin\data\toMax\rendered_2max\m09i\m09ild65_01.jpg",1148,1530
m09ild65,m09,m09i,ld65,"D:\work\secondYearMaster\thesis\reference\appeal\algorithms\preference_evaluate\deepskin\data\toMax\rendered_face\m09i\m09ild65_18_face.jpg","D:\work\secondYearMaster\thesis\reference\appeal\algorithms\preference_evaluate\deepskin\data\toMax\rendered_2max\m09i\m09ild65_01.jpg",1148,1530
m09ild65,m09,m09i,ld65,"D:\work\secondYearMaster\thesis\reference\appeal\algorithms\preference_evaluate\deepskin\data\toMax\rendered_face\m09i\m09ild65_19_face.jpg","D:\work\secondYearMaster\thesis\reference\appeal\algorithms\preference_evaluate\deepskin\data\toMax\rendered_2max\m09i\m09ild65_01.jpg",1148,1530
m09ild65,m09,m09i,ld65,"D:\work\secondYearMaster\thesis\reference\appeal\algorithms\preference_evaluate\deepskin\data\toMax\rendered_face\m09i\m09ild65_20_face.jpg","D:\work\secondYearMaster\thesis\reference\appeal\algorithms\preference_evaluate\deepskin\data\toMax\rendered_2max\m09i\m09ild65_01.jpg",1148,1530
m09ild65,m09,m09i,ld65,"D:\work\secondYearMaster\thesis\reference\appeal\algorithms\preference_evaluate\deepskin\data\toMax\rendered_face\m09i\m09ild65_21_face.jpg","D:\work\secondYearMaster\thesis\reference\appeal\algorithms\preference_evaluate\deepskin\data\toMax\rendered_2max\m09i\m09ild65_01.jpg",1148,1530
m09ild65,m09,m09i,ld65,"D:\work\secondYearMaster\thesis\reference\appeal\algorithms\preference_evaluate\deepskin\data\toMax\rendered_face\m09i\m09ild65_22_face.jpg","D:\work\secondYearMaster\thesis\reference\appeal\algorithms\preference_evaluate\deepskin\data\toMax\rendered_2max\m09i\m09ild65_01.jpg",1148,1530
m09ild65,m09,m09i,ld65,"D:\work\secondYearMaster\thesis\reference\appeal\algorithms\preference_evaluate\deepskin\data\toMax\rendered_face\m09i\m09ild65_23_face.jpg","D:\work\secondYearMaster\thesis\reference\appeal\algorithms\preference_evaluate\deepskin\data\toMax\rendered_2max\m09i\m09ild65_01.jpg",1148,1530
m09ild65,m09,m09i,ld65,"D:\work\secondYearMaster\thesis\reference\appeal\algorithms\preference_evaluate\deepskin\data\toMax\rendered_face\m09i\m09ild65_24_face.jpg","D:\work\secondYearMaster\thesis\reference\appeal\algorithms\preference_evaluate\deepskin\data\toMax\rendered_2max\m09i\m09ild65_01.jpg",1148,1530
m09ild65,m09,m09i,ld65,"D:\work\secondYearMaster\thesis\reference\appeal\algorithms\preference_evaluate\deepskin\data\toMax\rendered_face\m09i\m09ild65_25_face.jpg","D:\work\secondYearMaster\thesis\reference\appeal\algorithms\preference_evaluate\deepskin\data\toMax\rendered_2max\m09i\m09ild65_01.jpg",1148,1530
m09ild65,m09,m09i,ld65,"D:\work\secondYearMaster\thesis\reference\appeal\algorithms\preference_evaluate\deepskin\data\toMax\rendered_face\m09i\m09ild65_26_face.jpg","D:\work\secondYearMaster\thesis\reference\appeal\algorithms\preference_evaluate\deepskin\data\toMax\rendered_2max\m09i\m09ild65_01.jpg",1148,1530
m09ild65,m09,m09i,ld65,"D:\work\secondYearMaster\thesis\reference\appeal\algorithms\preference_evaluate\deepskin\data\toMax\rendered_face\m09i\m09ild65_27_face.jpg","D:\work\secondYearMaster\thesis\reference\appeal\algorithms\preference_evaluate\deepskin\data\toMax\rendered_2max\m09i\m09ild65_01.jpg",1148,1530
m09ild65,m09,m09i,ld65,"D:\work\secondYearMaster\thesis\reference\appeal\algorithms\preference_evaluate\deepskin\data\toMax\rendered_face\m09i\m09ild65_28_face.jpg","D:\work\secondYearMaster\thesis\reference\appeal\algorithms\preference_evaluate\deepskin\data\toMax\rendered_2max\m09i\m09ild65_01.jpg",1148,1530
m09ild65,m09,m09i,ld65,"D:\work\secondYearMaster\thesis\reference\appeal\algorithms\preference_evaluate\deepskin\data\toMax\rendered_face\m09i\m09ild65_29_face.jpg","D:\work\secondYearMaster\thesis\reference\appeal\algorithms\preference_evaluate\deepskin\data\toMax\rendered_2max\m09i\m09ild65_01.jpg",1148,1530
m09ild65,m09,m09i,ld65,"D:\work\secondYearMaster\thesis\reference\appeal\algorithms\preference_evaluate\deepskin\data\toMax\rendered_face\m09i\m09ild65_30_face.jpg","D:\work\secondYearMaster\thesis\reference\appeal\algorithms\preference_evaluate\deepskin\data\toMax\rendered_2max\m09i\m09ild65_01.jpg",1148,1530
m09ild65,m09,m09i,ld65,"D:\work\secondYearMaster\thesis\reference\appeal\algorithms\preference_evaluate\deepskin\data\toMax\rendered_face\m09i\m09ild65_31_face.jpg","D:\work\secondYearMaster\thesis\reference\appeal\algorithms\preference_evaluate\deepskin\data\toMax\rendered_2max\m09i\m09ild65_01.jpg",1148,1530
m09ild65,m09,m09i,ld65,"D:\work\secondYearMaster\thesis\reference\appeal\algorithms\preference_evaluate\deepskin\data\toMax\rendered_face\m09i\m09ild65_32_face.jpg","D:\work\secondYearMaster\thesis\reference\appeal\algorithms\preference_evaluate\deepskin\data\toMax\rendered_2max\m09i\m09ild65_01.jpg",1148,1530
m09ild65,m09,m09i,ld65,"D:\work\secondYearMaster\thesis\reference\appeal\algorithms\preference_evaluate\deepskin\data\toMax\rendered_face\m09i\m09ild65_33_face.jpg","D:\work\secondYearMaster\thesis\reference\appeal\algorithms\preference_evaluate\deepskin\data\toMax\rendered_2max\m09i\m09ild65_01.jpg",1148,1530
m09im3k,m09,m09i,m3k,"D:\work\secondYearMaster\thesis\reference\appeal\algorithms\preference_evaluate\deepskin\data\toMax\rendered_face\m09i\m09im3k_01_face.jpg","D:\work\secondYearMaster\thesis\reference\appeal\algorithms\preference_evaluate\deepskin\data\toMax\rendered_2max\m09i\m09im3k_01.jpg",1148,1530
m09im3k,m09,m09i,m3k,"D:\work\secondYearMaster\thesis\reference\appeal\algorithms\preference_evaluate\deepskin\data\toMax\rendered_face\m09i\m09im3k_02_face.jpg","D:\work\secondYearMaster\thesis\reference\appeal\algorithms\preference_evaluate\deepskin\data\toMax\rendered_2max\m09i\m09im3k_01.jpg",1148,1530
m09im3k,m09,m09i,m3k,"D:\work\secondYearMaster\thesis\reference\appeal\algorithms\preference_evaluate\deepskin\data\toMax\rendered_face\m09i\m09im3k_03_face.jpg","D:\work\secondYearMaster\thesis\reference\appeal\algorithms\preference_evaluate\deepskin\data\toMax\rendered_2max\m09i\m09im3k_01.jpg",1148,1530
m09im3k,m09,m09i,m3k,"D:\work\secondYearMaster\thesis\reference\appeal\algorithms\preference_evaluate\deepskin\data\toMax\rendered_face\m09i\m09im3k_04_face.jpg","D:\work\secondYearMaster\thesis\reference\appeal\algorithms\preference_evaluate\deepskin\data\toMax\rendered_2max\m09i\m09im3k_01.jpg",1148,1530
m09im3k,m09,m09i,m3k,"D:\work\secondYearMaster\thesis\reference\appeal\algorithms\preference_evaluate\deepskin\data\toMax\rendered_face\m09i\m09im3k_05_face.jpg","D:\work\secondYearMaster\thesis\reference\appeal\algorithms\preference_evaluate\deepskin\data\toMax\rendered_2max\m09i\m09im3k_01.jpg",1148,1530
m09im3k,m09,m09i,m3k,"D:\work\secondYearMaster\thesis\reference\appeal\algorithms\preference_evaluate\deepskin\data\toMax\rendered_face\m09i\m09im3k_06_face.jpg","D:\work\secondYearMaster\thesis\reference\appeal\algorithms\preference_evaluate\deepskin\data\toMax\rendered_2max\m09i\m09im3k_01.jpg",1148,1530
m09im3k,m09,m09i,m3k,"D:\work\secondYearMaster\thesis\reference\appeal\algorithms\preference_evaluate\deepskin\data\toMax\rendered_face\m09i\m09im3k_07_face.jpg","D:\work\secondYearMaster\thesis\reference\appeal\algorithms\preference_evaluate\deepskin\data\toMax\rendered_2max\m09i\m09im3k_01.jpg",1148,1530
m09im3k,m09,m09i,m3k,"D:\work\secondYearMaster\thesis\reference\appeal\algorithms\preference_evaluate\deepskin\data\toMax\rendered_face\m09i\m09im3k_08_face.jpg","D:\work\secondYearMaster\thesis\reference\appeal\algorithms\preference_evaluate\deepskin\data\toMax\rendered_2max\m09i\m09im3k_01.jpg",1148,1530
m09im3k,m09,m09i,m3k,"D:\work\secondYearMaster\thesis\reference\appeal\algorithms\preference_evaluate\deepskin\data\toMax\rendered_face\m09i\m09im3k_09_face.jpg","D:\work\secondYearMaster\thesis\reference\appeal\algorithms\preference_evaluate\deepskin\data\toMax\rendered_2max\m09i\m09im3k_01.jpg",1148,1530
m09im3k,m09,m09i,m3k,"D:\work\secondYearMaster\thesis\reference\appeal\algorithms\preference_evaluate\deepskin\data\toMax\rendered_face\m09i\m09im3k_10_face.jpg","D:\work\secondYearMaster\thesis\reference\appeal\algorithms\preference_evaluate\deepskin\data\toMax\rendered_2max\m09i\m09im3k_01.jpg",1148,1530
m09im3k,m09,m09i,m3k,"D:\work\secondYearMaster\thesis\reference\appeal\algorithms\preference_evaluate\deepskin\data\toMax\rendered_face\m09i\m09im3k_11_face.jpg","D:\work\secondYearMaster\thesis\reference\appeal\algorithms\preference_evaluate\deepskin\data\toMax\rendered_2max\m09i\m09im3k_01.jpg",1148,1530
m09im3k,m09,m09i,m3k,"D:\work\secondYearMaster\thesis\reference\appeal\algorithms\preference_evaluate\deepskin\data\toMax\rendered_face\m09i\m09im3k_12_face.jpg","D:\work\secondYearMaster\thesis\reference\appeal\algorithms\preference_evaluate\deepskin\data\toMax\rendered_2max\m09i\m09im3k_01.jpg",1148,1530
m09im3k,m09,m09i,m3k,"D:\work\secondYearMaster\thesis\reference\appeal\algorithms\preference_evaluate\deepskin\data\toMax\rendered_face\m09i\m09im3k_13_face.jpg","D:\work\secondYearMaster\thesis\reference\appeal\algorithms\preference_evaluate\deepskin\data\toMax\rendered_2max\m09i\m09im3k_01.jpg",1148,1530
m09im3k,m09,m09i,m3k,"D:\work\secondYearMaster\thesis\reference\appeal\algorithms\preference_evaluate\deepskin\data\toMax\rendered_face\m09i\m09im3k_14_face.jpg","D:\work\secondYearMaster\thesis\reference\appeal\algorithms\preference_evaluate\deepskin\data\toMax\rendered_2max\m09i\m09im3k_01.jpg",1148,1530
m09im3k,m09,m09i,m3k,"D:\work\secondYearMaster\thesis\reference\appeal\algorithms\preference_evaluate\deepskin\data\toMax\rendered_face\m09i\m09im3k_15_face.jpg","D:\work\secondYearMaster\thesis\reference\appeal\algorithms\preference_evaluate\deepskin\data\toMax\rendered_2max\m09i\m09im3k_01.jpg",1148,1530
m09im3k,m09,m09i,m3k,"D:\work\secondYearMaster\thesis\reference\appeal\algorithms\preference_evaluate\deepskin\data\toMax\rendered_face\m09i\m09im3k_16_face.jpg","D:\work\secondYearMaster\thesis\reference\appeal\algorithms\preference_evaluate\deepskin\data\toMax\rendered_2max\m09i\m09im3k_01.jpg",1148,1530
m09im3k,m09,m09i,m3k,"D:\work\secondYearMaster\thesis\reference\appeal\algorithms\preference_evaluate\deepskin\data\toMax\rendered_face\m09i\m09im3k_17_face.jpg","D:\work\secondYearMaster\thesis\reference\appeal\algorithms\preference_evaluate\deepskin\data\toMax\rendered_2max\m09i\m09im3k_01.jpg",1148,1530
m09im3k,m09,m09i,m3k,"D:\work\secondYearMaster\thesis\reference\appeal\algorithms\preference_evaluate\deepskin\data\toMax\rendered_face\m09i\m09im3k_18_face.jpg","D:\work\secondYearMaster\thesis\reference\appeal\algorithms\preference_evaluate\deepskin\data\toMax\rendered_2max\m09i\m09im3k_01.jpg",1148,1530
m09im3k,m09,m09i,m3k,"D:\work\secondYearMaster\thesis\reference\appeal\algorithms\preference_evaluate\deepskin\data\toMax\rendered_face\m09i\m09im3k_19_face.jpg","D:\work\secondYearMaster\thesis\reference\appeal\algorithms\preference_evaluate\deepskin\data\toMax\rendered_2max\m09i\m09im3k_01.jpg",1148,1530
m09im3k,m09,m09i,m3k,"D:\work\secondYearMaster\thesis\reference\appeal\algorithms\preference_evaluate\deepskin\data\toMax\rendered_face\m09i\m09im3k_20_face.jpg","D:\work\secondYearMaster\thesis\reference\appeal\algorithms\preference_evaluate\deepskin\data\toMax\rendered_2max\m09i\m09im3k_01.jpg",1148,1530
m09im3k,m09,m09i,m3k,"D:\work\secondYearMaster\thesis\reference\appeal\algorithms\preference_evaluate\deepskin\data\toMax\rendered_face\m09i\m09im3k_21_face.jpg","D:\work\secondYearMaster\thesis\reference\appeal\algorithms\preference_evaluate\deepskin\data\toMax\rendered_2max\m09i\m09im3k_01.jpg",1148,1530
m09im3k,m09,m09i,m3k,"D:\work\secondYearMaster\thesis\reference\appeal\algorithms\preference_evaluate\deepskin\data\toMax\rendered_face\m09i\m09im3k_22_face.jpg","D:\work\secondYearMaster\thesis\reference\appeal\algorithms\preference_evaluate\deepskin\data\toMax\rendered_2max\m09i\m09im3k_01.jpg",1148,1530
m09im3k,m09,m09i,m3k,"D:\work\secondYearMaster\thesis\reference\appeal\algorithms\preference_evaluate\deepskin\data\toMax\rendered_face\m09i\m09im3k_23_face.jpg","D:\work\secondYearMaster\thesis\reference\appeal\algorithms\preference_evaluate\deepskin\data\toMax\rendered_2max\m09i\m09im3k_01.jpg",1148,1530
m09im3k,m09,m09i,m3k,"D:\work\secondYearMaster\thesis\reference\appeal\algorithms\preference_evaluate\deepskin\data\toMax\rendered_face\m09i\m09im3k_24_face.jpg","D:\work\secondYearMaster\thesis\reference\appeal\algorithms\preference_evaluate\deepskin\data\toMax\rendered_2max\m09i\m09im3k_01.jpg",1148,1530
m09im3k,m09,m09i,m3k,"D:\work\secondYearMaster\thesis\reference\appeal\algorithms\preference_evaluate\deepskin\data\toMax\rendered_face\m09i\m09im3k_25_face.jpg","D:\work\secondYearMaster\thesis\reference\appeal\algorithms\preference_evaluate\deepskin\data\toMax\rendered_2max\m09i\m09im3k_01.jpg",1148,1530
m09im3k,m09,m09i,m3k,"D:\work\secondYearMaster\thesis\reference\appeal\algorithms\preference_evaluate\deepskin\data\toMax\rendered_face\m09i\m09im3k_26_face.jpg","D:\work\secondYearMaster\thesis\reference\appeal\algorithms\preference_evaluate\deepskin\data\toMax\rendered_2max\m09i\m09im3k_01.jpg",1148,1530
m09im3k,m09,m09i,m3k,"D:\work\secondYearMaster\thesis\reference\appeal\algorithms\preference_evaluate\deepskin\data\toMax\rendered_face\m09i\m09im3k_27_face.jpg","D:\work\secondYearMaster\thesis\reference\appeal\algorithms\preference_evaluate\deepskin\data\toMax\rendered_2max\m09i\m09im3k_01.jpg",1148,1530
m09im3k,m09,m09i,m3k,"D:\work\secondYearMaster\thesis\reference\appeal\algorithms\preference_evaluate\deepskin\data\toMax\rendered_face\m09i\m09im3k_28_face.jpg","D:\work\secondYearMaster\thesis\reference\appeal\algorithms\preference_evaluate\deepskin\data\toMax\rendered_2max\m09i\m09im3k_01.jpg",1148,1530
m09im3k,m09,m09i,m3k,"D:\work\secondYearMaster\thesis\reference\appeal\algorithms\preference_evaluate\deepskin\data\toMax\rendered_face\m09i\m09im3k_29_face.jpg","D:\work\secondYearMaster\thesis\reference\appeal\algorithms\preference_evaluate\deepskin\data\toMax\rendered_2max\m09i\m09im3k_01.jpg",1148,1530
m09im3k,m09,m09i,m3k,"D:\work\secondYearMaster\thesis\reference\appeal\algorithms\preference_evaluate\deepskin\data\toMax\rendered_face\m09i\m09im3k_30_face.jpg","D:\work\secondYearMaster\thesis\reference\appeal\algorithms\preference_evaluate\deepskin\data\toMax\rendered_2max\m09i\m09im3k_01.jpg",1148,1530
m09im3k,m09,m09i,m3k,"D:\work\secondYearMaster\thesis\reference\appeal\algorithms\preference_evaluate\deepskin\data\toMax\rendered_face\m09i\m09im3k_31_face.jpg","D:\work\secondYearMaster\thesis\reference\appeal\algorithms\preference_evaluate\deepskin\data\toMax\rendered_2max\m09i\m09im3k_01.jpg",1148,1530
m09im3k,m09,m09i,m3k,"D:\work\secondYearMaster\thesis\reference\appeal\algorithms\preference_evaluate\deepskin\data\toMax\rendered_face\m09i\m09im3k_32_face.jpg","D:\work\secondYearMaster\thesis\reference\appeal\algorithms\preference_evaluate\deepskin\data\toMax\rendered_2max\m09i\m09im3k_01.jpg",1148,1530
m09im3k,m09,m09i,m3k,"D:\work\secondYearMaster\thesis\reference\appeal\algorithms\preference_evaluate\deepskin\data\toMax\rendered_face\m09i\m09im3k_33_face.jpg","D:\work\secondYearMaster\thesis\reference\appeal\algorithms\preference_evaluate\deepskin\data\toMax\rendered_2max\m09i\m09im3k_01.jpg",1148,1530
m09im4k,m09,m09i,m4k,"D:\work\secondYearMaster\thesis\reference\appeal\algorithms\preference_evaluate\deepskin\data\toMax\rendered_face\m09i\m09im4k_01_face.jpg","D:\work\secondYearMaster\thesis\reference\appeal\algorithms\preference_evaluate\deepskin\data\toMax\rendered_2max\m09i\m09im4k_01.jpg",1148,1530
m09im4k,m09,m09i,m4k,"D:\work\secondYearMaster\thesis\reference\appeal\algorithms\preference_evaluate\deepskin\data\toMax\rendered_face\m09i\m09im4k_02_face.jpg","D:\work\secondYearMaster\thesis\reference\appeal\algorithms\preference_evaluate\deepskin\data\toMax\rendered_2max\m09i\m09im4k_01.jpg",1148,1530
m09im4k,m09,m09i,m4k,"D:\work\secondYearMaster\thesis\reference\appeal\algorithms\preference_evaluate\deepskin\data\toMax\rendered_face\m09i\m09im4k_03_face.jpg","D:\work\secondYearMaster\thesis\reference\appeal\algorithms\preference_evaluate\deepskin\data\toMax\rendered_2max\m09i\m09im4k_01.jpg",1148,1530
m09im4k,m09,m09i,m4k,"D:\work\secondYearMaster\thesis\reference\appeal\algorithms\preference_evaluate\deepskin\data\toMax\rendered_face\m09i\m09im4k_04_face.jpg","D:\work\secondYearMaster\thesis\reference\appeal\algorithms\preference_evaluate\deepskin\data\toMax\rendered_2max\m09i\m09im4k_01.jpg",1148,1530
m09im4k,m09,m09i,m4k,"D:\work\secondYearMaster\thesis\reference\appeal\algorithms\preference_evaluate\deepskin\data\toMax\rendered_face\m09i\m09im4k_05_face.jpg","D:\work\secondYearMaster\thesis\reference\appeal\algorithms\preference_evaluate\deepskin\data\toMax\rendered_2max\m09i\m09im4k_01.jpg",1148,1530
m09im4k,m09,m09i,m4k,"D:\work\secondYearMaster\thesis\reference\appeal\algorithms\preference_evaluate\deepskin\data\toMax\rendered_face\m09i\m09im4k_06_face.jpg","D:\work\secondYearMaster\thesis\reference\appeal\algorithms\preference_evaluate\deepskin\data\toMax\rendered_2max\m09i\m09im4k_01.jpg",1148,1530
m09im4k,m09,m09i,m4k,"D:\work\secondYearMaster\thesis\reference\appeal\algorithms\preference_evaluate\deepskin\data\toMax\rendered_face\m09i\m09im4k_07_face.jpg","D:\work\secondYearMaster\thesis\reference\appeal\algorithms\preference_evaluate\deepskin\data\toMax\rendered_2max\m09i\m09im4k_01.jpg",1148,1530
m09im4k,m09,m09i,m4k,"D:\work\secondYearMaster\thesis\reference\appeal\algorithms\preference_evaluate\deepskin\data\toMax\rendered_face\m09i\m09im4k_08_face.jpg","D:\work\secondYearMaster\thesis\reference\appeal\algorithms\preference_evaluate\deepskin\data\toMax\rendered_2max\m09i\m09im4k_01.jpg",1148,1530
m09im4k,m09,m09i,m4k,"D:\work\secondYearMaster\thesis\reference\appeal\algorithms\preference_evaluate\deepskin\data\toMax\rendered_face\m09i\m09im4k_09_face.jpg","D:\work\secondYearMaster\thesis\reference\appeal\algorithms\preference_evaluate\deepskin\data\toMax\rendered_2max\m09i\m09im4k_01.jpg",1148,1530
m09im4k,m09,m09i,m4k,"D:\work\secondYearMaster\thesis\reference\appeal\algorithms\preference_evaluate\deepskin\data\toMax\rendered_face\m09i\m09im4k_10_face.jpg","D:\work\secondYearMaster\thesis\reference\appeal\algorithms\preference_evaluate\deepskin\data\toMax\rendered_2max\m09i\m09im4k_01.jpg",1148,1530
m09im4k,m09,m09i,m4k,"D:\work\secondYearMaster\thesis\reference\appeal\algorithms\preference_evaluate\deepskin\data\toMax\rendered_face\m09i\m09im4k_11_face.jpg","D:\work\secondYearMaster\thesis\reference\appeal\algorithms\preference_evaluate\deepskin\data\toMax\rendered_2max\m09i\m09im4k_01.jpg",1148,1530
m09im4k,m09,m09i,m4k,"D:\work\secondYearMaster\thesis\reference\appeal\algorithms\preference_evaluate\deepskin\data\toMax\rendered_face\m09i\m09im4k_12_face.jpg","D:\work\secondYearMaster\thesis\reference\appeal\algorithms\preference_evaluate\deepskin\data\toMax\rendered_2max\m09i\m09im4k_01.jpg",1148,1530
m09im4k,m09,m09i,m4k,"D:\work\secondYearMaster\thesis\reference\appeal\algorithms\preference_evaluate\deepskin\data\toMax\rendered_face\m09i\m09im4k_13_face.jpg","D:\work\secondYearMaster\thesis\reference\appeal\algorithms\preference_evaluate\deepskin\data\toMax\rendered_2max\m09i\m09im4k_01.jpg",1148,1530
m09im4k,m09,m09i,m4k,"D:\work\secondYearMaster\thesis\reference\appeal\algorithms\preference_evaluate\deepskin\data\toMax\rendered_face\m09i\m09im4k_14_face.jpg","D:\work\secondYearMaster\thesis\reference\appeal\algorithms\preference_evaluate\deepskin\data\toMax\rendered_2max\m09i\m09im4k_01.jpg",1148,1530
m09im4k,m09,m09i,m4k,"D:\work\secondYearMaster\thesis\reference\appeal\algorithms\preference_evaluate\deepskin\data\toMax\rendered_face\m09i\m09im4k_15_face.jpg","D:\work\secondYearMaster\thesis\reference\appeal\algorithms\preference_evaluate\deepskin\data\toMax\rendered_2max\m09i\m09im4k_01.jpg",1148,1530
m09im4k,m09,m09i,m4k,"D:\work\secondYearMaster\thesis\reference\appeal\algorithms\preference_evaluate\deepskin\data\toMax\rendered_face\m09i\m09im4k_16_face.jpg","D:\work\secondYearMaster\thesis\reference\appeal\algorithms\preference_evaluate\deepskin\data\toMax\rendered_2max\m09i\m09im4k_01.jpg",1148,1530
m09im4k,m09,m09i,m4k,"D:\work\secondYearMaster\thesis\reference\appeal\algorithms\preference_evaluate\deepskin\data\toMax\rendered_face\m09i\m09im4k_17_face.jpg","D:\work\secondYearMaster\thesis\reference\appeal\algorithms\preference_evaluate\deepskin\data\toMax\rendered_2max\m09i\m09im4k_01.jpg",1148,1530
m09im4k,m09,m09i,m4k,"D:\work\secondYearMaster\thesis\reference\appeal\algorithms\preference_evaluate\deepskin\data\toMax\rendered_face\m09i\m09im4k_18_face.jpg","D:\work\secondYearMaster\thesis\reference\appeal\algorithms\preference_evaluate\deepskin\data\toMax\rendered_2max\m09i\m09im4k_01.jpg",1148,1530
m09im4k,m09,m09i,m4k,"D:\work\secondYearMaster\thesis\reference\appeal\algorithms\preference_evaluate\deepskin\data\toMax\rendered_face\m09i\m09im4k_19_face.jpg","D:\work\secondYearMaster\thesis\reference\appeal\algorithms\preference_evaluate\deepskin\data\toMax\rendered_2max\m09i\m09im4k_01.jpg",1148,1530
m09im4k,m09,m09i,m4k,"D:\work\secondYearMaster\thesis\reference\appeal\algorithms\preference_evaluate\deepskin\data\toMax\rendered_face\m09i\m09im4k_20_face.jpg","D:\work\secondYearMaster\thesis\reference\appeal\algorithms\preference_evaluate\deepskin\data\toMax\rendered_2max\m09i\m09im4k_01.jpg",1148,1530
m09im4k,m09,m09i,m4k,"D:\work\secondYearMaster\thesis\reference\appeal\algorithms\preference_evaluate\deepskin\data\toMax\rendered_face\m09i\m09im4k_21_face.jpg","D:\work\secondYearMaster\thesis\reference\appeal\algorithms\preference_evaluate\deepskin\data\toMax\rendered_2max\m09i\m09im4k_01.jpg",1148,1530
m09im4k,m09,m09i,m4k,"D:\work\secondYearMaster\thesis\reference\appeal\algorithms\preference_evaluate\deepskin\data\toMax\rendered_face\m09i\m09im4k_22_face.jpg","D:\work\secondYearMaster\thesis\reference\appeal\algorithms\preference_evaluate\deepskin\data\toMax\rendered_2max\m09i\m09im4k_01.jpg",1148,1530
m09im4k,m09,m09i,m4k,"D:\work\secondYearMaster\thesis\reference\appeal\algorithms\preference_evaluate\deepskin\data\toMax\rendered_face\m09i\m09im4k_23_face.jpg","D:\work\secondYearMaster\thesis\reference\appeal\algorithms\preference_evaluate\deepskin\data\toMax\rendered_2max\m09i\m09im4k_01.jpg",1148,1530
m09im4k,m09,m09i,m4k,"D:\work\secondYearMaster\thesis\reference\appeal\algorithms\preference_evaluate\deepskin\data\toMax\rendered_face\m09i\m09im4k_24_face.jpg","D:\work\secondYearMaster\thesis\reference\appeal\algorithms\preference_evaluate\deepskin\data\toMax\rendered_2max\m09i\m09im4k_01.jpg",1148,1530
m09im4k,m09,m09i,m4k,"D:\work\secondYearMaster\thesis\reference\appeal\algorithms\preference_evaluate\deepskin\data\toMax\rendered_face\m09i\m09im4k_25_face.jpg","D:\work\secondYearMaster\thesis\reference\appeal\algorithms\preference_evaluate\deepskin\data\toMax\rendered_2max\m09i\m09im4k_01.jpg",1148,1530
m09im4k,m09,m09i,m4k,"D:\work\secondYearMaster\thesis\reference\appeal\algorithms\preference_evaluate\deepskin\data\toMax\rendered_face\m09i\m09im4k_26_face.jpg","D:\work\secondYearMaster\thesis\reference\appeal\algorithms\preference_evaluate\deepskin\data\toMax\rendered_2max\m09i\m09im4k_01.jpg",1148,1530
m09im4k,m09,m09i,m4k,"D:\work\secondYearMaster\thesis\reference\appeal\algorithms\preference_evaluate\deepskin\data\toMax\rendered_face\m09i\m09im4k_27_face.jpg","D:\work\secondYearMaster\thesis\reference\appeal\algorithms\preference_evaluate\deepskin\data\toMax\rendered_2max\m09i\m09im4k_01.jpg",1148,1530
m09im4k,m09,m09i,m4k,"D:\work\secondYearMaster\thesis\reference\appeal\algorithms\preference_evaluate\deepskin\data\toMax\rendered_face\m09i\m09im4k_28_face.jpg","D:\work\secondYearMaster\thesis\reference\appeal\algorithms\preference_evaluate\deepskin\data\toMax\rendered_2max\m09i\m09im4k_01.jpg",1148,1530
m09im4k,m09,m09i,m4k,"D:\work\secondYearMaster\thesis\reference\appeal\algorithms\preference_evaluate\deepskin\data\toMax\rendered_face\m09i\m09im4k_29_face.jpg","D:\work\secondYearMaster\thesis\reference\appeal\algorithms\preference_evaluate\deepskin\data\toMax\rendered_2max\m09i\m09im4k_01.jpg",1148,1530
m09im4k,m09,m09i,m4k,"D:\work\secondYearMaster\thesis\reference\appeal\algorithms\preference_evaluate\deepskin\data\toMax\rendered_face\m09i\m09im4k_30_face.jpg","D:\work\secondYearMaster\thesis\reference\appeal\algorithms\preference_evaluate\deepskin\data\toMax\rendered_2max\m09i\m09im4k_01.jpg",1148,1530
m09im4k,m09,m09i,m4k,"D:\work\secondYearMaster\thesis\reference\appeal\algorithms\preference_evaluate\deepskin\data\toMax\rendered_face\m09i\m09im4k_31_face.jpg","D:\work\secondYearMaster\thesis\reference\appeal\algorithms\preference_evaluate\deepskin\data\toMax\rendered_2max\m09i\m09im4k_01.jpg",1148,1530
m09im4k,m09,m09i,m4k,"D:\work\secondYearMaster\thesis\reference\appeal\algorithms\preference_evaluate\deepskin\data\toMax\rendered_face\m09i\m09im4k_32_face.jpg","D:\work\secondYearMaster\thesis\reference\appeal\algorithms\preference_evaluate\deepskin\data\toMax\rendered_2max\m09i\m09im4k_01.jpg",1148,1530
m09im4k,m09,m09i,m4k,"D:\work\secondYearMaster\thesis\reference\appeal\algorithms\preference_evaluate\deepskin\data\toMax\rendered_face\m09i\m09im4k_33_face.jpg","D:\work\secondYearMaster\thesis\reference\appeal\algorithms\preference_evaluate\deepskin\data\toMax\rendered_2max\m09i\m09im4k_01.jpg",1148,1530
m09im5k,m09,m09i,m5k,"D:\work\secondYearMaster\thesis\reference\appeal\algorithms\preference_evaluate\deepskin\data\toMax\rendered_face\m09i\m09im5k_01_face.jpg","D:\work\secondYearMaster\thesis\reference\appeal\algorithms\preference_evaluate\deepskin\data\toMax\rendered_2max\m09i\m09im5k_01.jpg",1148,1530
m09im5k,m09,m09i,m5k,"D:\work\secondYearMaster\thesis\reference\appeal\algorithms\preference_evaluate\deepskin\data\toMax\rendered_face\m09i\m09im5k_02_face.jpg","D:\work\secondYearMaster\thesis\reference\appeal\algorithms\preference_evaluate\deepskin\data\toMax\rendered_2max\m09i\m09im5k_01.jpg",1148,1530
m09im5k,m09,m09i,m5k,"D:\work\secondYearMaster\thesis\reference\appeal\algorithms\preference_evaluate\deepskin\data\toMax\rendered_face\m09i\m09im5k_03_face.jpg","D:\work\secondYearMaster\thesis\reference\appeal\algorithms\preference_evaluate\deepskin\data\toMax\rendered_2max\m09i\m09im5k_01.jpg",1148,1530
m09im5k,m09,m09i,m5k,"D:\work\secondYearMaster\thesis\reference\appeal\algorithms\preference_evaluate\deepskin\data\toMax\rendered_face\m09i\m09im5k_04_face.jpg","D:\work\secondYearMaster\thesis\reference\appeal\algorithms\preference_evaluate\deepskin\data\toMax\rendered_2max\m09i\m09im5k_01.jpg",1148,1530
m09im5k,m09,m09i,m5k,"D:\work\secondYearMaster\thesis\reference\appeal\algorithms\preference_evaluate\deepskin\data\toMax\rendered_face\m09i\m09im5k_05_face.jpg","D:\work\secondYearMaster\thesis\reference\appeal\algorithms\preference_evaluate\deepskin\data\toMax\rendered_2max\m09i\m09im5k_01.jpg",1148,1530
m09im5k,m09,m09i,m5k,"D:\work\secondYearMaster\thesis\reference\appeal\algorithms\preference_evaluate\deepskin\data\toMax\rendered_face\m09i\m09im5k_06_face.jpg","D:\work\secondYearMaster\thesis\reference\appeal\algorithms\preference_evaluate\deepskin\data\toMax\rendered_2max\m09i\m09im5k_01.jpg",1148,1530
m09im5k,m09,m09i,m5k,"D:\work\secondYearMaster\thesis\reference\appeal\algorithms\preference_evaluate\deepskin\data\toMax\rendered_face\m09i\m09im5k_07_face.jpg","D:\work\secondYearMaster\thesis\reference\appeal\algorithms\preference_evaluate\deepskin\data\toMax\rendered_2max\m09i\m09im5k_01.jpg",1148,1530
m09im5k,m09,m09i,m5k,"D:\work\secondYearMaster\thesis\reference\appeal\algorithms\preference_evaluate\deepskin\data\toMax\rendered_face\m09i\m09im5k_08_face.jpg","D:\work\secondYearMaster\thesis\reference\appeal\algorithms\preference_evaluate\deepskin\data\toMax\rendered_2max\m09i\m09im5k_01.jpg",1148,1530
m09im5k,m09,m09i,m5k,"D:\work\secondYearMaster\thesis\reference\appeal\algorithms\preference_evaluate\deepskin\data\toMax\rendered_face\m09i\m09im5k_09_face.jpg","D:\work\secondYearMaster\thesis\reference\appeal\algorithms\preference_evaluate\deepskin\data\toMax\rendered_2max\m09i\m09im5k_01.jpg",1148,1530
m09im5k,m09,m09i,m5k,"D:\work\secondYearMaster\thesis\reference\appeal\algorithms\preference_evaluate\deepskin\data\toMax\rendered_face\m09i\m09im5k_10_face.jpg","D:\work\secondYearMaster\thesis\reference\appeal\algorithms\preference_evaluate\deepskin\data\toMax\rendered_2max\m09i\m09im5k_01.jpg",1148,1530
m09im5k,m09,m09i,m5k,"D:\work\secondYearMaster\thesis\reference\appeal\algorithms\preference_evaluate\deepskin\data\toMax\rendered_face\m09i\m09im5k_11_face.jpg","D:\work\secondYearMaster\thesis\reference\appeal\algorithms\preference_evaluate\deepskin\data\toMax\rendered_2max\m09i\m09im5k_01.jpg",1148,1530
m09im5k,m09,m09i,m5k,"D:\work\secondYearMaster\thesis\reference\appeal\algorithms\preference_evaluate\deepskin\data\toMax\rendered_face\m09i\m09im5k_12_face.jpg","D:\work\secondYearMaster\thesis\reference\appeal\algorithms\preference_evaluate\deepskin\data\toMax\rendered_2max\m09i\m09im5k_01.jpg",1148,1530
m09im5k,m09,m09i,m5k,"D:\work\secondYearMaster\thesis\reference\appeal\algorithms\preference_evaluate\deepskin\data\toMax\rendered_face\m09i\m09im5k_13_face.jpg","D:\work\secondYearMaster\thesis\reference\appeal\algorithms\preference_evaluate\deepskin\data\toMax\rendered_2max\m09i\m09im5k_01.jpg",1148,1530
m09im5k,m09,m09i,m5k,"D:\work\secondYearMaster\thesis\reference\appeal\algorithms\preference_evaluate\deepskin\data\toMax\rendered_face\m09i\m09im5k_14_face.jpg","D:\work\secondYearMaster\thesis\reference\appeal\algorithms\preference_evaluate\deepskin\data\toMax\rendered_2max\m09i\m09im5k_01.jpg",1148,1530
m09im5k,m09,m09i,m5k,"D:\work\secondYearMaster\thesis\reference\appeal\algorithms\preference_evaluate\deepskin\data\toMax\rendered_face\m09i\m09im5k_15_face.jpg","D:\work\secondYearMaster\thesis\reference\appeal\algorithms\preference_evaluate\deepskin\data\toMax\rendered_2max\m09i\m09im5k_01.jpg",1148,1530
m09im5k,m09,m09i,m5k,"D:\work\secondYearMaster\thesis\reference\appeal\algorithms\preference_evaluate\deepskin\data\toMax\rendered_face\m09i\m09im5k_16_face.jpg","D:\work\secondYearMaster\thesis\reference\appeal\algorithms\preference_evaluate\deepskin\data\toMax\rendered_2max\m09i\m09im5k_01.jpg",1148,1530
m09im5k,m09,m09i,m5k,"D:\work\secondYearMaster\thesis\reference\appeal\algorithms\preference_evaluate\deepskin\data\toMax\rendered_face\m09i\m09im5k_17_face.jpg","D:\work\secondYearMaster\thesis\reference\appeal\algorithms\preference_evaluate\deepskin\data\toMax\rendered_2max\m09i\m09im5k_01.jpg",1148,1530
m09im5k,m09,m09i,m5k,"D:\work\secondYearMaster\thesis\reference\appeal\algorithms\preference_evaluate\deepskin\data\toMax\rendered_face\m09i\m09im5k_18_face.jpg","D:\work\secondYearMaster\thesis\reference\appeal\algorithms\preference_evaluate\deepskin\data\toMax\rendered_2max\m09i\m09im5k_01.jpg",1148,1530
m09im5k,m09,m09i,m5k,"D:\work\secondYearMaster\thesis\reference\appeal\algorithms\preference_evaluate\deepskin\data\toMax\rendered_face\m09i\m09im5k_19_face.jpg","D:\work\secondYearMaster\thesis\reference\appeal\algorithms\preference_evaluate\deepskin\data\toMax\rendered_2max\m09i\m09im5k_01.jpg",1148,1530
m09im5k,m09,m09i,m5k,"D:\work\secondYearMaster\thesis\reference\appeal\algorithms\preference_evaluate\deepskin\data\toMax\rendered_face\m09i\m09im5k_20_face.jpg","D:\work\secondYearMaster\thesis\reference\appeal\algorithms\preference_evaluate\deepskin\data\toMax\rendered_2max\m09i\m09im5k_01.jpg",1148,1530
m09im5k,m09,m09i,m5k,"D:\work\secondYearMaster\thesis\reference\appeal\algorithms\preference_evaluate\deepskin\data\toMax\rendered_face\m09i\m09im5k_21_face.jpg","D:\work\secondYearMaster\thesis\reference\appeal\algorithms\preference_evaluate\deepskin\data\toMax\rendered_2max\m09i\m09im5k_01.jpg",1148,1530
m09im5k,m09,m09i,m5k,"D:\work\secondYearMaster\thesis\reference\appeal\algorithms\preference_evaluate\deepskin\data\toMax\rendered_face\m09i\m09im5k_22_face.jpg","D:\work\secondYearMaster\thesis\reference\appeal\algorithms\preference_evaluate\deepskin\data\toMax\rendered_2max\m09i\m09im5k_01.jpg",1148,1530
m09im5k,m09,m09i,m5k,"D:\work\secondYearMaster\thesis\reference\appeal\algorithms\preference_evaluate\deepskin\data\toMax\rendered_face\m09i\m09im5k_23_face.jpg","D:\work\secondYearMaster\thesis\reference\appeal\algorithms\preference_evaluate\deepskin\data\toMax\rendered_2max\m09i\m09im5k_01.jpg",1148,1530
m09im5k,m09,m09i,m5k,"D:\work\secondYearMaster\thesis\reference\appeal\algorithms\preference_evaluate\deepskin\data\toMax\rendered_face\m09i\m09im5k_24_face.jpg","D:\work\secondYearMaster\thesis\reference\appeal\algorithms\preference_evaluate\deepskin\data\toMax\rendered_2max\m09i\m09im5k_01.jpg",1148,1530
m09im5k,m09,m09i,m5k,"D:\work\secondYearMaster\thesis\reference\appeal\algorithms\preference_evaluate\deepskin\data\toMax\rendered_face\m09i\m09im5k_25_face.jpg","D:\work\secondYearMaster\thesis\reference\appeal\algorithms\preference_evaluate\deepskin\data\toMax\rendered_2max\m09i\m09im5k_01.jpg",1148,1530
m09im5k,m09,m09i,m5k,"D:\work\secondYearMaster\thesis\reference\appeal\algorithms\preference_evaluate\deepskin\data\toMax\rendered_face\m09i\m09im5k_26_face.jpg","D:\work\secondYearMaster\thesis\reference\appeal\algorithms\preference_evaluate\deepskin\data\toMax\rendered_2max\m09i\m09im5k_01.jpg",1148,1530
m09im5k,m09,m09i,m5k,"D:\work\secondYearMaster\thesis\reference\appeal\algorithms\preference_evaluate\deepskin\data\toMax\rendered_face\m09i\m09im5k_27_face.jpg","D:\work\secondYearMaster\thesis\reference\appeal\algorithms\preference_evaluate\deepskin\data\toMax\rendered_2max\m09i\m09im5k_01.jpg",1148,1530
m09im5k,m09,m09i,m5k,"D:\work\secondYearMaster\thesis\reference\appeal\algorithms\preference_evaluate\deepskin\data\toMax\rendered_face\m09i\m09im5k_28_face.jpg","D:\work\secondYearMaster\thesis\reference\appeal\algorithms\preference_evaluate\deepskin\data\toMax\rendered_2max\m09i\m09im5k_01.jpg",1148,1530
m09im5k,m09,m09i,m5k,"D:\work\secondYearMaster\thesis\reference\appeal\algorithms\preference_evaluate\deepskin\data\toMax\rendered_face\m09i\m09im5k_29_face.jpg","D:\work\secondYearMaster\thesis\reference\appeal\algorithms\preference_evaluate\deepskin\data\toMax\rendered_2max\m09i\m09im5k_01.jpg",1148,1530
m09im5k,m09,m09i,m5k,"D:\work\secondYearMaster\thesis\reference\appeal\algorithms\preference_evaluate\deepskin\data\toMax\rendered_face\m09i\m09im5k_30_face.jpg","D:\work\secondYearMaster\thesis\reference\appeal\algorithms\preference_evaluate\deepskin\data\toMax\rendered_2max\m09i\m09im5k_01.jpg",1148,1530
m09im5k,m09,m09i,m5k,"D:\work\secondYearMaster\thesis\reference\appeal\algorithms\preference_evaluate\deepskin\data\toMax\rendered_face\m09i\m09im5k_31_face.jpg","D:\work\secondYearMaster\thesis\reference\appeal\algorithms\preference_evaluate\deepskin\data\toMax\rendered_2max\m09i\m09im5k_01.jpg",1148,1530
m09im5k,m09,m09i,m5k,"D:\work\secondYearMaster\thesis\reference\appeal\algorithms\preference_evaluate\deepskin\data\toMax\rendered_face\m09i\m09im5k_32_face.jpg","D:\work\secondYearMaster\thesis\reference\appeal\algorithms\preference_evaluate\deepskin\data\toMax\rendered_2max\m09i\m09im5k_01.jpg",1148,1530
m09im5k,m09,m09i,m5k,"D:\work\secondYearMaster\thesis\reference\appeal\algorithms\preference_evaluate\deepskin\data\toMax\rendered_face\m09i\m09im5k_33_face.jpg","D:\work\secondYearMaster\thesis\reference\appeal\algorithms\preference_evaluate\deepskin\data\toMax\rendered_2max\m09i\m09im5k_01.jpg",1148,1530
m09im6k,m09,m09i,m6k,"D:\work\secondYearMaster\thesis\reference\appeal\algorithms\preference_evaluate\deepskin\data\toMax\rendered_face\m09i\m09im6k_01_face.jpg","D:\work\secondYearMaster\thesis\reference\appeal\algorithms\preference_evaluate\deepskin\data\toMax\rendered_2max\m09i\m09im6k_01.jpg",1148,1530
m09im6k,m09,m09i,m6k,"D:\work\secondYearMaster\thesis\reference\appeal\algorithms\preference_evaluate\deepskin\data\toMax\rendered_face\m09i\m09im6k_02_face.jpg","D:\work\secondYearMaster\thesis\reference\appeal\algorithms\preference_evaluate\deepskin\data\toMax\rendered_2max\m09i\m09im6k_01.jpg",1148,1530
m09im6k,m09,m09i,m6k,"D:\work\secondYearMaster\thesis\reference\appeal\algorithms\preference_evaluate\deepskin\data\toMax\rendered_face\m09i\m09im6k_03_face.jpg","D:\work\secondYearMaster\thesis\reference\appeal\algorithms\preference_evaluate\deepskin\data\toMax\rendered_2max\m09i\m09im6k_01.jpg",1148,1530
m09im6k,m09,m09i,m6k,"D:\work\secondYearMaster\thesis\reference\appeal\algorithms\preference_evaluate\deepskin\data\toMax\rendered_face\m09i\m09im6k_04_face.jpg","D:\work\secondYearMaster\thesis\reference\appeal\algorithms\preference_evaluate\deepskin\data\toMax\rendered_2max\m09i\m09im6k_01.jpg",1148,1530
m09im6k,m09,m09i,m6k,"D:\work\secondYearMaster\thesis\reference\appeal\algorithms\preference_evaluate\deepskin\data\toMax\rendered_face\m09i\m09im6k_05_face.jpg","D:\work\secondYearMaster\thesis\reference\appeal\algorithms\preference_evaluate\deepskin\data\toMax\rendered_2max\m09i\m09im6k_01.jpg",1148,1530
m09im6k,m09,m09i,m6k,"D:\work\secondYearMaster\thesis\reference\appeal\algorithms\preference_evaluate\deepskin\data\toMax\rendered_face\m09i\m09im6k_06_face.jpg","D:\work\secondYearMaster\thesis\reference\appeal\algorithms\preference_evaluate\deepskin\data\toMax\rendered_2max\m09i\m09im6k_01.jpg",1148,1530
m09im6k,m09,m09i,m6k,"D:\work\secondYearMaster\thesis\reference\appeal\algorithms\preference_evaluate\deepskin\data\toMax\rendered_face\m09i\m09im6k_07_face.jpg","D:\work\secondYearMaster\thesis\reference\appeal\algorithms\preference_evaluate\deepskin\data\toMax\rendered_2max\m09i\m09im6k_01.jpg",1148,1530
m09im6k,m09,m09i,m6k,"D:\work\secondYearMaster\thesis\reference\appeal\algorithms\preference_evaluate\deepskin\data\toMax\rendered_face\m09i\m09im6k_08_face.jpg","D:\work\secondYearMaster\thesis\reference\appeal\algorithms\preference_evaluate\deepskin\data\toMax\rendered_2max\m09i\m09im6k_01.jpg",1148,1530
m09im6k,m09,m09i,m6k,"D:\work\secondYearMaster\thesis\reference\appeal\algorithms\preference_evaluate\deepskin\data\toMax\rendered_face\m09i\m09im6k_09_face.jpg","D:\work\secondYearMaster\thesis\reference\appeal\algorithms\preference_evaluate\deepskin\data\toMax\rendered_2max\m09i\m09im6k_01.jpg",1148,1530
m09im6k,m09,m09i,m6k,"D:\work\secondYearMaster\thesis\reference\appeal\algorithms\preference_evaluate\deepskin\data\toMax\rendered_face\m09i\m09im6k_10_face.jpg","D:\work\secondYearMaster\thesis\reference\appeal\algorithms\preference_evaluate\deepskin\data\toMax\rendered_2max\m09i\m09im6k_01.jpg",1148,1530
m09im6k,m09,m09i,m6k,"D:\work\secondYearMaster\thesis\reference\appeal\algorithms\preference_evaluate\deepskin\data\toMax\rendered_face\m09i\m09im6k_11_face.jpg","D:\work\secondYearMaster\thesis\reference\appeal\algorithms\preference_evaluate\deepskin\data\toMax\rendered_2max\m09i\m09im6k_01.jpg",1148,1530
m09im6k,m09,m09i,m6k,"D:\work\secondYearMaster\thesis\reference\appeal\algorithms\preference_evaluate\deepskin\data\toMax\rendered_face\m09i\m09im6k_12_face.jpg","D:\work\secondYearMaster\thesis\reference\appeal\algorithms\preference_evaluate\deepskin\data\toMax\rendered_2max\m09i\m09im6k_01.jpg",1148,1530
m09im6k,m09,m09i,m6k,"D:\work\secondYearMaster\thesis\reference\appeal\algorithms\preference_evaluate\deepskin\data\toMax\rendered_face\m09i\m09im6k_13_face.jpg","D:\work\secondYearMaster\thesis\reference\appeal\algorithms\preference_evaluate\deepskin\data\toMax\rendered_2max\m09i\m09im6k_01.jpg",1148,1530
m09im6k,m09,m09i,m6k,"D:\work\secondYearMaster\thesis\reference\appeal\algorithms\preference_evaluate\deepskin\data\toMax\rendered_face\m09i\m09im6k_14_face.jpg","D:\work\secondYearMaster\thesis\reference\appeal\algorithms\preference_evaluate\deepskin\data\toMax\rendered_2max\m09i\m09im6k_01.jpg",1148,1530
m09im6k,m09,m09i,m6k,"D:\work\secondYearMaster\thesis\reference\appeal\algorithms\preference_evaluate\deepskin\data\toMax\rendered_face\m09i\m09im6k_15_face.jpg","D:\work\secondYearMaster\thesis\reference\appeal\algorithms\preference_evaluate\deepskin\data\toMax\rendered_2max\m09i\m09im6k_01.jpg",1148,1530
m09im6k,m09,m09i,m6k,"D:\work\secondYearMaster\thesis\reference\appeal\algorithms\preference_evaluate\deepskin\data\toMax\rendered_face\m09i\m09im6k_16_face.jpg","D:\work\secondYearMaster\thesis\reference\appeal\algorithms\preference_evaluate\deepskin\data\toMax\rendered_2max\m09i\m09im6k_01.jpg",1148,1530
m09im6k,m09,m09i,m6k,"D:\work\secondYearMaster\thesis\reference\appeal\algorithms\preference_evaluate\deepskin\data\toMax\rendered_face\m09i\m09im6k_17_face.jpg","D:\work\secondYearMaster\thesis\reference\appeal\algorithms\preference_evaluate\deepskin\data\toMax\rendered_2max\m09i\m09im6k_01.jpg",1148,1530
m09im6k,m09,m09i,m6k,"D:\work\secondYearMaster\thesis\reference\appeal\algorithms\preference_evaluate\deepskin\data\toMax\rendered_face\m09i\m09im6k_18_face.jpg","D:\work\secondYearMaster\thesis\reference\appeal\algorithms\preference_evaluate\deepskin\data\toMax\rendered_2max\m09i\m09im6k_01.jpg",1148,1530
m09im6k,m09,m09i,m6k,"D:\work\secondYearMaster\thesis\reference\appeal\algorithms\preference_evaluate\deepskin\data\toMax\rendered_face\m09i\m09im6k_19_face.jpg","D:\work\secondYearMaster\thesis\reference\appeal\algorithms\preference_evaluate\deepskin\data\toMax\rendered_2max\m09i\m09im6k_01.jpg",1148,1530
m09im6k,m09,m09i,m6k,"D:\work\secondYearMaster\thesis\reference\appeal\algorithms\preference_evaluate\deepskin\data\toMax\rendered_face\m09i\m09im6k_20_face.jpg","D:\work\secondYearMaster\thesis\reference\appeal\algorithms\preference_evaluate\deepskin\data\toMax\rendered_2max\m09i\m09im6k_01.jpg",1148,1530
m09im6k,m09,m09i,m6k,"D:\work\secondYearMaster\thesis\reference\appeal\algorithms\preference_evaluate\deepskin\data\toMax\rendered_face\m09i\m09im6k_21_face.jpg","D:\work\secondYearMaster\thesis\reference\appeal\algorithms\preference_evaluate\deepskin\data\toMax\rendered_2max\m09i\m09im6k_01.jpg",1148,1530
m09im6k,m09,m09i,m6k,"D:\work\secondYearMaster\thesis\reference\appeal\algorithms\preference_evaluate\deepskin\data\toMax\rendered_face\m09i\m09im6k_22_face.jpg","D:\work\secondYearMaster\thesis\reference\appeal\algorithms\preference_evaluate\deepskin\data\toMax\rendered_2max\m09i\m09im6k_01.jpg",1148,1530
m09im6k,m09,m09i,m6k,"D:\work\secondYearMaster\thesis\reference\appeal\algorithms\preference_evaluate\deepskin\data\toMax\rendered_face\m09i\m09im6k_23_face.jpg","D:\work\secondYearMaster\thesis\reference\appeal\algorithms\preference_evaluate\deepskin\data\toMax\rendered_2max\m09i\m09im6k_01.jpg",1148,1530
m09im6k,m09,m09i,m6k,"D:\work\secondYearMaster\thesis\reference\appeal\algorithms\preference_evaluate\deepskin\data\toMax\rendered_face\m09i\m09im6k_24_face.jpg","D:\work\secondYearMaster\thesis\reference\appeal\algorithms\preference_evaluate\deepskin\data\toMax\rendered_2max\m09i\m09im6k_01.jpg",1148,1530
m09im6k,m09,m09i,m6k,"D:\work\secondYearMaster\thesis\reference\appeal\algorithms\preference_evaluate\deepskin\data\toMax\rendered_face\m09i\m09im6k_25_face.jpg","D:\work\secondYearMaster\thesis\reference\appeal\algorithms\preference_evaluate\deepskin\data\toMax\rendered_2max\m09i\m09im6k_01.jpg",1148,1530
m09im6k,m09,m09i,m6k,"D:\work\secondYearMaster\thesis\reference\appeal\algorithms\preference_evaluate\deepskin\data\toMax\rendered_face\m09i\m09im6k_26_face.jpg","D:\work\secondYearMaster\thesis\reference\appeal\algorithms\preference_evaluate\deepskin\data\toMax\rendered_2max\m09i\m09im6k_01.jpg",1148,1530
m09im6k,m09,m09i,m6k,"D:\work\secondYearMaster\thesis\reference\appeal\algorithms\preference_evaluate\deepskin\data\toMax\rendered_face\m09i\m09im6k_27_face.jpg","D:\work\secondYearMaster\thesis\reference\appeal\algorithms\preference_evaluate\deepskin\data\toMax\rendered_2max\m09i\m09im6k_01.jpg",1148,1530
m09im6k,m09,m09i,m6k,"D:\work\secondYearMaster\thesis\reference\appeal\algorithms\preference_evaluate\deepskin\data\toMax\rendered_face\m09i\m09im6k_28_face.jpg","D:\work\secondYearMaster\thesis\reference\appeal\algorithms\preference_evaluate\deepskin\data\toMax\rendered_2max\m09i\m09im6k_01.jpg",1148,1530
m09im6k,m09,m09i,m6k,"D:\work\secondYearMaster\thesis\reference\appeal\algorithms\preference_evaluate\deepskin\data\toMax\rendered_face\m09i\m09im6k_29_face.jpg","D:\work\secondYearMaster\thesis\reference\appeal\algorithms\preference_evaluate\deepskin\data\toMax\rendered_2max\m09i\m09im6k_01.jpg",1148,1530
m09im6k,m09,m09i,m6k,"D:\work\secondYearMaster\thesis\reference\appeal\algorithms\preference_evaluate\deepskin\data\toMax\rendered_face\m09i\m09im6k_30_face.jpg","D:\work\secondYearMaster\thesis\reference\appeal\algorithms\preference_evaluate\deepskin\data\toMax\rendered_2max\m09i\m09im6k_01.jpg",1148,1530
m09im6k,m09,m09i,m6k,"D:\work\secondYearMaster\thesis\reference\appeal\algorithms\preference_evaluate\deepskin\data\toMax\rendered_face\m09i\m09im6k_31_face.jpg","D:\work\secondYearMaster\thesis\reference\appeal\algorithms\preference_evaluate\deepskin\data\toMax\rendered_2max\m09i\m09im6k_01.jpg",1148,1530
m09im6k,m09,m09i,m6k,"D:\work\secondYearMaster\thesis\reference\appeal\algorithms\preference_evaluate\deepskin\data\toMax\rendered_face\m09i\m09im6k_32_face.jpg","D:\work\secondYearMaster\thesis\reference\appeal\algorithms\preference_evaluate\deepskin\data\toMax\rendered_2max\m09i\m09im6k_01.jpg",1148,1530
m09im6k,m09,m09i,m6k,"D:\work\secondYearMaster\thesis\reference\appeal\algorithms\preference_evaluate\deepskin\data\toMax\rendered_face\m09i\m09im6k_33_face.jpg","D:\work\secondYearMaster\thesis\reference\appeal\algorithms\preference_evaluate\deepskin\data\toMax\rendered_2max\m09i\m09im6k_01.jpg",1148,1530
m09im7k,m09,m09i,m7k,"D:\work\secondYearMaster\thesis\reference\appeal\algorithms\preference_evaluate\deepskin\data\toMax\rendered_face\m09i\m09im7k_01_face.jpg","D:\work\secondYearMaster\thesis\reference\appeal\algorithms\preference_evaluate\deepskin\data\toMax\rendered_2max\m09i\m09im7k_01.jpg",1148,1530
m09im7k,m09,m09i,m7k,"D:\work\secondYearMaster\thesis\reference\appeal\algorithms\preference_evaluate\deepskin\data\toMax\rendered_face\m09i\m09im7k_02_face.jpg","D:\work\secondYearMaster\thesis\reference\appeal\algorithms\preference_evaluate\deepskin\data\toMax\rendered_2max\m09i\m09im7k_01.jpg",1148,1530
m09im7k,m09,m09i,m7k,"D:\work\secondYearMaster\thesis\reference\appeal\algorithms\preference_evaluate\deepskin\data\toMax\rendered_face\m09i\m09im7k_03_face.jpg","D:\work\secondYearMaster\thesis\reference\appeal\algorithms\preference_evaluate\deepskin\data\toMax\rendered_2max\m09i\m09im7k_01.jpg",1148,1530
m09im7k,m09,m09i,m7k,"D:\work\secondYearMaster\thesis\reference\appeal\algorithms\preference_evaluate\deepskin\data\toMax\rendered_face\m09i\m09im7k_04_face.jpg","D:\work\secondYearMaster\thesis\reference\appeal\algorithms\preference_evaluate\deepskin\data\toMax\rendered_2max\m09i\m09im7k_01.jpg",1148,1530
m09im7k,m09,m09i,m7k,"D:\work\secondYearMaster\thesis\reference\appeal\algorithms\preference_evaluate\deepskin\data\toMax\rendered_face\m09i\m09im7k_05_face.jpg","D:\work\secondYearMaster\thesis\reference\appeal\algorithms\preference_evaluate\deepskin\data\toMax\rendered_2max\m09i\m09im7k_01.jpg",1148,1530
m09im7k,m09,m09i,m7k,"D:\work\secondYearMaster\thesis\reference\appeal\algorithms\preference_evaluate\deepskin\data\toMax\rendered_face\m09i\m09im7k_06_face.jpg","D:\work\secondYearMaster\thesis\reference\appeal\algorithms\preference_evaluate\deepskin\data\toMax\rendered_2max\m09i\m09im7k_01.jpg",1148,1530
m09im7k,m09,m09i,m7k,"D:\work\secondYearMaster\thesis\reference\appeal\algorithms\preference_evaluate\deepskin\data\toMax\rendered_face\m09i\m09im7k_07_face.jpg","D:\work\secondYearMaster\thesis\reference\appeal\algorithms\preference_evaluate\deepskin\data\toMax\rendered_2max\m09i\m09im7k_01.jpg",1148,1530
m09im7k,m09,m09i,m7k,"D:\work\secondYearMaster\thesis\reference\appeal\algorithms\preference_evaluate\deepskin\data\toMax\rendered_face\m09i\m09im7k_08_face.jpg","D:\work\secondYearMaster\thesis\reference\appeal\algorithms\preference_evaluate\deepskin\data\toMax\rendered_2max\m09i\m09im7k_01.jpg",1148,1530
m09im7k,m09,m09i,m7k,"D:\work\secondYearMaster\thesis\reference\appeal\algorithms\preference_evaluate\deepskin\data\toMax\rendered_face\m09i\m09im7k_09_face.jpg","D:\work\secondYearMaster\thesis\reference\appeal\algorithms\preference_evaluate\deepskin\data\toMax\rendered_2max\m09i\m09im7k_01.jpg",1148,1530
m09im7k,m09,m09i,m7k,"D:\work\secondYearMaster\thesis\reference\appeal\algorithms\preference_evaluate\deepskin\data\toMax\rendered_face\m09i\m09im7k_10_face.jpg","D:\work\secondYearMaster\thesis\reference\appeal\algorithms\preference_evaluate\deepskin\data\toMax\rendered_2max\m09i\m09im7k_01.jpg",1148,1530
m09im7k,m09,m09i,m7k,"D:\work\secondYearMaster\thesis\reference\appeal\algorithms\preference_evaluate\deepskin\data\toMax\rendered_face\m09i\m09im7k_11_face.jpg","D:\work\secondYearMaster\thesis\reference\appeal\algorithms\preference_evaluate\deepskin\data\toMax\rendered_2max\m09i\m09im7k_01.jpg",1148,1530
m09im7k,m09,m09i,m7k,"D:\work\secondYearMaster\thesis\reference\appeal\algorithms\preference_evaluate\deepskin\data\toMax\rendered_face\m09i\m09im7k_12_face.jpg","D:\work\secondYearMaster\thesis\reference\appeal\algorithms\preference_evaluate\deepskin\data\toMax\rendered_2max\m09i\m09im7k_01.jpg",1148,1530
m09im7k,m09,m09i,m7k,"D:\work\secondYearMaster\thesis\reference\appeal\algorithms\preference_evaluate\deepskin\data\toMax\rendered_face\m09i\m09im7k_13_face.jpg","D:\work\secondYearMaster\thesis\reference\appeal\algorithms\preference_evaluate\deepskin\data\toMax\rendered_2max\m09i\m09im7k_01.jpg",1148,1530
m09im7k,m09,m09i,m7k,"D:\work\secondYearMaster\thesis\reference\appeal\algorithms\preference_evaluate\deepskin\data\toMax\rendered_face\m09i\m09im7k_14_face.jpg","D:\work\secondYearMaster\thesis\reference\appeal\algorithms\preference_evaluate\deepskin\data\toMax\rendered_2max\m09i\m09im7k_01.jpg",1148,1530
m09im7k,m09,m09i,m7k,"D:\work\secondYearMaster\thesis\reference\appeal\algorithms\preference_evaluate\deepskin\data\toMax\rendered_face\m09i\m09im7k_15_face.jpg","D:\work\secondYearMaster\thesis\reference\appeal\algorithms\preference_evaluate\deepskin\data\toMax\rendered_2max\m09i\m09im7k_01.jpg",1148,1530
m09im7k,m09,m09i,m7k,"D:\work\secondYearMaster\thesis\reference\appeal\algorithms\preference_evaluate\deepskin\data\toMax\rendered_face\m09i\m09im7k_16_face.jpg","D:\work\secondYearMaster\thesis\reference\appeal\algorithms\preference_evaluate\deepskin\data\toMax\rendered_2max\m09i\m09im7k_01.jpg",1148,1530
m09im7k,m09,m09i,m7k,"D:\work\secondYearMaster\thesis\reference\appeal\algorithms\preference_evaluate\deepskin\data\toMax\rendered_face\m09i\m09im7k_17_face.jpg","D:\work\secondYearMaster\thesis\reference\appeal\algorithms\preference_evaluate\deepskin\data\toMax\rendered_2max\m09i\m09im7k_01.jpg",1148,1530
m09im7k,m09,m09i,m7k,"D:\work\secondYearMaster\thesis\reference\appeal\algorithms\preference_evaluate\deepskin\data\toMax\rendered_face\m09i\m09im7k_18_face.jpg","D:\work\secondYearMaster\thesis\reference\appeal\algorithms\preference_evaluate\deepskin\data\toMax\rendered_2max\m09i\m09im7k_01.jpg",1148,1530
m09im7k,m09,m09i,m7k,"D:\work\secondYearMaster\thesis\reference\appeal\algorithms\preference_evaluate\deepskin\data\toMax\rendered_face\m09i\m09im7k_19_face.jpg","D:\work\secondYearMaster\thesis\reference\appeal\algorithms\preference_evaluate\deepskin\data\toMax\rendered_2max\m09i\m09im7k_01.jpg",1148,1530
m09im7k,m09,m09i,m7k,"D:\work\secondYearMaster\thesis\reference\appeal\algorithms\preference_evaluate\deepskin\data\toMax\rendered_face\m09i\m09im7k_20_face.jpg","D:\work\secondYearMaster\thesis\reference\appeal\algorithms\preference_evaluate\deepskin\data\toMax\rendered_2max\m09i\m09im7k_01.jpg",1148,1530
m09im7k,m09,m09i,m7k,"D:\work\secondYearMaster\thesis\reference\appeal\algorithms\preference_evaluate\deepskin\data\toMax\rendered_face\m09i\m09im7k_21_face.jpg","D:\work\secondYearMaster\thesis\reference\appeal\algorithms\preference_evaluate\deepskin\data\toMax\rendered_2max\m09i\m09im7k_01.jpg",1148,1530
m09im7k,m09,m09i,m7k,"D:\work\secondYearMaster\thesis\reference\appeal\algorithms\preference_evaluate\deepskin\data\toMax\rendered_face\m09i\m09im7k_22_face.jpg","D:\work\secondYearMaster\thesis\reference\appeal\algorithms\preference_evaluate\deepskin\data\toMax\rendered_2max\m09i\m09im7k_01.jpg",1148,1530
m09im7k,m09,m09i,m7k,"D:\work\secondYearMaster\thesis\reference\appeal\algorithms\preference_evaluate\deepskin\data\toMax\rendered_face\m09i\m09im7k_23_face.jpg","D:\work\secondYearMaster\thesis\reference\appeal\algorithms\preference_evaluate\deepskin\data\toMax\rendered_2max\m09i\m09im7k_01.jpg",1148,1530
m09im7k,m09,m09i,m7k,"D:\work\secondYearMaster\thesis\reference\appeal\algorithms\preference_evaluate\deepskin\data\toMax\rendered_face\m09i\m09im7k_24_face.jpg","D:\work\secondYearMaster\thesis\reference\appeal\algorithms\preference_evaluate\deepskin\data\toMax\rendered_2max\m09i\m09im7k_01.jpg",1148,1530
m09im7k,m09,m09i,m7k,"D:\work\secondYearMaster\thesis\reference\appeal\algorithms\preference_evaluate\deepskin\data\toMax\rendered_face\m09i\m09im7k_25_face.jpg","D:\work\secondYearMaster\thesis\reference\appeal\algorithms\preference_evaluate\deepskin\data\toMax\rendered_2max\m09i\m09im7k_01.jpg",1148,1530
m09im7k,m09,m09i,m7k,"D:\work\secondYearMaster\thesis\reference\appeal\algorithms\preference_evaluate\deepskin\data\toMax\rendered_face\m09i\m09im7k_26_face.jpg","D:\work\secondYearMaster\thesis\reference\appeal\algorithms\preference_evaluate\deepskin\data\toMax\rendered_2max\m09i\m09im7k_01.jpg",1148,1530
m09im7k,m09,m09i,m7k,"D:\work\secondYearMaster\thesis\reference\appeal\algorithms\preference_evaluate\deepskin\data\toMax\rendered_face\m09i\m09im7k_27_face.jpg","D:\work\secondYearMaster\thesis\reference\appeal\algorithms\preference_evaluate\deepskin\data\toMax\rendered_2max\m09i\m09im7k_01.jpg",1148,1530
m09im7k,m09,m09i,m7k,"D:\work\secondYearMaster\thesis\reference\appeal\algorithms\preference_evaluate\deepskin\data\toMax\rendered_face\m09i\m09im7k_28_face.jpg","D:\work\secondYearMaster\thesis\reference\appeal\algorithms\preference_evaluate\deepskin\data\toMax\rendered_2max\m09i\m09im7k_01.jpg",1148,1530
m09im7k,m09,m09i,m7k,"D:\work\secondYearMaster\thesis\reference\appeal\algorithms\preference_evaluate\deepskin\data\toMax\rendered_face\m09i\m09im7k_29_face.jpg","D:\work\secondYearMaster\thesis\reference\appeal\algorithms\preference_evaluate\deepskin\data\toMax\rendered_2max\m09i\m09im7k_01.jpg",1148,1530
m09im7k,m09,m09i,m7k,"D:\work\secondYearMaster\thesis\reference\appeal\algorithms\preference_evaluate\deepskin\data\toMax\rendered_face\m09i\m09im7k_30_face.jpg","D:\work\secondYearMaster\thesis\reference\appeal\algorithms\preference_evaluate\deepskin\data\toMax\rendered_2max\m09i\m09im7k_01.jpg",1148,1530
m09im7k,m09,m09i,m7k,"D:\work\secondYearMaster\thesis\reference\appeal\algorithms\preference_evaluate\deepskin\data\toMax\rendered_face\m09i\m09im7k_31_face.jpg","D:\work\secondYearMaster\thesis\reference\appeal\algorithms\preference_evaluate\deepskin\data\toMax\rendered_2max\m09i\m09im7k_01.jpg",1148,1530
m09im7k,m09,m09i,m7k,"D:\work\secondYearMaster\thesis\reference\appeal\algorithms\preference_evaluate\deepskin\data\toMax\rendered_face\m09i\m09im7k_32_face.jpg","D:\work\secondYearMaster\thesis\reference\appeal\algorithms\preference_evaluate\deepskin\data\toMax\rendered_2max\m09i\m09im7k_01.jpg",1148,1530
m09im7k,m09,m09i,m7k,"D:\work\secondYearMaster\thesis\reference\appeal\algorithms\preference_evaluate\deepskin\data\toMax\rendered_face\m09i\m09im7k_33_face.jpg","D:\work\secondYearMaster\thesis\reference\appeal\algorithms\preference_evaluate\deepskin\data\toMax\rendered_2max\m09i\m09im7k_01.jpg",1148,1530
m09im8k,m09,m09i,m8k,"D:\work\secondYearMaster\thesis\reference\appeal\algorithms\preference_evaluate\deepskin\data\toMax\rendered_face\m09i\m09im8k_01_face.jpg","D:\work\secondYearMaster\thesis\reference\appeal\algorithms\preference_evaluate\deepskin\data\toMax\rendered_2max\m09i\m09im8k_01.jpg",1148,1530
m09im8k,m09,m09i,m8k,"D:\work\secondYearMaster\thesis\reference\appeal\algorithms\preference_evaluate\deepskin\data\toMax\rendered_face\m09i\m09im8k_02_face.jpg","D:\work\secondYearMaster\thesis\reference\appeal\algorithms\preference_evaluate\deepskin\data\toMax\rendered_2max\m09i\m09im8k_01.jpg",1148,1530
m09im8k,m09,m09i,m8k,"D:\work\secondYearMaster\thesis\reference\appeal\algorithms\preference_evaluate\deepskin\data\toMax\rendered_face\m09i\m09im8k_03_face.jpg","D:\work\secondYearMaster\thesis\reference\appeal\algorithms\preference_evaluate\deepskin\data\toMax\rendered_2max\m09i\m09im8k_01.jpg",1148,1530
m09im8k,m09,m09i,m8k,"D:\work\secondYearMaster\thesis\reference\appeal\algorithms\preference_evaluate\deepskin\data\toMax\rendered_face\m09i\m09im8k_04_face.jpg","D:\work\secondYearMaster\thesis\reference\appeal\algorithms\preference_evaluate\deepskin\data\toMax\rendered_2max\m09i\m09im8k_01.jpg",1148,1530
m09im8k,m09,m09i,m8k,"D:\work\secondYearMaster\thesis\reference\appeal\algorithms\preference_evaluate\deepskin\data\toMax\rendered_face\m09i\m09im8k_05_face.jpg","D:\work\secondYearMaster\thesis\reference\appeal\algorithms\preference_evaluate\deepskin\data\toMax\rendered_2max\m09i\m09im8k_01.jpg",1148,1530
m09im8k,m09,m09i,m8k,"D:\work\secondYearMaster\thesis\reference\appeal\algorithms\preference_evaluate\deepskin\data\toMax\rendered_face\m09i\m09im8k_06_face.jpg","D:\work\secondYearMaster\thesis\reference\appeal\algorithms\preference_evaluate\deepskin\data\toMax\rendered_2max\m09i\m09im8k_01.jpg",1148,1530
m09im8k,m09,m09i,m8k,"D:\work\secondYearMaster\thesis\reference\appeal\algorithms\preference_evaluate\deepskin\data\toMax\rendered_face\m09i\m09im8k_07_face.jpg","D:\work\secondYearMaster\thesis\reference\appeal\algorithms\preference_evaluate\deepskin\data\toMax\rendered_2max\m09i\m09im8k_01.jpg",1148,1530
m09im8k,m09,m09i,m8k,"D:\work\secondYearMaster\thesis\reference\appeal\algorithms\preference_evaluate\deepskin\data\toMax\rendered_face\m09i\m09im8k_08_face.jpg","D:\work\secondYearMaster\thesis\reference\appeal\algorithms\preference_evaluate\deepskin\data\toMax\rendered_2max\m09i\m09im8k_01.jpg",1148,1530
m09im8k,m09,m09i,m8k,"D:\work\secondYearMaster\thesis\reference\appeal\algorithms\preference_evaluate\deepskin\data\toMax\rendered_face\m09i\m09im8k_09_face.jpg","D:\work\secondYearMaster\thesis\reference\appeal\algorithms\preference_evaluate\deepskin\data\toMax\rendered_2max\m09i\m09im8k_01.jpg",1148,1530
m09im8k,m09,m09i,m8k,"D:\work\secondYearMaster\thesis\reference\appeal\algorithms\preference_evaluate\deepskin\data\toMax\rendered_face\m09i\m09im8k_10_face.jpg","D:\work\secondYearMaster\thesis\reference\appeal\algorithms\preference_evaluate\deepskin\data\toMax\rendered_2max\m09i\m09im8k_01.jpg",1148,1530
m09im8k,m09,m09i,m8k,"D:\work\secondYearMaster\thesis\reference\appeal\algorithms\preference_evaluate\deepskin\data\toMax\rendered_face\m09i\m09im8k_11_face.jpg","D:\work\secondYearMaster\thesis\reference\appeal\algorithms\preference_evaluate\deepskin\data\toMax\rendered_2max\m09i\m09im8k_01.jpg",1148,1530
m09im8k,m09,m09i,m8k,"D:\work\secondYearMaster\thesis\reference\appeal\algorithms\preference_evaluate\deepskin\data\toMax\rendered_face\m09i\m09im8k_12_face.jpg","D:\work\secondYearMaster\thesis\reference\appeal\algorithms\preference_evaluate\deepskin\data\toMax\rendered_2max\m09i\m09im8k_01.jpg",1148,1530
m09im8k,m09,m09i,m8k,"D:\work\secondYearMaster\thesis\reference\appeal\algorithms\preference_evaluate\deepskin\data\toMax\rendered_face\m09i\m09im8k_13_face.jpg","D:\work\secondYearMaster\thesis\reference\appeal\algorithms\preference_evaluate\deepskin\data\toMax\rendered_2max\m09i\m09im8k_01.jpg",1148,1530
m09im8k,m09,m09i,m8k,"D:\work\secondYearMaster\thesis\reference\appeal\algorithms\preference_evaluate\deepskin\data\toMax\rendered_face\m09i\m09im8k_14_face.jpg","D:\work\secondYearMaster\thesis\reference\appeal\algorithms\preference_evaluate\deepskin\data\toMax\rendered_2max\m09i\m09im8k_01.jpg",1148,1530
m09im8k,m09,m09i,m8k,"D:\work\secondYearMaster\thesis\reference\appeal\algorithms\preference_evaluate\deepskin\data\toMax\rendered_face\m09i\m09im8k_15_face.jpg","D:\work\secondYearMaster\thesis\reference\appeal\algorithms\preference_evaluate\deepskin\data\toMax\rendered_2max\m09i\m09im8k_01.jpg",1148,1530
m09im8k,m09,m09i,m8k,"D:\work\secondYearMaster\thesis\reference\appeal\algorithms\preference_evaluate\deepskin\data\toMax\rendered_face\m09i\m09im8k_16_face.jpg","D:\work\secondYearMaster\thesis\reference\appeal\algorithms\preference_evaluate\deepskin\data\toMax\rendered_2max\m09i\m09im8k_01.jpg",1148,1530
m09im8k,m09,m09i,m8k,"D:\work\secondYearMaster\thesis\reference\appeal\algorithms\preference_evaluate\deepskin\data\toMax\rendered_face\m09i\m09im8k_17_face.jpg","D:\work\secondYearMaster\thesis\reference\appeal\algorithms\preference_evaluate\deepskin\data\toMax\rendered_2max\m09i\m09im8k_01.jpg",1148,1530
m09im8k,m09,m09i,m8k,"D:\work\secondYearMaster\thesis\reference\appeal\algorithms\preference_evaluate\deepskin\data\toMax\rendered_face\m09i\m09im8k_18_face.jpg","D:\work\secondYearMaster\thesis\reference\appeal\algorithms\preference_evaluate\deepskin\data\toMax\rendered_2max\m09i\m09im8k_01.jpg",1148,1530
m09im8k,m09,m09i,m8k,"D:\work\secondYearMaster\thesis\reference\appeal\algorithms\preference_evaluate\deepskin\data\toMax\rendered_face\m09i\m09im8k_19_face.jpg","D:\work\secondYearMaster\thesis\reference\appeal\algorithms\preference_evaluate\deepskin\data\toMax\rendered_2max\m09i\m09im8k_01.jpg",1148,1530
m09im8k,m09,m09i,m8k,"D:\work\secondYearMaster\thesis\reference\appeal\algorithms\preference_evaluate\deepskin\data\toMax\rendered_face\m09i\m09im8k_20_face.jpg","D:\work\secondYearMaster\thesis\reference\appeal\algorithms\preference_evaluate\deepskin\data\toMax\rendered_2max\m09i\m09im8k_01.jpg",1148,1530
m09im8k,m09,m09i,m8k,"D:\work\secondYearMaster\thesis\reference\appeal\algorithms\preference_evaluate\deepskin\data\toMax\rendered_face\m09i\m09im8k_21_face.jpg","D:\work\secondYearMaster\thesis\reference\appeal\algorithms\preference_evaluate\deepskin\data\toMax\rendered_2max\m09i\m09im8k_01.jpg",1148,1530
m09im8k,m09,m09i,m8k,"D:\work\secondYearMaster\thesis\reference\appeal\algorithms\preference_evaluate\deepskin\data\toMax\rendered_face\m09i\m09im8k_22_face.jpg","D:\work\secondYearMaster\thesis\reference\appeal\algorithms\preference_evaluate\deepskin\data\toMax\rendered_2max\m09i\m09im8k_01.jpg",1148,1530
m09im8k,m09,m09i,m8k,"D:\work\secondYearMaster\thesis\reference\appeal\algorithms\preference_evaluate\deepskin\data\toMax\rendered_face\m09i\m09im8k_23_face.jpg","D:\work\secondYearMaster\thesis\reference\appeal\algorithms\preference_evaluate\deepskin\data\toMax\rendered_2max\m09i\m09im8k_01.jpg",1148,1530
m09im8k,m09,m09i,m8k,"D:\work\secondYearMaster\thesis\reference\appeal\algorithms\preference_evaluate\deepskin\data\toMax\rendered_face\m09i\m09im8k_24_face.jpg","D:\work\secondYearMaster\thesis\reference\appeal\algorithms\preference_evaluate\deepskin\data\toMax\rendered_2max\m09i\m09im8k_01.jpg",1148,1530
m09im8k,m09,m09i,m8k,"D:\work\secondYearMaster\thesis\reference\appeal\algorithms\preference_evaluate\deepskin\data\toMax\rendered_face\m09i\m09im8k_25_face.jpg","D:\work\secondYearMaster\thesis\reference\appeal\algorithms\preference_evaluate\deepskin\data\toMax\rendered_2max\m09i\m09im8k_01.jpg",1148,1530
m09im8k,m09,m09i,m8k,"D:\work\secondYearMaster\thesis\reference\appeal\algorithms\preference_evaluate\deepskin\data\toMax\rendered_face\m09i\m09im8k_26_face.jpg","D:\work\secondYearMaster\thesis\reference\appeal\algorithms\preference_evaluate\deepskin\data\toMax\rendered_2max\m09i\m09im8k_01.jpg",1148,1530
m09im8k,m09,m09i,m8k,"D:\work\secondYearMaster\thesis\reference\appeal\algorithms\preference_evaluate\deepskin\data\toMax\rendered_face\m09i\m09im8k_27_face.jpg","D:\work\secondYearMaster\thesis\reference\appeal\algorithms\preference_evaluate\deepskin\data\toMax\rendered_2max\m09i\m09im8k_01.jpg",1148,1530
m09im8k,m09,m09i,m8k,"D:\work\secondYearMaster\thesis\reference\appeal\algorithms\preference_evaluate\deepskin\data\toMax\rendered_face\m09i\m09im8k_28_face.jpg","D:\work\secondYearMaster\thesis\reference\appeal\algorithms\preference_evaluate\deepskin\data\toMax\rendered_2max\m09i\m09im8k_01.jpg",1148,1530
m09im8k,m09,m09i,m8k,"D:\work\secondYearMaster\thesis\reference\appeal\algorithms\preference_evaluate\deepskin\data\toMax\rendered_face\m09i\m09im8k_29_face.jpg","D:\work\secondYearMaster\thesis\reference\appeal\algorithms\preference_evaluate\deepskin\data\toMax\rendered_2max\m09i\m09im8k_01.jpg",1148,1530
m09im8k,m09,m09i,m8k,"D:\work\secondYearMaster\thesis\reference\appeal\algorithms\preference_evaluate\deepskin\data\toMax\rendered_face\m09i\m09im8k_30_face.jpg","D:\work\secondYearMaster\thesis\reference\appeal\algorithms\preference_evaluate\deepskin\data\toMax\rendered_2max\m09i\m09im8k_01.jpg",1148,1530
m09im8k,m09,m09i,m8k,"D:\work\secondYearMaster\thesis\reference\appeal\algorithms\preference_evaluate\deepskin\data\toMax\rendered_face\m09i\m09im8k_31_face.jpg","D:\work\secondYearMaster\thesis\reference\appeal\algorithms\preference_evaluate\deepskin\data\toMax\rendered_2max\m09i\m09im8k_01.jpg",1148,1530
m09im8k,m09,m09i,m8k,"D:\work\secondYearMaster\thesis\reference\appeal\algorithms\preference_evaluate\deepskin\data\toMax\rendered_face\m09i\m09im8k_32_face.jpg","D:\work\secondYearMaster\thesis\reference\appeal\algorithms\preference_evaluate\deepskin\data\toMax\rendered_2max\m09i\m09im8k_01.jpg",1148,1530
m09im8k,m09,m09i,m8k,"D:\work\secondYearMaster\thesis\reference\appeal\algorithms\preference_evaluate\deepskin\data\toMax\rendered_face\m09i\m09im8k_33_face.jpg","D:\work\secondYearMaster\thesis\reference\appeal\algorithms\preference_evaluate\deepskin\data\toMax\rendered_2max\m09i\m09im8k_01.jpg",1148,1530
m09imd65,m09,m09i,md65,"D:\work\secondYearMaster\thesis\reference\appeal\algorithms\preference_evaluate\deepskin\data\toMax\rendered_face\m09i\m09imd65_01_face.jpg","D:\work\secondYearMaster\thesis\reference\appeal\algorithms\preference_evaluate\deepskin\data\toMax\rendered_2max\m09i\m09imd65_01.jpg",1148,1530
m09imd65,m09,m09i,md65,"D:\work\secondYearMaster\thesis\reference\appeal\algorithms\preference_evaluate\deepskin\data\toMax\rendered_face\m09i\m09imd65_02_face.jpg","D:\work\secondYearMaster\thesis\reference\appeal\algorithms\preference_evaluate\deepskin\data\toMax\rendered_2max\m09i\m09imd65_01.jpg",1148,1530
m09imd65,m09,m09i,md65,"D:\work\secondYearMaster\thesis\reference\appeal\algorithms\preference_evaluate\deepskin\data\toMax\rendered_face\m09i\m09imd65_03_face.jpg","D:\work\secondYearMaster\thesis\reference\appeal\algorithms\preference_evaluate\deepskin\data\toMax\rendered_2max\m09i\m09imd65_01.jpg",1148,1530
m09imd65,m09,m09i,md65,"D:\work\secondYearMaster\thesis\reference\appeal\algorithms\preference_evaluate\deepskin\data\toMax\rendered_face\m09i\m09imd65_04_face.jpg","D:\work\secondYearMaster\thesis\reference\appeal\algorithms\preference_evaluate\deepskin\data\toMax\rendered_2max\m09i\m09imd65_01.jpg",1148,1530
m09imd65,m09,m09i,md65,"D:\work\secondYearMaster\thesis\reference\appeal\algorithms\preference_evaluate\deepskin\data\toMax\rendered_face\m09i\m09imd65_05_face.jpg","D:\work\secondYearMaster\thesis\reference\appeal\algorithms\preference_evaluate\deepskin\data\toMax\rendered_2max\m09i\m09imd65_01.jpg",1148,1530
m09imd65,m09,m09i,md65,"D:\work\secondYearMaster\thesis\reference\appeal\algorithms\preference_evaluate\deepskin\data\toMax\rendered_face\m09i\m09imd65_06_face.jpg","D:\work\secondYearMaster\thesis\reference\appeal\algorithms\preference_evaluate\deepskin\data\toMax\rendered_2max\m09i\m09imd65_01.jpg",1148,1530
m09imd65,m09,m09i,md65,"D:\work\secondYearMaster\thesis\reference\appeal\algorithms\preference_evaluate\deepskin\data\toMax\rendered_face\m09i\m09imd65_07_face.jpg","D:\work\secondYearMaster\thesis\reference\appeal\algorithms\preference_evaluate\deepskin\data\toMax\rendered_2max\m09i\m09imd65_01.jpg",1148,1530
m09imd65,m09,m09i,md65,"D:\work\secondYearMaster\thesis\reference\appeal\algorithms\preference_evaluate\deepskin\data\toMax\rendered_face\m09i\m09imd65_08_face.jpg","D:\work\secondYearMaster\thesis\reference\appeal\algorithms\preference_evaluate\deepskin\data\toMax\rendered_2max\m09i\m09imd65_01.jpg",1148,1530
m09imd65,m09,m09i,md65,"D:\work\secondYearMaster\thesis\reference\appeal\algorithms\preference_evaluate\deepskin\data\toMax\rendered_face\m09i\m09imd65_09_face.jpg","D:\work\secondYearMaster\thesis\reference\appeal\algorithms\preference_evaluate\deepskin\data\toMax\rendered_2max\m09i\m09imd65_01.jpg",1148,1530
m09imd65,m09,m09i,md65,"D:\work\secondYearMaster\thesis\reference\appeal\algorithms\preference_evaluate\deepskin\data\toMax\rendered_face\m09i\m09imd65_10_face.jpg","D:\work\secondYearMaster\thesis\reference\appeal\algorithms\preference_evaluate\deepskin\data\toMax\rendered_2max\m09i\m09imd65_01.jpg",1148,1530
m09imd65,m09,m09i,md65,"D:\work\secondYearMaster\thesis\reference\appeal\algorithms\preference_evaluate\deepskin\data\toMax\rendered_face\m09i\m09imd65_11_face.jpg","D:\work\secondYearMaster\thesis\reference\appeal\algorithms\preference_evaluate\deepskin\data\toMax\rendered_2max\m09i\m09imd65_01.jpg",1148,1530
m09imd65,m09,m09i,md65,"D:\work\secondYearMaster\thesis\reference\appeal\algorithms\preference_evaluate\deepskin\data\toMax\rendered_face\m09i\m09imd65_12_face.jpg","D:\work\secondYearMaster\thesis\reference\appeal\algorithms\preference_evaluate\deepskin\data\toMax\rendered_2max\m09i\m09imd65_01.jpg",1148,1530
m09imd65,m09,m09i,md65,"D:\work\secondYearMaster\thesis\reference\appeal\algorithms\preference_evaluate\deepskin\data\toMax\rendered_face\m09i\m09imd65_13_face.jpg","D:\work\secondYearMaster\thesis\reference\appeal\algorithms\preference_evaluate\deepskin\data\toMax\rendered_2max\m09i\m09imd65_01.jpg",1148,1530
m09imd65,m09,m09i,md65,"D:\work\secondYearMaster\thesis\reference\appeal\algorithms\preference_evaluate\deepskin\data\toMax\rendered_face\m09i\m09imd65_14_face.jpg","D:\work\secondYearMaster\thesis\reference\appeal\algorithms\preference_evaluate\deepskin\data\toMax\rendered_2max\m09i\m09imd65_01.jpg",1148,1530
m09imd65,m09,m09i,md65,"D:\work\secondYearMaster\thesis\reference\appeal\algorithms\preference_evaluate\deepskin\data\toMax\rendered_face\m09i\m09imd65_15_face.jpg","D:\work\secondYearMaster\thesis\reference\appeal\algorithms\preference_evaluate\deepskin\data\toMax\rendered_2max\m09i\m09imd65_01.jpg",1148,1530
m09imd65,m09,m09i,md65,"D:\work\secondYearMaster\thesis\reference\appeal\algorithms\preference_evaluate\deepskin\data\toMax\rendered_face\m09i\m09imd65_16_face.jpg","D:\work\secondYearMaster\thesis\reference\appeal\algorithms\preference_evaluate\deepskin\data\toMax\rendered_2max\m09i\m09imd65_01.jpg",1148,1530
m09imd65,m09,m09i,md65,"D:\work\secondYearMaster\thesis\reference\appeal\algorithms\preference_evaluate\deepskin\data\toMax\rendered_face\m09i\m09imd65_17_face.jpg","D:\work\secondYearMaster\thesis\reference\appeal\algorithms\preference_evaluate\deepskin\data\toMax\rendered_2max\m09i\m09imd65_01.jpg",1148,1530
m09imd65,m09,m09i,md65,"D:\work\secondYearMaster\thesis\reference\appeal\algorithms\preference_evaluate\deepskin\data\toMax\rendered_face\m09i\m09imd65_18_face.jpg","D:\work\secondYearMaster\thesis\reference\appeal\algorithms\preference_evaluate\deepskin\data\toMax\rendered_2max\m09i\m09imd65_01.jpg",1148,1530
m09imd65,m09,m09i,md65,"D:\work\secondYearMaster\thesis\reference\appeal\algorithms\preference_evaluate\deepskin\data\toMax\rendered_face\m09i\m09imd65_19_face.jpg","D:\work\secondYearMaster\thesis\reference\appeal\algorithms\preference_evaluate\deepskin\data\toMax\rendered_2max\m09i\m09imd65_01.jpg",1148,1530
m09imd65,m09,m09i,md65,"D:\work\secondYearMaster\thesis\reference\appeal\algorithms\preference_evaluate\deepskin\data\toMax\rendered_face\m09i\m09imd65_20_face.jpg","D:\work\secondYearMaster\thesis\reference\appeal\algorithms\preference_evaluate\deepskin\data\toMax\rendered_2max\m09i\m09imd65_01.jpg",1148,1530
m09imd65,m09,m09i,md65,"D:\work\secondYearMaster\thesis\reference\appeal\algorithms\preference_evaluate\deepskin\data\toMax\rendered_face\m09i\m09imd65_21_face.jpg","D:\work\secondYearMaster\thesis\reference\appeal\algorithms\preference_evaluate\deepskin\data\toMax\rendered_2max\m09i\m09imd65_01.jpg",1148,1530
m09imd65,m09,m09i,md65,"D:\work\secondYearMaster\thesis\reference\appeal\algorithms\preference_evaluate\deepskin\data\toMax\rendered_face\m09i\m09imd65_22_face.jpg","D:\work\secondYearMaster\thesis\reference\appeal\algorithms\preference_evaluate\deepskin\data\toMax\rendered_2max\m09i\m09imd65_01.jpg",1148,1530
m09imd65,m09,m09i,md65,"D:\work\secondYearMaster\thesis\reference\appeal\algorithms\preference_evaluate\deepskin\data\toMax\rendered_face\m09i\m09imd65_23_face.jpg","D:\work\secondYearMaster\thesis\reference\appeal\algorithms\preference_evaluate\deepskin\data\toMax\rendered_2max\m09i\m09imd65_01.jpg",1148,1530
m09imd65,m09,m09i,md65,"D:\work\secondYearMaster\thesis\reference\appeal\algorithms\preference_evaluate\deepskin\data\toMax\rendered_face\m09i\m09imd65_24_face.jpg","D:\work\secondYearMaster\thesis\reference\appeal\algorithms\preference_evaluate\deepskin\data\toMax\rendered_2max\m09i\m09imd65_01.jpg",1148,1530
m09imd65,m09,m09i,md65,"D:\work\secondYearMaster\thesis\reference\appeal\algorithms\preference_evaluate\deepskin\data\toMax\rendered_face\m09i\m09imd65_25_face.jpg","D:\work\secondYearMaster\thesis\reference\appeal\algorithms\preference_evaluate\deepskin\data\toMax\rendered_2max\m09i\m09imd65_01.jpg",1148,1530
m09imd65,m09,m09i,md65,"D:\work\secondYearMaster\thesis\reference\appeal\algorithms\preference_evaluate\deepskin\data\toMax\rendered_face\m09i\m09imd65_26_face.jpg","D:\work\secondYearMaster\thesis\reference\appeal\algorithms\preference_evaluate\deepskin\data\toMax\rendered_2max\m09i\m09imd65_01.jpg",1148,1530
m09imd65,m09,m09i,md65,"D:\work\secondYearMaster\thesis\reference\appeal\algorithms\preference_evaluate\deepskin\data\toMax\rendered_face\m09i\m09imd65_27_face.jpg","D:\work\secondYearMaster\thesis\reference\appeal\algorithms\preference_evaluate\deepskin\data\toMax\rendered_2max\m09i\m09imd65_01.jpg",1148,1530
m09imd65,m09,m09i,md65,"D:\work\secondYearMaster\thesis\reference\appeal\algorithms\preference_evaluate\deepskin\data\toMax\rendered_face\m09i\m09imd65_28_face.jpg","D:\work\secondYearMaster\thesis\reference\appeal\algorithms\preference_evaluate\deepskin\data\toMax\rendered_2max\m09i\m09imd65_01.jpg",1148,1530
m09imd65,m09,m09i,md65,"D:\work\secondYearMaster\thesis\reference\appeal\algorithms\preference_evaluate\deepskin\data\toMax\rendered_face\m09i\m09imd65_29_face.jpg","D:\work\secondYearMaster\thesis\reference\appeal\algorithms\preference_evaluate\deepskin\data\toMax\rendered_2max\m09i\m09imd65_01.jpg",1148,1530
m09imd65,m09,m09i,md65,"D:\work\secondYearMaster\thesis\reference\appeal\algorithms\preference_evaluate\deepskin\data\toMax\rendered_face\m09i\m09imd65_30_face.jpg","D:\work\secondYearMaster\thesis\reference\appeal\algorithms\preference_evaluate\deepskin\data\toMax\rendered_2max\m09i\m09imd65_01.jpg",1148,1530
m09imd65,m09,m09i,md65,"D:\work\secondYearMaster\thesis\reference\appeal\algorithms\preference_evaluate\deepskin\data\toMax\rendered_face\m09i\m09imd65_31_face.jpg","D:\work\secondYearMaster\thesis\reference\appeal\algorithms\preference_evaluate\deepskin\data\toMax\rendered_2max\m09i\m09imd65_01.jpg",1148,1530
m09imd65,m09,m09i,md65,"D:\work\secondYearMaster\thesis\reference\appeal\algorithms\preference_evaluate\deepskin\data\toMax\rendered_face\m09i\m09imd65_32_face.jpg","D:\work\secondYearMaster\thesis\reference\appeal\algorithms\preference_evaluate\deepskin\data\toMax\rendered_2max\m09i\m09imd65_01.jpg",1148,1530
m09imd65,m09,m09i,md65,"D:\work\secondYearMaster\thesis\reference\appeal\algorithms\preference_evaluate\deepskin\data\toMax\rendered_face\m09i\m09imd65_33_face.jpg","D:\work\secondYearMaster\thesis\reference\appeal\algorithms\preference_evaluate\deepskin\data\toMax\rendered_2max\m09i\m09imd65_01.jpg",1148,1530
m10ih3k,m10,m10i,h3k,"D:\work\secondYearMaster\thesis\reference\appeal\algorithms\preference_evaluate\deepskin\data\toMax\rendered_face\m10i\m10ih3k_01_face.jpg","D:\work\secondYearMaster\thesis\reference\appeal\algorithms\preference_evaluate\deepskin\data\toMax\rendered_2max\m10i\m10ih3k_01.jpg",1148,1530
m10ih3k,m10,m10i,h3k,"D:\work\secondYearMaster\thesis\reference\appeal\algorithms\preference_evaluate\deepskin\data\toMax\rendered_face\m10i\m10ih3k_02_face.jpg","D:\work\secondYearMaster\thesis\reference\appeal\algorithms\preference_evaluate\deepskin\data\toMax\rendered_2max\m10i\m10ih3k_01.jpg",1148,1530
m10ih3k,m10,m10i,h3k,"D:\work\secondYearMaster\thesis\reference\appeal\algorithms\preference_evaluate\deepskin\data\toMax\rendered_face\m10i\m10ih3k_03_face.jpg","D:\work\secondYearMaster\thesis\reference\appeal\algorithms\preference_evaluate\deepskin\data\toMax\rendered_2max\m10i\m10ih3k_01.jpg",1148,1530
m10ih3k,m10,m10i,h3k,"D:\work\secondYearMaster\thesis\reference\appeal\algorithms\preference_evaluate\deepskin\data\toMax\rendered_face\m10i\m10ih3k_04_face.jpg","D:\work\secondYearMaster\thesis\reference\appeal\algorithms\preference_evaluate\deepskin\data\toMax\rendered_2max\m10i\m10ih3k_01.jpg",1148,1530
m10ih3k,m10,m10i,h3k,"D:\work\secondYearMaster\thesis\reference\appeal\algorithms\preference_evaluate\deepskin\data\toMax\rendered_face\m10i\m10ih3k_05_face.jpg","D:\work\secondYearMaster\thesis\reference\appeal\algorithms\preference_evaluate\deepskin\data\toMax\rendered_2max\m10i\m10ih3k_01.jpg",1148,1530
m10ih3k,m10,m10i,h3k,"D:\work\secondYearMaster\thesis\reference\appeal\algorithms\preference_evaluate\deepskin\data\toMax\rendered_face\m10i\m10ih3k_06_face.jpg","D:\work\secondYearMaster\thesis\reference\appeal\algorithms\preference_evaluate\deepskin\data\toMax\rendered_2max\m10i\m10ih3k_01.jpg",1148,1530
m10ih3k,m10,m10i,h3k,"D:\work\secondYearMaster\thesis\reference\appeal\algorithms\preference_evaluate\deepskin\data\toMax\rendered_face\m10i\m10ih3k_07_face.jpg","D:\work\secondYearMaster\thesis\reference\appeal\algorithms\preference_evaluate\deepskin\data\toMax\rendered_2max\m10i\m10ih3k_01.jpg",1148,1530
m10ih3k,m10,m10i,h3k,"D:\work\secondYearMaster\thesis\reference\appeal\algorithms\preference_evaluate\deepskin\data\toMax\rendered_face\m10i\m10ih3k_08_face.jpg","D:\work\secondYearMaster\thesis\reference\appeal\algorithms\preference_evaluate\deepskin\data\toMax\rendered_2max\m10i\m10ih3k_01.jpg",1148,1530
m10ih3k,m10,m10i,h3k,"D:\work\secondYearMaster\thesis\reference\appeal\algorithms\preference_evaluate\deepskin\data\toMax\rendered_face\m10i\m10ih3k_09_face.jpg","D:\work\secondYearMaster\thesis\reference\appeal\algorithms\preference_evaluate\deepskin\data\toMax\rendered_2max\m10i\m10ih3k_01.jpg",1148,1530
m10ih3k,m10,m10i,h3k,"D:\work\secondYearMaster\thesis\reference\appeal\algorithms\preference_evaluate\deepskin\data\toMax\rendered_face\m10i\m10ih3k_10_face.jpg","D:\work\secondYearMaster\thesis\reference\appeal\algorithms\preference_evaluate\deepskin\data\toMax\rendered_2max\m10i\m10ih3k_01.jpg",1148,1530
m10ih3k,m10,m10i,h3k,"D:\work\secondYearMaster\thesis\reference\appeal\algorithms\preference_evaluate\deepskin\data\toMax\rendered_face\m10i\m10ih3k_11_face.jpg","D:\work\secondYearMaster\thesis\reference\appeal\algorithms\preference_evaluate\deepskin\data\toMax\rendered_2max\m10i\m10ih3k_01.jpg",1148,1530
m10ih3k,m10,m10i,h3k,"D:\work\secondYearMaster\thesis\reference\appeal\algorithms\preference_evaluate\deepskin\data\toMax\rendered_face\m10i\m10ih3k_12_face.jpg","D:\work\secondYearMaster\thesis\reference\appeal\algorithms\preference_evaluate\deepskin\data\toMax\rendered_2max\m10i\m10ih3k_01.jpg",1148,1530
m10ih3k,m10,m10i,h3k,"D:\work\secondYearMaster\thesis\reference\appeal\algorithms\preference_evaluate\deepskin\data\toMax\rendered_face\m10i\m10ih3k_13_face.jpg","D:\work\secondYearMaster\thesis\reference\appeal\algorithms\preference_evaluate\deepskin\data\toMax\rendered_2max\m10i\m10ih3k_01.jpg",1148,1530
m10ih3k,m10,m10i,h3k,"D:\work\secondYearMaster\thesis\reference\appeal\algorithms\preference_evaluate\deepskin\data\toMax\rendered_face\m10i\m10ih3k_14_face.jpg","D:\work\secondYearMaster\thesis\reference\appeal\algorithms\preference_evaluate\deepskin\data\toMax\rendered_2max\m10i\m10ih3k_01.jpg",1148,1530
m10ih3k,m10,m10i,h3k,"D:\work\secondYearMaster\thesis\reference\appeal\algorithms\preference_evaluate\deepskin\data\toMax\rendered_face\m10i\m10ih3k_15_face.jpg","D:\work\secondYearMaster\thesis\reference\appeal\algorithms\preference_evaluate\deepskin\data\toMax\rendered_2max\m10i\m10ih3k_01.jpg",1148,1530
m10ih3k,m10,m10i,h3k,"D:\work\secondYearMaster\thesis\reference\appeal\algorithms\preference_evaluate\deepskin\data\toMax\rendered_face\m10i\m10ih3k_16_face.jpg","D:\work\secondYearMaster\thesis\reference\appeal\algorithms\preference_evaluate\deepskin\data\toMax\rendered_2max\m10i\m10ih3k_01.jpg",1148,1530
m10ih3k,m10,m10i,h3k,"D:\work\secondYearMaster\thesis\reference\appeal\algorithms\preference_evaluate\deepskin\data\toMax\rendered_face\m10i\m10ih3k_17_face.jpg","D:\work\secondYearMaster\thesis\reference\appeal\algorithms\preference_evaluate\deepskin\data\toMax\rendered_2max\m10i\m10ih3k_01.jpg",1148,1530
m10ih3k,m10,m10i,h3k,"D:\work\secondYearMaster\thesis\reference\appeal\algorithms\preference_evaluate\deepskin\data\toMax\rendered_face\m10i\m10ih3k_18_face.jpg","D:\work\secondYearMaster\thesis\reference\appeal\algorithms\preference_evaluate\deepskin\data\toMax\rendered_2max\m10i\m10ih3k_01.jpg",1148,1530
m10ih3k,m10,m10i,h3k,"D:\work\secondYearMaster\thesis\reference\appeal\algorithms\preference_evaluate\deepskin\data\toMax\rendered_face\m10i\m10ih3k_19_face.jpg","D:\work\secondYearMaster\thesis\reference\appeal\algorithms\preference_evaluate\deepskin\data\toMax\rendered_2max\m10i\m10ih3k_01.jpg",1148,1530
m10ih3k,m10,m10i,h3k,"D:\work\secondYearMaster\thesis\reference\appeal\algorithms\preference_evaluate\deepskin\data\toMax\rendered_face\m10i\m10ih3k_20_face.jpg","D:\work\secondYearMaster\thesis\reference\appeal\algorithms\preference_evaluate\deepskin\data\toMax\rendered_2max\m10i\m10ih3k_01.jpg",1148,1530
m10ih3k,m10,m10i,h3k,"D:\work\secondYearMaster\thesis\reference\appeal\algorithms\preference_evaluate\deepskin\data\toMax\rendered_face\m10i\m10ih3k_21_face.jpg","D:\work\secondYearMaster\thesis\reference\appeal\algorithms\preference_evaluate\deepskin\data\toMax\rendered_2max\m10i\m10ih3k_01.jpg",1148,1530
m10ih3k,m10,m10i,h3k,"D:\work\secondYearMaster\thesis\reference\appeal\algorithms\preference_evaluate\deepskin\data\toMax\rendered_face\m10i\m10ih3k_22_face.jpg","D:\work\secondYearMaster\thesis\reference\appeal\algorithms\preference_evaluate\deepskin\data\toMax\rendered_2max\m10i\m10ih3k_01.jpg",1148,1530
m10ih3k,m10,m10i,h3k,"D:\work\secondYearMaster\thesis\reference\appeal\algorithms\preference_evaluate\deepskin\data\toMax\rendered_face\m10i\m10ih3k_23_face.jpg","D:\work\secondYearMaster\thesis\reference\appeal\algorithms\preference_evaluate\deepskin\data\toMax\rendered_2max\m10i\m10ih3k_01.jpg",1148,1530
m10ih3k,m10,m10i,h3k,"D:\work\secondYearMaster\thesis\reference\appeal\algorithms\preference_evaluate\deepskin\data\toMax\rendered_face\m10i\m10ih3k_24_face.jpg","D:\work\secondYearMaster\thesis\reference\appeal\algorithms\preference_evaluate\deepskin\data\toMax\rendered_2max\m10i\m10ih3k_01.jpg",1148,1530
m10ih3k,m10,m10i,h3k,"D:\work\secondYearMaster\thesis\reference\appeal\algorithms\preference_evaluate\deepskin\data\toMax\rendered_face\m10i\m10ih3k_25_face.jpg","D:\work\secondYearMaster\thesis\reference\appeal\algorithms\preference_evaluate\deepskin\data\toMax\rendered_2max\m10i\m10ih3k_01.jpg",1148,1530
m10ih3k,m10,m10i,h3k,"D:\work\secondYearMaster\thesis\reference\appeal\algorithms\preference_evaluate\deepskin\data\toMax\rendered_face\m10i\m10ih3k_26_face.jpg","D:\work\secondYearMaster\thesis\reference\appeal\algorithms\preference_evaluate\deepskin\data\toMax\rendered_2max\m10i\m10ih3k_01.jpg",1148,1530
m10ih3k,m10,m10i,h3k,"D:\work\secondYearMaster\thesis\reference\appeal\algorithms\preference_evaluate\deepskin\data\toMax\rendered_face\m10i\m10ih3k_27_face.jpg","D:\work\secondYearMaster\thesis\reference\appeal\algorithms\preference_evaluate\deepskin\data\toMax\rendered_2max\m10i\m10ih3k_01.jpg",1148,1530
m10ih3k,m10,m10i,h3k,"D:\work\secondYearMaster\thesis\reference\appeal\algorithms\preference_evaluate\deepskin\data\toMax\rendered_face\m10i\m10ih3k_28_face.jpg","D:\work\secondYearMaster\thesis\reference\appeal\algorithms\preference_evaluate\deepskin\data\toMax\rendered_2max\m10i\m10ih3k_01.jpg",1148,1530
m10ih3k,m10,m10i,h3k,"D:\work\secondYearMaster\thesis\reference\appeal\algorithms\preference_evaluate\deepskin\data\toMax\rendered_face\m10i\m10ih3k_29_face.jpg","D:\work\secondYearMaster\thesis\reference\appeal\algorithms\preference_evaluate\deepskin\data\toMax\rendered_2max\m10i\m10ih3k_01.jpg",1148,1530
m10ih3k,m10,m10i,h3k,"D:\work\secondYearMaster\thesis\reference\appeal\algorithms\preference_evaluate\deepskin\data\toMax\rendered_face\m10i\m10ih3k_30_face.jpg","D:\work\secondYearMaster\thesis\reference\appeal\algorithms\preference_evaluate\deepskin\data\toMax\rendered_2max\m10i\m10ih3k_01.jpg",1148,1530
m10ih3k,m10,m10i,h3k,"D:\work\secondYearMaster\thesis\reference\appeal\algorithms\preference_evaluate\deepskin\data\toMax\rendered_face\m10i\m10ih3k_31_face.jpg","D:\work\secondYearMaster\thesis\reference\appeal\algorithms\preference_evaluate\deepskin\data\toMax\rendered_2max\m10i\m10ih3k_01.jpg",1148,1530
m10ih3k,m10,m10i,h3k,"D:\work\secondYearMaster\thesis\reference\appeal\algorithms\preference_evaluate\deepskin\data\toMax\rendered_face\m10i\m10ih3k_32_face.jpg","D:\work\secondYearMaster\thesis\reference\appeal\algorithms\preference_evaluate\deepskin\data\toMax\rendered_2max\m10i\m10ih3k_01.jpg",1148,1530
m10ih3k,m10,m10i,h3k,"D:\work\secondYearMaster\thesis\reference\appeal\algorithms\preference_evaluate\deepskin\data\toMax\rendered_face\m10i\m10ih3k_33_face.jpg","D:\work\secondYearMaster\thesis\reference\appeal\algorithms\preference_evaluate\deepskin\data\toMax\rendered_2max\m10i\m10ih3k_01.jpg",1148,1530
m10ih4k,m10,m10i,h4k,"D:\work\secondYearMaster\thesis\reference\appeal\algorithms\preference_evaluate\deepskin\data\toMax\rendered_face\m10i\m10ih4k_01_face.jpg","D:\work\secondYearMaster\thesis\reference\appeal\algorithms\preference_evaluate\deepskin\data\toMax\rendered_2max\m10i\m10ih4k_01.jpg",1148,1530
m10ih4k,m10,m10i,h4k,"D:\work\secondYearMaster\thesis\reference\appeal\algorithms\preference_evaluate\deepskin\data\toMax\rendered_face\m10i\m10ih4k_02_face.jpg","D:\work\secondYearMaster\thesis\reference\appeal\algorithms\preference_evaluate\deepskin\data\toMax\rendered_2max\m10i\m10ih4k_01.jpg",1148,1530
m10ih4k,m10,m10i,h4k,"D:\work\secondYearMaster\thesis\reference\appeal\algorithms\preference_evaluate\deepskin\data\toMax\rendered_face\m10i\m10ih4k_03_face.jpg","D:\work\secondYearMaster\thesis\reference\appeal\algorithms\preference_evaluate\deepskin\data\toMax\rendered_2max\m10i\m10ih4k_01.jpg",1148,1530
m10ih4k,m10,m10i,h4k,"D:\work\secondYearMaster\thesis\reference\appeal\algorithms\preference_evaluate\deepskin\data\toMax\rendered_face\m10i\m10ih4k_04_face.jpg","D:\work\secondYearMaster\thesis\reference\appeal\algorithms\preference_evaluate\deepskin\data\toMax\rendered_2max\m10i\m10ih4k_01.jpg",1148,1530
m10ih4k,m10,m10i,h4k,"D:\work\secondYearMaster\thesis\reference\appeal\algorithms\preference_evaluate\deepskin\data\toMax\rendered_face\m10i\m10ih4k_05_face.jpg","D:\work\secondYearMaster\thesis\reference\appeal\algorithms\preference_evaluate\deepskin\data\toMax\rendered_2max\m10i\m10ih4k_01.jpg",1148,1530
m10ih4k,m10,m10i,h4k,"D:\work\secondYearMaster\thesis\reference\appeal\algorithms\preference_evaluate\deepskin\data\toMax\rendered_face\m10i\m10ih4k_06_face.jpg","D:\work\secondYearMaster\thesis\reference\appeal\algorithms\preference_evaluate\deepskin\data\toMax\rendered_2max\m10i\m10ih4k_01.jpg",1148,1530
m10ih4k,m10,m10i,h4k,"D:\work\secondYearMaster\thesis\reference\appeal\algorithms\preference_evaluate\deepskin\data\toMax\rendered_face\m10i\m10ih4k_07_face.jpg","D:\work\secondYearMaster\thesis\reference\appeal\algorithms\preference_evaluate\deepskin\data\toMax\rendered_2max\m10i\m10ih4k_01.jpg",1148,1530
m10ih4k,m10,m10i,h4k,"D:\work\secondYearMaster\thesis\reference\appeal\algorithms\preference_evaluate\deepskin\data\toMax\rendered_face\m10i\m10ih4k_08_face.jpg","D:\work\secondYearMaster\thesis\reference\appeal\algorithms\preference_evaluate\deepskin\data\toMax\rendered_2max\m10i\m10ih4k_01.jpg",1148,1530
m10ih4k,m10,m10i,h4k,"D:\work\secondYearMaster\thesis\reference\appeal\algorithms\preference_evaluate\deepskin\data\toMax\rendered_face\m10i\m10ih4k_09_face.jpg","D:\work\secondYearMaster\thesis\reference\appeal\algorithms\preference_evaluate\deepskin\data\toMax\rendered_2max\m10i\m10ih4k_01.jpg",1148,1530
m10ih4k,m10,m10i,h4k,"D:\work\secondYearMaster\thesis\reference\appeal\algorithms\preference_evaluate\deepskin\data\toMax\rendered_face\m10i\m10ih4k_10_face.jpg","D:\work\secondYearMaster\thesis\reference\appeal\algorithms\preference_evaluate\deepskin\data\toMax\rendered_2max\m10i\m10ih4k_01.jpg",1148,1530
m10ih4k,m10,m10i,h4k,"D:\work\secondYearMaster\thesis\reference\appeal\algorithms\preference_evaluate\deepskin\data\toMax\rendered_face\m10i\m10ih4k_11_face.jpg","D:\work\secondYearMaster\thesis\reference\appeal\algorithms\preference_evaluate\deepskin\data\toMax\rendered_2max\m10i\m10ih4k_01.jpg",1148,1530
m10ih4k,m10,m10i,h4k,"D:\work\secondYearMaster\thesis\reference\appeal\algorithms\preference_evaluate\deepskin\data\toMax\rendered_face\m10i\m10ih4k_12_face.jpg","D:\work\secondYearMaster\thesis\reference\appeal\algorithms\preference_evaluate\deepskin\data\toMax\rendered_2max\m10i\m10ih4k_01.jpg",1148,1530
m10ih4k,m10,m10i,h4k,"D:\work\secondYearMaster\thesis\reference\appeal\algorithms\preference_evaluate\deepskin\data\toMax\rendered_face\m10i\m10ih4k_13_face.jpg","D:\work\secondYearMaster\thesis\reference\appeal\algorithms\preference_evaluate\deepskin\data\toMax\rendered_2max\m10i\m10ih4k_01.jpg",1148,1530
m10ih4k,m10,m10i,h4k,"D:\work\secondYearMaster\thesis\reference\appeal\algorithms\preference_evaluate\deepskin\data\toMax\rendered_face\m10i\m10ih4k_14_face.jpg","D:\work\secondYearMaster\thesis\reference\appeal\algorithms\preference_evaluate\deepskin\data\toMax\rendered_2max\m10i\m10ih4k_01.jpg",1148,1530
m10ih4k,m10,m10i,h4k,"D:\work\secondYearMaster\thesis\reference\appeal\algorithms\preference_evaluate\deepskin\data\toMax\rendered_face\m10i\m10ih4k_15_face.jpg","D:\work\secondYearMaster\thesis\reference\appeal\algorithms\preference_evaluate\deepskin\data\toMax\rendered_2max\m10i\m10ih4k_01.jpg",1148,1530
m10ih4k,m10,m10i,h4k,"D:\work\secondYearMaster\thesis\reference\appeal\algorithms\preference_evaluate\deepskin\data\toMax\rendered_face\m10i\m10ih4k_16_face.jpg","D:\work\secondYearMaster\thesis\reference\appeal\algorithms\preference_evaluate\deepskin\data\toMax\rendered_2max\m10i\m10ih4k_01.jpg",1148,1530
m10ih4k,m10,m10i,h4k,"D:\work\secondYearMaster\thesis\reference\appeal\algorithms\preference_evaluate\deepskin\data\toMax\rendered_face\m10i\m10ih4k_17_face.jpg","D:\work\secondYearMaster\thesis\reference\appeal\algorithms\preference_evaluate\deepskin\data\toMax\rendered_2max\m10i\m10ih4k_01.jpg",1148,1530
m10ih4k,m10,m10i,h4k,"D:\work\secondYearMaster\thesis\reference\appeal\algorithms\preference_evaluate\deepskin\data\toMax\rendered_face\m10i\m10ih4k_18_face.jpg","D:\work\secondYearMaster\thesis\reference\appeal\algorithms\preference_evaluate\deepskin\data\toMax\rendered_2max\m10i\m10ih4k_01.jpg",1148,1530
m10ih4k,m10,m10i,h4k,"D:\work\secondYearMaster\thesis\reference\appeal\algorithms\preference_evaluate\deepskin\data\toMax\rendered_face\m10i\m10ih4k_19_face.jpg","D:\work\secondYearMaster\thesis\reference\appeal\algorithms\preference_evaluate\deepskin\data\toMax\rendered_2max\m10i\m10ih4k_01.jpg",1148,1530
m10ih4k,m10,m10i,h4k,"D:\work\secondYearMaster\thesis\reference\appeal\algorithms\preference_evaluate\deepskin\data\toMax\rendered_face\m10i\m10ih4k_20_face.jpg","D:\work\secondYearMaster\thesis\reference\appeal\algorithms\preference_evaluate\deepskin\data\toMax\rendered_2max\m10i\m10ih4k_01.jpg",1148,1530
m10ih4k,m10,m10i,h4k,"D:\work\secondYearMaster\thesis\reference\appeal\algorithms\preference_evaluate\deepskin\data\toMax\rendered_face\m10i\m10ih4k_21_face.jpg","D:\work\secondYearMaster\thesis\reference\appeal\algorithms\preference_evaluate\deepskin\data\toMax\rendered_2max\m10i\m10ih4k_01.jpg",1148,1530
m10ih4k,m10,m10i,h4k,"D:\work\secondYearMaster\thesis\reference\appeal\algorithms\preference_evaluate\deepskin\data\toMax\rendered_face\m10i\m10ih4k_22_face.jpg","D:\work\secondYearMaster\thesis\reference\appeal\algorithms\preference_evaluate\deepskin\data\toMax\rendered_2max\m10i\m10ih4k_01.jpg",1148,1530
m10ih4k,m10,m10i,h4k,"D:\work\secondYearMaster\thesis\reference\appeal\algorithms\preference_evaluate\deepskin\data\toMax\rendered_face\m10i\m10ih4k_23_face.jpg","D:\work\secondYearMaster\thesis\reference\appeal\algorithms\preference_evaluate\deepskin\data\toMax\rendered_2max\m10i\m10ih4k_01.jpg",1148,1530
m10ih4k,m10,m10i,h4k,"D:\work\secondYearMaster\thesis\reference\appeal\algorithms\preference_evaluate\deepskin\data\toMax\rendered_face\m10i\m10ih4k_24_face.jpg","D:\work\secondYearMaster\thesis\reference\appeal\algorithms\preference_evaluate\deepskin\data\toMax\rendered_2max\m10i\m10ih4k_01.jpg",1148,1530
m10ih4k,m10,m10i,h4k,"D:\work\secondYearMaster\thesis\reference\appeal\algorithms\preference_evaluate\deepskin\data\toMax\rendered_face\m10i\m10ih4k_25_face.jpg","D:\work\secondYearMaster\thesis\reference\appeal\algorithms\preference_evaluate\deepskin\data\toMax\rendered_2max\m10i\m10ih4k_01.jpg",1148,1530
m10ih4k,m10,m10i,h4k,"D:\work\secondYearMaster\thesis\reference\appeal\algorithms\preference_evaluate\deepskin\data\toMax\rendered_face\m10i\m10ih4k_26_face.jpg","D:\work\secondYearMaster\thesis\reference\appeal\algorithms\preference_evaluate\deepskin\data\toMax\rendered_2max\m10i\m10ih4k_01.jpg",1148,1530
m10ih4k,m10,m10i,h4k,"D:\work\secondYearMaster\thesis\reference\appeal\algorithms\preference_evaluate\deepskin\data\toMax\rendered_face\m10i\m10ih4k_27_face.jpg","D:\work\secondYearMaster\thesis\reference\appeal\algorithms\preference_evaluate\deepskin\data\toMax\rendered_2max\m10i\m10ih4k_01.jpg",1148,1530
m10ih4k,m10,m10i,h4k,"D:\work\secondYearMaster\thesis\reference\appeal\algorithms\preference_evaluate\deepskin\data\toMax\rendered_face\m10i\m10ih4k_28_face.jpg","D:\work\secondYearMaster\thesis\reference\appeal\algorithms\preference_evaluate\deepskin\data\toMax\rendered_2max\m10i\m10ih4k_01.jpg",1148,1530
m10ih4k,m10,m10i,h4k,"D:\work\secondYearMaster\thesis\reference\appeal\algorithms\preference_evaluate\deepskin\data\toMax\rendered_face\m10i\m10ih4k_29_face.jpg","D:\work\secondYearMaster\thesis\reference\appeal\algorithms\preference_evaluate\deepskin\data\toMax\rendered_2max\m10i\m10ih4k_01.jpg",1148,1530
m10ih4k,m10,m10i,h4k,"D:\work\secondYearMaster\thesis\reference\appeal\algorithms\preference_evaluate\deepskin\data\toMax\rendered_face\m10i\m10ih4k_30_face.jpg","D:\work\secondYearMaster\thesis\reference\appeal\algorithms\preference_evaluate\deepskin\data\toMax\rendered_2max\m10i\m10ih4k_01.jpg",1148,1530
m10ih4k,m10,m10i,h4k,"D:\work\secondYearMaster\thesis\reference\appeal\algorithms\preference_evaluate\deepskin\data\toMax\rendered_face\m10i\m10ih4k_31_face.jpg","D:\work\secondYearMaster\thesis\reference\appeal\algorithms\preference_evaluate\deepskin\data\toMax\rendered_2max\m10i\m10ih4k_01.jpg",1148,1530
m10ih4k,m10,m10i,h4k,"D:\work\secondYearMaster\thesis\reference\appeal\algorithms\preference_evaluate\deepskin\data\toMax\rendered_face\m10i\m10ih4k_32_face.jpg","D:\work\secondYearMaster\thesis\reference\appeal\algorithms\preference_evaluate\deepskin\data\toMax\rendered_2max\m10i\m10ih4k_01.jpg",1148,1530
m10ih4k,m10,m10i,h4k,"D:\work\secondYearMaster\thesis\reference\appeal\algorithms\preference_evaluate\deepskin\data\toMax\rendered_face\m10i\m10ih4k_33_face.jpg","D:\work\secondYearMaster\thesis\reference\appeal\algorithms\preference_evaluate\deepskin\data\toMax\rendered_2max\m10i\m10ih4k_01.jpg",1148,1530
m10ih5k,m10,m10i,h5k,"D:\work\secondYearMaster\thesis\reference\appeal\algorithms\preference_evaluate\deepskin\data\toMax\rendered_face\m10i\m10ih5k_01_face.jpg","D:\work\secondYearMaster\thesis\reference\appeal\algorithms\preference_evaluate\deepskin\data\toMax\rendered_2max\m10i\m10ih5k_01.jpg",1148,1530
m10ih5k,m10,m10i,h5k,"D:\work\secondYearMaster\thesis\reference\appeal\algorithms\preference_evaluate\deepskin\data\toMax\rendered_face\m10i\m10ih5k_02_face.jpg","D:\work\secondYearMaster\thesis\reference\appeal\algorithms\preference_evaluate\deepskin\data\toMax\rendered_2max\m10i\m10ih5k_01.jpg",1148,1530
m10ih5k,m10,m10i,h5k,"D:\work\secondYearMaster\thesis\reference\appeal\algorithms\preference_evaluate\deepskin\data\toMax\rendered_face\m10i\m10ih5k_03_face.jpg","D:\work\secondYearMaster\thesis\reference\appeal\algorithms\preference_evaluate\deepskin\data\toMax\rendered_2max\m10i\m10ih5k_01.jpg",1148,1530
m10ih5k,m10,m10i,h5k,"D:\work\secondYearMaster\thesis\reference\appeal\algorithms\preference_evaluate\deepskin\data\toMax\rendered_face\m10i\m10ih5k_04_face.jpg","D:\work\secondYearMaster\thesis\reference\appeal\algorithms\preference_evaluate\deepskin\data\toMax\rendered_2max\m10i\m10ih5k_01.jpg",1148,1530
m10ih5k,m10,m10i,h5k,"D:\work\secondYearMaster\thesis\reference\appeal\algorithms\preference_evaluate\deepskin\data\toMax\rendered_face\m10i\m10ih5k_05_face.jpg","D:\work\secondYearMaster\thesis\reference\appeal\algorithms\preference_evaluate\deepskin\data\toMax\rendered_2max\m10i\m10ih5k_01.jpg",1148,1530
m10ih5k,m10,m10i,h5k,"D:\work\secondYearMaster\thesis\reference\appeal\algorithms\preference_evaluate\deepskin\data\toMax\rendered_face\m10i\m10ih5k_06_face.jpg","D:\work\secondYearMaster\thesis\reference\appeal\algorithms\preference_evaluate\deepskin\data\toMax\rendered_2max\m10i\m10ih5k_01.jpg",1148,1530
m10ih5k,m10,m10i,h5k,"D:\work\secondYearMaster\thesis\reference\appeal\algorithms\preference_evaluate\deepskin\data\toMax\rendered_face\m10i\m10ih5k_07_face.jpg","D:\work\secondYearMaster\thesis\reference\appeal\algorithms\preference_evaluate\deepskin\data\toMax\rendered_2max\m10i\m10ih5k_01.jpg",1148,1530
m10ih5k,m10,m10i,h5k,"D:\work\secondYearMaster\thesis\reference\appeal\algorithms\preference_evaluate\deepskin\data\toMax\rendered_face\m10i\m10ih5k_08_face.jpg","D:\work\secondYearMaster\thesis\reference\appeal\algorithms\preference_evaluate\deepskin\data\toMax\rendered_2max\m10i\m10ih5k_01.jpg",1148,1530
m10ih5k,m10,m10i,h5k,"D:\work\secondYearMaster\thesis\reference\appeal\algorithms\preference_evaluate\deepskin\data\toMax\rendered_face\m10i\m10ih5k_09_face.jpg","D:\work\secondYearMaster\thesis\reference\appeal\algorithms\preference_evaluate\deepskin\data\toMax\rendered_2max\m10i\m10ih5k_01.jpg",1148,1530
m10ih5k,m10,m10i,h5k,"D:\work\secondYearMaster\thesis\reference\appeal\algorithms\preference_evaluate\deepskin\data\toMax\rendered_face\m10i\m10ih5k_10_face.jpg","D:\work\secondYearMaster\thesis\reference\appeal\algorithms\preference_evaluate\deepskin\data\toMax\rendered_2max\m10i\m10ih5k_01.jpg",1148,1530
m10ih5k,m10,m10i,h5k,"D:\work\secondYearMaster\thesis\reference\appeal\algorithms\preference_evaluate\deepskin\data\toMax\rendered_face\m10i\m10ih5k_11_face.jpg","D:\work\secondYearMaster\thesis\reference\appeal\algorithms\preference_evaluate\deepskin\data\toMax\rendered_2max\m10i\m10ih5k_01.jpg",1148,1530
m10ih5k,m10,m10i,h5k,"D:\work\secondYearMaster\thesis\reference\appeal\algorithms\preference_evaluate\deepskin\data\toMax\rendered_face\m10i\m10ih5k_12_face.jpg","D:\work\secondYearMaster\thesis\reference\appeal\algorithms\preference_evaluate\deepskin\data\toMax\rendered_2max\m10i\m10ih5k_01.jpg",1148,1530
m10ih5k,m10,m10i,h5k,"D:\work\secondYearMaster\thesis\reference\appeal\algorithms\preference_evaluate\deepskin\data\toMax\rendered_face\m10i\m10ih5k_13_face.jpg","D:\work\secondYearMaster\thesis\reference\appeal\algorithms\preference_evaluate\deepskin\data\toMax\rendered_2max\m10i\m10ih5k_01.jpg",1148,1530
m10ih5k,m10,m10i,h5k,"D:\work\secondYearMaster\thesis\reference\appeal\algorithms\preference_evaluate\deepskin\data\toMax\rendered_face\m10i\m10ih5k_14_face.jpg","D:\work\secondYearMaster\thesis\reference\appeal\algorithms\preference_evaluate\deepskin\data\toMax\rendered_2max\m10i\m10ih5k_01.jpg",1148,1530
m10ih5k,m10,m10i,h5k,"D:\work\secondYearMaster\thesis\reference\appeal\algorithms\preference_evaluate\deepskin\data\toMax\rendered_face\m10i\m10ih5k_15_face.jpg","D:\work\secondYearMaster\thesis\reference\appeal\algorithms\preference_evaluate\deepskin\data\toMax\rendered_2max\m10i\m10ih5k_01.jpg",1148,1530
m10ih5k,m10,m10i,h5k,"D:\work\secondYearMaster\thesis\reference\appeal\algorithms\preference_evaluate\deepskin\data\toMax\rendered_face\m10i\m10ih5k_16_face.jpg","D:\work\secondYearMaster\thesis\reference\appeal\algorithms\preference_evaluate\deepskin\data\toMax\rendered_2max\m10i\m10ih5k_01.jpg",1148,1530
m10ih5k,m10,m10i,h5k,"D:\work\secondYearMaster\thesis\reference\appeal\algorithms\preference_evaluate\deepskin\data\toMax\rendered_face\m10i\m10ih5k_17_face.jpg","D:\work\secondYearMaster\thesis\reference\appeal\algorithms\preference_evaluate\deepskin\data\toMax\rendered_2max\m10i\m10ih5k_01.jpg",1148,1530
m10ih5k,m10,m10i,h5k,"D:\work\secondYearMaster\thesis\reference\appeal\algorithms\preference_evaluate\deepskin\data\toMax\rendered_face\m10i\m10ih5k_18_face.jpg","D:\work\secondYearMaster\thesis\reference\appeal\algorithms\preference_evaluate\deepskin\data\toMax\rendered_2max\m10i\m10ih5k_01.jpg",1148,1530
m10ih5k,m10,m10i,h5k,"D:\work\secondYearMaster\thesis\reference\appeal\algorithms\preference_evaluate\deepskin\data\toMax\rendered_face\m10i\m10ih5k_19_face.jpg","D:\work\secondYearMaster\thesis\reference\appeal\algorithms\preference_evaluate\deepskin\data\toMax\rendered_2max\m10i\m10ih5k_01.jpg",1148,1530
m10ih5k,m10,m10i,h5k,"D:\work\secondYearMaster\thesis\reference\appeal\algorithms\preference_evaluate\deepskin\data\toMax\rendered_face\m10i\m10ih5k_20_face.jpg","D:\work\secondYearMaster\thesis\reference\appeal\algorithms\preference_evaluate\deepskin\data\toMax\rendered_2max\m10i\m10ih5k_01.jpg",1148,1530
m10ih5k,m10,m10i,h5k,"D:\work\secondYearMaster\thesis\reference\appeal\algorithms\preference_evaluate\deepskin\data\toMax\rendered_face\m10i\m10ih5k_21_face.jpg","D:\work\secondYearMaster\thesis\reference\appeal\algorithms\preference_evaluate\deepskin\data\toMax\rendered_2max\m10i\m10ih5k_01.jpg",1148,1530
m10ih5k,m10,m10i,h5k,"D:\work\secondYearMaster\thesis\reference\appeal\algorithms\preference_evaluate\deepskin\data\toMax\rendered_face\m10i\m10ih5k_22_face.jpg","D:\work\secondYearMaster\thesis\reference\appeal\algorithms\preference_evaluate\deepskin\data\toMax\rendered_2max\m10i\m10ih5k_01.jpg",1148,1530
m10ih5k,m10,m10i,h5k,"D:\work\secondYearMaster\thesis\reference\appeal\algorithms\preference_evaluate\deepskin\data\toMax\rendered_face\m10i\m10ih5k_23_face.jpg","D:\work\secondYearMaster\thesis\reference\appeal\algorithms\preference_evaluate\deepskin\data\toMax\rendered_2max\m10i\m10ih5k_01.jpg",1148,1530
m10ih5k,m10,m10i,h5k,"D:\work\secondYearMaster\thesis\reference\appeal\algorithms\preference_evaluate\deepskin\data\toMax\rendered_face\m10i\m10ih5k_24_face.jpg","D:\work\secondYearMaster\thesis\reference\appeal\algorithms\preference_evaluate\deepskin\data\toMax\rendered_2max\m10i\m10ih5k_01.jpg",1148,1530
m10ih5k,m10,m10i,h5k,"D:\work\secondYearMaster\thesis\reference\appeal\algorithms\preference_evaluate\deepskin\data\toMax\rendered_face\m10i\m10ih5k_25_face.jpg","D:\work\secondYearMaster\thesis\reference\appeal\algorithms\preference_evaluate\deepskin\data\toMax\rendered_2max\m10i\m10ih5k_01.jpg",1148,1530
m10ih5k,m10,m10i,h5k,"D:\work\secondYearMaster\thesis\reference\appeal\algorithms\preference_evaluate\deepskin\data\toMax\rendered_face\m10i\m10ih5k_26_face.jpg","D:\work\secondYearMaster\thesis\reference\appeal\algorithms\preference_evaluate\deepskin\data\toMax\rendered_2max\m10i\m10ih5k_01.jpg",1148,1530
m10ih5k,m10,m10i,h5k,"D:\work\secondYearMaster\thesis\reference\appeal\algorithms\preference_evaluate\deepskin\data\toMax\rendered_face\m10i\m10ih5k_27_face.jpg","D:\work\secondYearMaster\thesis\reference\appeal\algorithms\preference_evaluate\deepskin\data\toMax\rendered_2max\m10i\m10ih5k_01.jpg",1148,1530
m10ih5k,m10,m10i,h5k,"D:\work\secondYearMaster\thesis\reference\appeal\algorithms\preference_evaluate\deepskin\data\toMax\rendered_face\m10i\m10ih5k_28_face.jpg","D:\work\secondYearMaster\thesis\reference\appeal\algorithms\preference_evaluate\deepskin\data\toMax\rendered_2max\m10i\m10ih5k_01.jpg",1148,1530
m10ih5k,m10,m10i,h5k,"D:\work\secondYearMaster\thesis\reference\appeal\algorithms\preference_evaluate\deepskin\data\toMax\rendered_face\m10i\m10ih5k_29_face.jpg","D:\work\secondYearMaster\thesis\reference\appeal\algorithms\preference_evaluate\deepskin\data\toMax\rendered_2max\m10i\m10ih5k_01.jpg",1148,1530
m10ih5k,m10,m10i,h5k,"D:\work\secondYearMaster\thesis\reference\appeal\algorithms\preference_evaluate\deepskin\data\toMax\rendered_face\m10i\m10ih5k_30_face.jpg","D:\work\secondYearMaster\thesis\reference\appeal\algorithms\preference_evaluate\deepskin\data\toMax\rendered_2max\m10i\m10ih5k_01.jpg",1148,1530
m10ih5k,m10,m10i,h5k,"D:\work\secondYearMaster\thesis\reference\appeal\algorithms\preference_evaluate\deepskin\data\toMax\rendered_face\m10i\m10ih5k_31_face.jpg","D:\work\secondYearMaster\thesis\reference\appeal\algorithms\preference_evaluate\deepskin\data\toMax\rendered_2max\m10i\m10ih5k_01.jpg",1148,1530
m10ih5k,m10,m10i,h5k,"D:\work\secondYearMaster\thesis\reference\appeal\algorithms\preference_evaluate\deepskin\data\toMax\rendered_face\m10i\m10ih5k_32_face.jpg","D:\work\secondYearMaster\thesis\reference\appeal\algorithms\preference_evaluate\deepskin\data\toMax\rendered_2max\m10i\m10ih5k_01.jpg",1148,1530
m10ih5k,m10,m10i,h5k,"D:\work\secondYearMaster\thesis\reference\appeal\algorithms\preference_evaluate\deepskin\data\toMax\rendered_face\m10i\m10ih5k_33_face.jpg","D:\work\secondYearMaster\thesis\reference\appeal\algorithms\preference_evaluate\deepskin\data\toMax\rendered_2max\m10i\m10ih5k_01.jpg",1148,1530
m10ih6k,m10,m10i,h6k,"D:\work\secondYearMaster\thesis\reference\appeal\algorithms\preference_evaluate\deepskin\data\toMax\rendered_face\m10i\m10ih6k_01_face.jpg","D:\work\secondYearMaster\thesis\reference\appeal\algorithms\preference_evaluate\deepskin\data\toMax\rendered_2max\m10i\m10ih6k_01.jpg",1148,1530
m10ih6k,m10,m10i,h6k,"D:\work\secondYearMaster\thesis\reference\appeal\algorithms\preference_evaluate\deepskin\data\toMax\rendered_face\m10i\m10ih6k_02_face.jpg","D:\work\secondYearMaster\thesis\reference\appeal\algorithms\preference_evaluate\deepskin\data\toMax\rendered_2max\m10i\m10ih6k_01.jpg",1148,1530
m10ih6k,m10,m10i,h6k,"D:\work\secondYearMaster\thesis\reference\appeal\algorithms\preference_evaluate\deepskin\data\toMax\rendered_face\m10i\m10ih6k_03_face.jpg","D:\work\secondYearMaster\thesis\reference\appeal\algorithms\preference_evaluate\deepskin\data\toMax\rendered_2max\m10i\m10ih6k_01.jpg",1148,1530
m10ih6k,m10,m10i,h6k,"D:\work\secondYearMaster\thesis\reference\appeal\algorithms\preference_evaluate\deepskin\data\toMax\rendered_face\m10i\m10ih6k_04_face.jpg","D:\work\secondYearMaster\thesis\reference\appeal\algorithms\preference_evaluate\deepskin\data\toMax\rendered_2max\m10i\m10ih6k_01.jpg",1148,1530
m10ih6k,m10,m10i,h6k,"D:\work\secondYearMaster\thesis\reference\appeal\algorithms\preference_evaluate\deepskin\data\toMax\rendered_face\m10i\m10ih6k_05_face.jpg","D:\work\secondYearMaster\thesis\reference\appeal\algorithms\preference_evaluate\deepskin\data\toMax\rendered_2max\m10i\m10ih6k_01.jpg",1148,1530
m10ih6k,m10,m10i,h6k,"D:\work\secondYearMaster\thesis\reference\appeal\algorithms\preference_evaluate\deepskin\data\toMax\rendered_face\m10i\m10ih6k_06_face.jpg","D:\work\secondYearMaster\thesis\reference\appeal\algorithms\preference_evaluate\deepskin\data\toMax\rendered_2max\m10i\m10ih6k_01.jpg",1148,1530
m10ih6k,m10,m10i,h6k,"D:\work\secondYearMaster\thesis\reference\appeal\algorithms\preference_evaluate\deepskin\data\toMax\rendered_face\m10i\m10ih6k_07_face.jpg","D:\work\secondYearMaster\thesis\reference\appeal\algorithms\preference_evaluate\deepskin\data\toMax\rendered_2max\m10i\m10ih6k_01.jpg",1148,1530
m10ih6k,m10,m10i,h6k,"D:\work\secondYearMaster\thesis\reference\appeal\algorithms\preference_evaluate\deepskin\data\toMax\rendered_face\m10i\m10ih6k_08_face.jpg","D:\work\secondYearMaster\thesis\reference\appeal\algorithms\preference_evaluate\deepskin\data\toMax\rendered_2max\m10i\m10ih6k_01.jpg",1148,1530
m10ih6k,m10,m10i,h6k,"D:\work\secondYearMaster\thesis\reference\appeal\algorithms\preference_evaluate\deepskin\data\toMax\rendered_face\m10i\m10ih6k_09_face.jpg","D:\work\secondYearMaster\thesis\reference\appeal\algorithms\preference_evaluate\deepskin\data\toMax\rendered_2max\m10i\m10ih6k_01.jpg",1148,1530
m10ih6k,m10,m10i,h6k,"D:\work\secondYearMaster\thesis\reference\appeal\algorithms\preference_evaluate\deepskin\data\toMax\rendered_face\m10i\m10ih6k_10_face.jpg","D:\work\secondYearMaster\thesis\reference\appeal\algorithms\preference_evaluate\deepskin\data\toMax\rendered_2max\m10i\m10ih6k_01.jpg",1148,1530
m10ih6k,m10,m10i,h6k,"D:\work\secondYearMaster\thesis\reference\appeal\algorithms\preference_evaluate\deepskin\data\toMax\rendered_face\m10i\m10ih6k_11_face.jpg","D:\work\secondYearMaster\thesis\reference\appeal\algorithms\preference_evaluate\deepskin\data\toMax\rendered_2max\m10i\m10ih6k_01.jpg",1148,1530
m10ih6k,m10,m10i,h6k,"D:\work\secondYearMaster\thesis\reference\appeal\algorithms\preference_evaluate\deepskin\data\toMax\rendered_face\m10i\m10ih6k_12_face.jpg","D:\work\secondYearMaster\thesis\reference\appeal\algorithms\preference_evaluate\deepskin\data\toMax\rendered_2max\m10i\m10ih6k_01.jpg",1148,1530
m10ih6k,m10,m10i,h6k,"D:\work\secondYearMaster\thesis\reference\appeal\algorithms\preference_evaluate\deepskin\data\toMax\rendered_face\m10i\m10ih6k_13_face.jpg","D:\work\secondYearMaster\thesis\reference\appeal\algorithms\preference_evaluate\deepskin\data\toMax\rendered_2max\m10i\m10ih6k_01.jpg",1148,1530
m10ih6k,m10,m10i,h6k,"D:\work\secondYearMaster\thesis\reference\appeal\algorithms\preference_evaluate\deepskin\data\toMax\rendered_face\m10i\m10ih6k_14_face.jpg","D:\work\secondYearMaster\thesis\reference\appeal\algorithms\preference_evaluate\deepskin\data\toMax\rendered_2max\m10i\m10ih6k_01.jpg",1148,1530
m10ih6k,m10,m10i,h6k,"D:\work\secondYearMaster\thesis\reference\appeal\algorithms\preference_evaluate\deepskin\data\toMax\rendered_face\m10i\m10ih6k_15_face.jpg","D:\work\secondYearMaster\thesis\reference\appeal\algorithms\preference_evaluate\deepskin\data\toMax\rendered_2max\m10i\m10ih6k_01.jpg",1148,1530
m10ih6k,m10,m10i,h6k,"D:\work\secondYearMaster\thesis\reference\appeal\algorithms\preference_evaluate\deepskin\data\toMax\rendered_face\m10i\m10ih6k_16_face.jpg","D:\work\secondYearMaster\thesis\reference\appeal\algorithms\preference_evaluate\deepskin\data\toMax\rendered_2max\m10i\m10ih6k_01.jpg",1148,1530
m10ih6k,m10,m10i,h6k,"D:\work\secondYearMaster\thesis\reference\appeal\algorithms\preference_evaluate\deepskin\data\toMax\rendered_face\m10i\m10ih6k_17_face.jpg","D:\work\secondYearMaster\thesis\reference\appeal\algorithms\preference_evaluate\deepskin\data\toMax\rendered_2max\m10i\m10ih6k_01.jpg",1148,1530
m10ih6k,m10,m10i,h6k,"D:\work\secondYearMaster\thesis\reference\appeal\algorithms\preference_evaluate\deepskin\data\toMax\rendered_face\m10i\m10ih6k_18_face.jpg","D:\work\secondYearMaster\thesis\reference\appeal\algorithms\preference_evaluate\deepskin\data\toMax\rendered_2max\m10i\m10ih6k_01.jpg",1148,1530
m10ih6k,m10,m10i,h6k,"D:\work\secondYearMaster\thesis\reference\appeal\algorithms\preference_evaluate\deepskin\data\toMax\rendered_face\m10i\m10ih6k_19_face.jpg","D:\work\secondYearMaster\thesis\reference\appeal\algorithms\preference_evaluate\deepskin\data\toMax\rendered_2max\m10i\m10ih6k_01.jpg",1148,1530
m10ih6k,m10,m10i,h6k,"D:\work\secondYearMaster\thesis\reference\appeal\algorithms\preference_evaluate\deepskin\data\toMax\rendered_face\m10i\m10ih6k_20_face.jpg","D:\work\secondYearMaster\thesis\reference\appeal\algorithms\preference_evaluate\deepskin\data\toMax\rendered_2max\m10i\m10ih6k_01.jpg",1148,1530
m10ih6k,m10,m10i,h6k,"D:\work\secondYearMaster\thesis\reference\appeal\algorithms\preference_evaluate\deepskin\data\toMax\rendered_face\m10i\m10ih6k_21_face.jpg","D:\work\secondYearMaster\thesis\reference\appeal\algorithms\preference_evaluate\deepskin\data\toMax\rendered_2max\m10i\m10ih6k_01.jpg",1148,1530
m10ih6k,m10,m10i,h6k,"D:\work\secondYearMaster\thesis\reference\appeal\algorithms\preference_evaluate\deepskin\data\toMax\rendered_face\m10i\m10ih6k_22_face.jpg","D:\work\secondYearMaster\thesis\reference\appeal\algorithms\preference_evaluate\deepskin\data\toMax\rendered_2max\m10i\m10ih6k_01.jpg",1148,1530
m10ih6k,m10,m10i,h6k,"D:\work\secondYearMaster\thesis\reference\appeal\algorithms\preference_evaluate\deepskin\data\toMax\rendered_face\m10i\m10ih6k_23_face.jpg","D:\work\secondYearMaster\thesis\reference\appeal\algorithms\preference_evaluate\deepskin\data\toMax\rendered_2max\m10i\m10ih6k_01.jpg",1148,1530
m10ih6k,m10,m10i,h6k,"D:\work\secondYearMaster\thesis\reference\appeal\algorithms\preference_evaluate\deepskin\data\toMax\rendered_face\m10i\m10ih6k_24_face.jpg","D:\work\secondYearMaster\thesis\reference\appeal\algorithms\preference_evaluate\deepskin\data\toMax\rendered_2max\m10i\m10ih6k_01.jpg",1148,1530
m10ih6k,m10,m10i,h6k,"D:\work\secondYearMaster\thesis\reference\appeal\algorithms\preference_evaluate\deepskin\data\toMax\rendered_face\m10i\m10ih6k_25_face.jpg","D:\work\secondYearMaster\thesis\reference\appeal\algorithms\preference_evaluate\deepskin\data\toMax\rendered_2max\m10i\m10ih6k_01.jpg",1148,1530
m10ih6k,m10,m10i,h6k,"D:\work\secondYearMaster\thesis\reference\appeal\algorithms\preference_evaluate\deepskin\data\toMax\rendered_face\m10i\m10ih6k_26_face.jpg","D:\work\secondYearMaster\thesis\reference\appeal\algorithms\preference_evaluate\deepskin\data\toMax\rendered_2max\m10i\m10ih6k_01.jpg",1148,1530
m10ih6k,m10,m10i,h6k,"D:\work\secondYearMaster\thesis\reference\appeal\algorithms\preference_evaluate\deepskin\data\toMax\rendered_face\m10i\m10ih6k_27_face.jpg","D:\work\secondYearMaster\thesis\reference\appeal\algorithms\preference_evaluate\deepskin\data\toMax\rendered_2max\m10i\m10ih6k_01.jpg",1148,1530
m10ih6k,m10,m10i,h6k,"D:\work\secondYearMaster\thesis\reference\appeal\algorithms\preference_evaluate\deepskin\data\toMax\rendered_face\m10i\m10ih6k_28_face.jpg","D:\work\secondYearMaster\thesis\reference\appeal\algorithms\preference_evaluate\deepskin\data\toMax\rendered_2max\m10i\m10ih6k_01.jpg",1148,1530
m10ih6k,m10,m10i,h6k,"D:\work\secondYearMaster\thesis\reference\appeal\algorithms\preference_evaluate\deepskin\data\toMax\rendered_face\m10i\m10ih6k_29_face.jpg","D:\work\secondYearMaster\thesis\reference\appeal\algorithms\preference_evaluate\deepskin\data\toMax\rendered_2max\m10i\m10ih6k_01.jpg",1148,1530
m10ih6k,m10,m10i,h6k,"D:\work\secondYearMaster\thesis\reference\appeal\algorithms\preference_evaluate\deepskin\data\toMax\rendered_face\m10i\m10ih6k_30_face.jpg","D:\work\secondYearMaster\thesis\reference\appeal\algorithms\preference_evaluate\deepskin\data\toMax\rendered_2max\m10i\m10ih6k_01.jpg",1148,1530
m10ih6k,m10,m10i,h6k,"D:\work\secondYearMaster\thesis\reference\appeal\algorithms\preference_evaluate\deepskin\data\toMax\rendered_face\m10i\m10ih6k_31_face.jpg","D:\work\secondYearMaster\thesis\reference\appeal\algorithms\preference_evaluate\deepskin\data\toMax\rendered_2max\m10i\m10ih6k_01.jpg",1148,1530
m10ih6k,m10,m10i,h6k,"D:\work\secondYearMaster\thesis\reference\appeal\algorithms\preference_evaluate\deepskin\data\toMax\rendered_face\m10i\m10ih6k_32_face.jpg","D:\work\secondYearMaster\thesis\reference\appeal\algorithms\preference_evaluate\deepskin\data\toMax\rendered_2max\m10i\m10ih6k_01.jpg",1148,1530
m10ih6k,m10,m10i,h6k,"D:\work\secondYearMaster\thesis\reference\appeal\algorithms\preference_evaluate\deepskin\data\toMax\rendered_face\m10i\m10ih6k_33_face.jpg","D:\work\secondYearMaster\thesis\reference\appeal\algorithms\preference_evaluate\deepskin\data\toMax\rendered_2max\m10i\m10ih6k_01.jpg",1148,1530
m10ih7k,m10,m10i,h7k,"D:\work\secondYearMaster\thesis\reference\appeal\algorithms\preference_evaluate\deepskin\data\toMax\rendered_face\m10i\m10ih7k_01_face.jpg","D:\work\secondYearMaster\thesis\reference\appeal\algorithms\preference_evaluate\deepskin\data\toMax\rendered_2max\m10i\m10ih7k_01.jpg",1148,1530
m10ih7k,m10,m10i,h7k,"D:\work\secondYearMaster\thesis\reference\appeal\algorithms\preference_evaluate\deepskin\data\toMax\rendered_face\m10i\m10ih7k_02_face.jpg","D:\work\secondYearMaster\thesis\reference\appeal\algorithms\preference_evaluate\deepskin\data\toMax\rendered_2max\m10i\m10ih7k_01.jpg",1148,1530
m10ih7k,m10,m10i,h7k,"D:\work\secondYearMaster\thesis\reference\appeal\algorithms\preference_evaluate\deepskin\data\toMax\rendered_face\m10i\m10ih7k_03_face.jpg","D:\work\secondYearMaster\thesis\reference\appeal\algorithms\preference_evaluate\deepskin\data\toMax\rendered_2max\m10i\m10ih7k_01.jpg",1148,1530
m10ih7k,m10,m10i,h7k,"D:\work\secondYearMaster\thesis\reference\appeal\algorithms\preference_evaluate\deepskin\data\toMax\rendered_face\m10i\m10ih7k_04_face.jpg","D:\work\secondYearMaster\thesis\reference\appeal\algorithms\preference_evaluate\deepskin\data\toMax\rendered_2max\m10i\m10ih7k_01.jpg",1148,1530
m10ih7k,m10,m10i,h7k,"D:\work\secondYearMaster\thesis\reference\appeal\algorithms\preference_evaluate\deepskin\data\toMax\rendered_face\m10i\m10ih7k_05_face.jpg","D:\work\secondYearMaster\thesis\reference\appeal\algorithms\preference_evaluate\deepskin\data\toMax\rendered_2max\m10i\m10ih7k_01.jpg",1148,1530
m10ih7k,m10,m10i,h7k,"D:\work\secondYearMaster\thesis\reference\appeal\algorithms\preference_evaluate\deepskin\data\toMax\rendered_face\m10i\m10ih7k_06_face.jpg","D:\work\secondYearMaster\thesis\reference\appeal\algorithms\preference_evaluate\deepskin\data\toMax\rendered_2max\m10i\m10ih7k_01.jpg",1148,1530
m10ih7k,m10,m10i,h7k,"D:\work\secondYearMaster\thesis\reference\appeal\algorithms\preference_evaluate\deepskin\data\toMax\rendered_face\m10i\m10ih7k_07_face.jpg","D:\work\secondYearMaster\thesis\reference\appeal\algorithms\preference_evaluate\deepskin\data\toMax\rendered_2max\m10i\m10ih7k_01.jpg",1148,1530
m10ih7k,m10,m10i,h7k,"D:\work\secondYearMaster\thesis\reference\appeal\algorithms\preference_evaluate\deepskin\data\toMax\rendered_face\m10i\m10ih7k_08_face.jpg","D:\work\secondYearMaster\thesis\reference\appeal\algorithms\preference_evaluate\deepskin\data\toMax\rendered_2max\m10i\m10ih7k_01.jpg",1148,1530
m10ih7k,m10,m10i,h7k,"D:\work\secondYearMaster\thesis\reference\appeal\algorithms\preference_evaluate\deepskin\data\toMax\rendered_face\m10i\m10ih7k_09_face.jpg","D:\work\secondYearMaster\thesis\reference\appeal\algorithms\preference_evaluate\deepskin\data\toMax\rendered_2max\m10i\m10ih7k_01.jpg",1148,1530
m10ih7k,m10,m10i,h7k,"D:\work\secondYearMaster\thesis\reference\appeal\algorithms\preference_evaluate\deepskin\data\toMax\rendered_face\m10i\m10ih7k_10_face.jpg","D:\work\secondYearMaster\thesis\reference\appeal\algorithms\preference_evaluate\deepskin\data\toMax\rendered_2max\m10i\m10ih7k_01.jpg",1148,1530
m10ih7k,m10,m10i,h7k,"D:\work\secondYearMaster\thesis\reference\appeal\algorithms\preference_evaluate\deepskin\data\toMax\rendered_face\m10i\m10ih7k_11_face.jpg","D:\work\secondYearMaster\thesis\reference\appeal\algorithms\preference_evaluate\deepskin\data\toMax\rendered_2max\m10i\m10ih7k_01.jpg",1148,1530
m10ih7k,m10,m10i,h7k,"D:\work\secondYearMaster\thesis\reference\appeal\algorithms\preference_evaluate\deepskin\data\toMax\rendered_face\m10i\m10ih7k_12_face.jpg","D:\work\secondYearMaster\thesis\reference\appeal\algorithms\preference_evaluate\deepskin\data\toMax\rendered_2max\m10i\m10ih7k_01.jpg",1148,1530
m10ih7k,m10,m10i,h7k,"D:\work\secondYearMaster\thesis\reference\appeal\algorithms\preference_evaluate\deepskin\data\toMax\rendered_face\m10i\m10ih7k_13_face.jpg","D:\work\secondYearMaster\thesis\reference\appeal\algorithms\preference_evaluate\deepskin\data\toMax\rendered_2max\m10i\m10ih7k_01.jpg",1148,1530
m10ih7k,m10,m10i,h7k,"D:\work\secondYearMaster\thesis\reference\appeal\algorithms\preference_evaluate\deepskin\data\toMax\rendered_face\m10i\m10ih7k_14_face.jpg","D:\work\secondYearMaster\thesis\reference\appeal\algorithms\preference_evaluate\deepskin\data\toMax\rendered_2max\m10i\m10ih7k_01.jpg",1148,1530
m10ih7k,m10,m10i,h7k,"D:\work\secondYearMaster\thesis\reference\appeal\algorithms\preference_evaluate\deepskin\data\toMax\rendered_face\m10i\m10ih7k_15_face.jpg","D:\work\secondYearMaster\thesis\reference\appeal\algorithms\preference_evaluate\deepskin\data\toMax\rendered_2max\m10i\m10ih7k_01.jpg",1148,1530
m10ih7k,m10,m10i,h7k,"D:\work\secondYearMaster\thesis\reference\appeal\algorithms\preference_evaluate\deepskin\data\toMax\rendered_face\m10i\m10ih7k_16_face.jpg","D:\work\secondYearMaster\thesis\reference\appeal\algorithms\preference_evaluate\deepskin\data\toMax\rendered_2max\m10i\m10ih7k_01.jpg",1148,1530
m10ih7k,m10,m10i,h7k,"D:\work\secondYearMaster\thesis\reference\appeal\algorithms\preference_evaluate\deepskin\data\toMax\rendered_face\m10i\m10ih7k_17_face.jpg","D:\work\secondYearMaster\thesis\reference\appeal\algorithms\preference_evaluate\deepskin\data\toMax\rendered_2max\m10i\m10ih7k_01.jpg",1148,1530
m10ih7k,m10,m10i,h7k,"D:\work\secondYearMaster\thesis\reference\appeal\algorithms\preference_evaluate\deepskin\data\toMax\rendered_face\m10i\m10ih7k_18_face.jpg","D:\work\secondYearMaster\thesis\reference\appeal\algorithms\preference_evaluate\deepskin\data\toMax\rendered_2max\m10i\m10ih7k_01.jpg",1148,1530
m10ih7k,m10,m10i,h7k,"D:\work\secondYearMaster\thesis\reference\appeal\algorithms\preference_evaluate\deepskin\data\toMax\rendered_face\m10i\m10ih7k_19_face.jpg","D:\work\secondYearMaster\thesis\reference\appeal\algorithms\preference_evaluate\deepskin\data\toMax\rendered_2max\m10i\m10ih7k_01.jpg",1148,1530
m10ih7k,m10,m10i,h7k,"D:\work\secondYearMaster\thesis\reference\appeal\algorithms\preference_evaluate\deepskin\data\toMax\rendered_face\m10i\m10ih7k_20_face.jpg","D:\work\secondYearMaster\thesis\reference\appeal\algorithms\preference_evaluate\deepskin\data\toMax\rendered_2max\m10i\m10ih7k_01.jpg",1148,1530
m10ih7k,m10,m10i,h7k,"D:\work\secondYearMaster\thesis\reference\appeal\algorithms\preference_evaluate\deepskin\data\toMax\rendered_face\m10i\m10ih7k_21_face.jpg","D:\work\secondYearMaster\thesis\reference\appeal\algorithms\preference_evaluate\deepskin\data\toMax\rendered_2max\m10i\m10ih7k_01.jpg",1148,1530
m10ih7k,m10,m10i,h7k,"D:\work\secondYearMaster\thesis\reference\appeal\algorithms\preference_evaluate\deepskin\data\toMax\rendered_face\m10i\m10ih7k_22_face.jpg","D:\work\secondYearMaster\thesis\reference\appeal\algorithms\preference_evaluate\deepskin\data\toMax\rendered_2max\m10i\m10ih7k_01.jpg",1148,1530
m10ih7k,m10,m10i,h7k,"D:\work\secondYearMaster\thesis\reference\appeal\algorithms\preference_evaluate\deepskin\data\toMax\rendered_face\m10i\m10ih7k_23_face.jpg","D:\work\secondYearMaster\thesis\reference\appeal\algorithms\preference_evaluate\deepskin\data\toMax\rendered_2max\m10i\m10ih7k_01.jpg",1148,1530
m10ih7k,m10,m10i,h7k,"D:\work\secondYearMaster\thesis\reference\appeal\algorithms\preference_evaluate\deepskin\data\toMax\rendered_face\m10i\m10ih7k_24_face.jpg","D:\work\secondYearMaster\thesis\reference\appeal\algorithms\preference_evaluate\deepskin\data\toMax\rendered_2max\m10i\m10ih7k_01.jpg",1148,1530
m10ih7k,m10,m10i,h7k,"D:\work\secondYearMaster\thesis\reference\appeal\algorithms\preference_evaluate\deepskin\data\toMax\rendered_face\m10i\m10ih7k_25_face.jpg","D:\work\secondYearMaster\thesis\reference\appeal\algorithms\preference_evaluate\deepskin\data\toMax\rendered_2max\m10i\m10ih7k_01.jpg",1148,1530
m10ih7k,m10,m10i,h7k,"D:\work\secondYearMaster\thesis\reference\appeal\algorithms\preference_evaluate\deepskin\data\toMax\rendered_face\m10i\m10ih7k_26_face.jpg","D:\work\secondYearMaster\thesis\reference\appeal\algorithms\preference_evaluate\deepskin\data\toMax\rendered_2max\m10i\m10ih7k_01.jpg",1148,1530
m10ih7k,m10,m10i,h7k,"D:\work\secondYearMaster\thesis\reference\appeal\algorithms\preference_evaluate\deepskin\data\toMax\rendered_face\m10i\m10ih7k_27_face.jpg","D:\work\secondYearMaster\thesis\reference\appeal\algorithms\preference_evaluate\deepskin\data\toMax\rendered_2max\m10i\m10ih7k_01.jpg",1148,1530
m10ih7k,m10,m10i,h7k,"D:\work\secondYearMaster\thesis\reference\appeal\algorithms\preference_evaluate\deepskin\data\toMax\rendered_face\m10i\m10ih7k_28_face.jpg","D:\work\secondYearMaster\thesis\reference\appeal\algorithms\preference_evaluate\deepskin\data\toMax\rendered_2max\m10i\m10ih7k_01.jpg",1148,1530
m10ih7k,m10,m10i,h7k,"D:\work\secondYearMaster\thesis\reference\appeal\algorithms\preference_evaluate\deepskin\data\toMax\rendered_face\m10i\m10ih7k_29_face.jpg","D:\work\secondYearMaster\thesis\reference\appeal\algorithms\preference_evaluate\deepskin\data\toMax\rendered_2max\m10i\m10ih7k_01.jpg",1148,1530
m10ih7k,m10,m10i,h7k,"D:\work\secondYearMaster\thesis\reference\appeal\algorithms\preference_evaluate\deepskin\data\toMax\rendered_face\m10i\m10ih7k_30_face.jpg","D:\work\secondYearMaster\thesis\reference\appeal\algorithms\preference_evaluate\deepskin\data\toMax\rendered_2max\m10i\m10ih7k_01.jpg",1148,1530
m10ih7k,m10,m10i,h7k,"D:\work\secondYearMaster\thesis\reference\appeal\algorithms\preference_evaluate\deepskin\data\toMax\rendered_face\m10i\m10ih7k_31_face.jpg","D:\work\secondYearMaster\thesis\reference\appeal\algorithms\preference_evaluate\deepskin\data\toMax\rendered_2max\m10i\m10ih7k_01.jpg",1148,1530
m10ih7k,m10,m10i,h7k,"D:\work\secondYearMaster\thesis\reference\appeal\algorithms\preference_evaluate\deepskin\data\toMax\rendered_face\m10i\m10ih7k_32_face.jpg","D:\work\secondYearMaster\thesis\reference\appeal\algorithms\preference_evaluate\deepskin\data\toMax\rendered_2max\m10i\m10ih7k_01.jpg",1148,1530
m10ih7k,m10,m10i,h7k,"D:\work\secondYearMaster\thesis\reference\appeal\algorithms\preference_evaluate\deepskin\data\toMax\rendered_face\m10i\m10ih7k_33_face.jpg","D:\work\secondYearMaster\thesis\reference\appeal\algorithms\preference_evaluate\deepskin\data\toMax\rendered_2max\m10i\m10ih7k_01.jpg",1148,1530
m10ih8k,m10,m10i,h8k,"D:\work\secondYearMaster\thesis\reference\appeal\algorithms\preference_evaluate\deepskin\data\toMax\rendered_face\m10i\m10ih8k_01_face.jpg","D:\work\secondYearMaster\thesis\reference\appeal\algorithms\preference_evaluate\deepskin\data\toMax\rendered_2max\m10i\m10ih8k_01.jpg",1148,1530
m10ih8k,m10,m10i,h8k,"D:\work\secondYearMaster\thesis\reference\appeal\algorithms\preference_evaluate\deepskin\data\toMax\rendered_face\m10i\m10ih8k_02_face.jpg","D:\work\secondYearMaster\thesis\reference\appeal\algorithms\preference_evaluate\deepskin\data\toMax\rendered_2max\m10i\m10ih8k_01.jpg",1148,1530
m10ih8k,m10,m10i,h8k,"D:\work\secondYearMaster\thesis\reference\appeal\algorithms\preference_evaluate\deepskin\data\toMax\rendered_face\m10i\m10ih8k_03_face.jpg","D:\work\secondYearMaster\thesis\reference\appeal\algorithms\preference_evaluate\deepskin\data\toMax\rendered_2max\m10i\m10ih8k_01.jpg",1148,1530
m10ih8k,m10,m10i,h8k,"D:\work\secondYearMaster\thesis\reference\appeal\algorithms\preference_evaluate\deepskin\data\toMax\rendered_face\m10i\m10ih8k_04_face.jpg","D:\work\secondYearMaster\thesis\reference\appeal\algorithms\preference_evaluate\deepskin\data\toMax\rendered_2max\m10i\m10ih8k_01.jpg",1148,1530
m10ih8k,m10,m10i,h8k,"D:\work\secondYearMaster\thesis\reference\appeal\algorithms\preference_evaluate\deepskin\data\toMax\rendered_face\m10i\m10ih8k_05_face.jpg","D:\work\secondYearMaster\thesis\reference\appeal\algorithms\preference_evaluate\deepskin\data\toMax\rendered_2max\m10i\m10ih8k_01.jpg",1148,1530
m10ih8k,m10,m10i,h8k,"D:\work\secondYearMaster\thesis\reference\appeal\algorithms\preference_evaluate\deepskin\data\toMax\rendered_face\m10i\m10ih8k_06_face.jpg","D:\work\secondYearMaster\thesis\reference\appeal\algorithms\preference_evaluate\deepskin\data\toMax\rendered_2max\m10i\m10ih8k_01.jpg",1148,1530
m10ih8k,m10,m10i,h8k,"D:\work\secondYearMaster\thesis\reference\appeal\algorithms\preference_evaluate\deepskin\data\toMax\rendered_face\m10i\m10ih8k_07_face.jpg","D:\work\secondYearMaster\thesis\reference\appeal\algorithms\preference_evaluate\deepskin\data\toMax\rendered_2max\m10i\m10ih8k_01.jpg",1148,1530
m10ih8k,m10,m10i,h8k,"D:\work\secondYearMaster\thesis\reference\appeal\algorithms\preference_evaluate\deepskin\data\toMax\rendered_face\m10i\m10ih8k_08_face.jpg","D:\work\secondYearMaster\thesis\reference\appeal\algorithms\preference_evaluate\deepskin\data\toMax\rendered_2max\m10i\m10ih8k_01.jpg",1148,1530
m10ih8k,m10,m10i,h8k,"D:\work\secondYearMaster\thesis\reference\appeal\algorithms\preference_evaluate\deepskin\data\toMax\rendered_face\m10i\m10ih8k_09_face.jpg","D:\work\secondYearMaster\thesis\reference\appeal\algorithms\preference_evaluate\deepskin\data\toMax\rendered_2max\m10i\m10ih8k_01.jpg",1148,1530
m10ih8k,m10,m10i,h8k,"D:\work\secondYearMaster\thesis\reference\appeal\algorithms\preference_evaluate\deepskin\data\toMax\rendered_face\m10i\m10ih8k_10_face.jpg","D:\work\secondYearMaster\thesis\reference\appeal\algorithms\preference_evaluate\deepskin\data\toMax\rendered_2max\m10i\m10ih8k_01.jpg",1148,1530
m10ih8k,m10,m10i,h8k,"D:\work\secondYearMaster\thesis\reference\appeal\algorithms\preference_evaluate\deepskin\data\toMax\rendered_face\m10i\m10ih8k_11_face.jpg","D:\work\secondYearMaster\thesis\reference\appeal\algorithms\preference_evaluate\deepskin\data\toMax\rendered_2max\m10i\m10ih8k_01.jpg",1148,1530
m10ih8k,m10,m10i,h8k,"D:\work\secondYearMaster\thesis\reference\appeal\algorithms\preference_evaluate\deepskin\data\toMax\rendered_face\m10i\m10ih8k_12_face.jpg","D:\work\secondYearMaster\thesis\reference\appeal\algorithms\preference_evaluate\deepskin\data\toMax\rendered_2max\m10i\m10ih8k_01.jpg",1148,1530
m10ih8k,m10,m10i,h8k,"D:\work\secondYearMaster\thesis\reference\appeal\algorithms\preference_evaluate\deepskin\data\toMax\rendered_face\m10i\m10ih8k_13_face.jpg","D:\work\secondYearMaster\thesis\reference\appeal\algorithms\preference_evaluate\deepskin\data\toMax\rendered_2max\m10i\m10ih8k_01.jpg",1148,1530
m10ih8k,m10,m10i,h8k,"D:\work\secondYearMaster\thesis\reference\appeal\algorithms\preference_evaluate\deepskin\data\toMax\rendered_face\m10i\m10ih8k_14_face.jpg","D:\work\secondYearMaster\thesis\reference\appeal\algorithms\preference_evaluate\deepskin\data\toMax\rendered_2max\m10i\m10ih8k_01.jpg",1148,1530
m10ih8k,m10,m10i,h8k,"D:\work\secondYearMaster\thesis\reference\appeal\algorithms\preference_evaluate\deepskin\data\toMax\rendered_face\m10i\m10ih8k_15_face.jpg","D:\work\secondYearMaster\thesis\reference\appeal\algorithms\preference_evaluate\deepskin\data\toMax\rendered_2max\m10i\m10ih8k_01.jpg",1148,1530
m10ih8k,m10,m10i,h8k,"D:\work\secondYearMaster\thesis\reference\appeal\algorithms\preference_evaluate\deepskin\data\toMax\rendered_face\m10i\m10ih8k_16_face.jpg","D:\work\secondYearMaster\thesis\reference\appeal\algorithms\preference_evaluate\deepskin\data\toMax\rendered_2max\m10i\m10ih8k_01.jpg",1148,1530
m10ih8k,m10,m10i,h8k,"D:\work\secondYearMaster\thesis\reference\appeal\algorithms\preference_evaluate\deepskin\data\toMax\rendered_face\m10i\m10ih8k_17_face.jpg","D:\work\secondYearMaster\thesis\reference\appeal\algorithms\preference_evaluate\deepskin\data\toMax\rendered_2max\m10i\m10ih8k_01.jpg",1148,1530
m10ih8k,m10,m10i,h8k,"D:\work\secondYearMaster\thesis\reference\appeal\algorithms\preference_evaluate\deepskin\data\toMax\rendered_face\m10i\m10ih8k_18_face.jpg","D:\work\secondYearMaster\thesis\reference\appeal\algorithms\preference_evaluate\deepskin\data\toMax\rendered_2max\m10i\m10ih8k_01.jpg",1148,1530
m10ih8k,m10,m10i,h8k,"D:\work\secondYearMaster\thesis\reference\appeal\algorithms\preference_evaluate\deepskin\data\toMax\rendered_face\m10i\m10ih8k_19_face.jpg","D:\work\secondYearMaster\thesis\reference\appeal\algorithms\preference_evaluate\deepskin\data\toMax\rendered_2max\m10i\m10ih8k_01.jpg",1148,1530
m10ih8k,m10,m10i,h8k,"D:\work\secondYearMaster\thesis\reference\appeal\algorithms\preference_evaluate\deepskin\data\toMax\rendered_face\m10i\m10ih8k_20_face.jpg","D:\work\secondYearMaster\thesis\reference\appeal\algorithms\preference_evaluate\deepskin\data\toMax\rendered_2max\m10i\m10ih8k_01.jpg",1148,1530
m10ih8k,m10,m10i,h8k,"D:\work\secondYearMaster\thesis\reference\appeal\algorithms\preference_evaluate\deepskin\data\toMax\rendered_face\m10i\m10ih8k_21_face.jpg","D:\work\secondYearMaster\thesis\reference\appeal\algorithms\preference_evaluate\deepskin\data\toMax\rendered_2max\m10i\m10ih8k_01.jpg",1148,1530
m10ih8k,m10,m10i,h8k,"D:\work\secondYearMaster\thesis\reference\appeal\algorithms\preference_evaluate\deepskin\data\toMax\rendered_face\m10i\m10ih8k_22_face.jpg","D:\work\secondYearMaster\thesis\reference\appeal\algorithms\preference_evaluate\deepskin\data\toMax\rendered_2max\m10i\m10ih8k_01.jpg",1148,1530
m10ih8k,m10,m10i,h8k,"D:\work\secondYearMaster\thesis\reference\appeal\algorithms\preference_evaluate\deepskin\data\toMax\rendered_face\m10i\m10ih8k_23_face.jpg","D:\work\secondYearMaster\thesis\reference\appeal\algorithms\preference_evaluate\deepskin\data\toMax\rendered_2max\m10i\m10ih8k_01.jpg",1148,1530
m10ih8k,m10,m10i,h8k,"D:\work\secondYearMaster\thesis\reference\appeal\algorithms\preference_evaluate\deepskin\data\toMax\rendered_face\m10i\m10ih8k_24_face.jpg","D:\work\secondYearMaster\thesis\reference\appeal\algorithms\preference_evaluate\deepskin\data\toMax\rendered_2max\m10i\m10ih8k_01.jpg",1148,1530
m10ih8k,m10,m10i,h8k,"D:\work\secondYearMaster\thesis\reference\appeal\algorithms\preference_evaluate\deepskin\data\toMax\rendered_face\m10i\m10ih8k_25_face.jpg","D:\work\secondYearMaster\thesis\reference\appeal\algorithms\preference_evaluate\deepskin\data\toMax\rendered_2max\m10i\m10ih8k_01.jpg",1148,1530
m10ih8k,m10,m10i,h8k,"D:\work\secondYearMaster\thesis\reference\appeal\algorithms\preference_evaluate\deepskin\data\toMax\rendered_face\m10i\m10ih8k_26_face.jpg","D:\work\secondYearMaster\thesis\reference\appeal\algorithms\preference_evaluate\deepskin\data\toMax\rendered_2max\m10i\m10ih8k_01.jpg",1148,1530
m10ih8k,m10,m10i,h8k,"D:\work\secondYearMaster\thesis\reference\appeal\algorithms\preference_evaluate\deepskin\data\toMax\rendered_face\m10i\m10ih8k_27_face.jpg","D:\work\secondYearMaster\thesis\reference\appeal\algorithms\preference_evaluate\deepskin\data\toMax\rendered_2max\m10i\m10ih8k_01.jpg",1148,1530
m10ih8k,m10,m10i,h8k,"D:\work\secondYearMaster\thesis\reference\appeal\algorithms\preference_evaluate\deepskin\data\toMax\rendered_face\m10i\m10ih8k_28_face.jpg","D:\work\secondYearMaster\thesis\reference\appeal\algorithms\preference_evaluate\deepskin\data\toMax\rendered_2max\m10i\m10ih8k_01.jpg",1148,1530
m10ih8k,m10,m10i,h8k,"D:\work\secondYearMaster\thesis\reference\appeal\algorithms\preference_evaluate\deepskin\data\toMax\rendered_face\m10i\m10ih8k_29_face.jpg","D:\work\secondYearMaster\thesis\reference\appeal\algorithms\preference_evaluate\deepskin\data\toMax\rendered_2max\m10i\m10ih8k_01.jpg",1148,1530
m10ih8k,m10,m10i,h8k,"D:\work\secondYearMaster\thesis\reference\appeal\algorithms\preference_evaluate\deepskin\data\toMax\rendered_face\m10i\m10ih8k_30_face.jpg","D:\work\secondYearMaster\thesis\reference\appeal\algorithms\preference_evaluate\deepskin\data\toMax\rendered_2max\m10i\m10ih8k_01.jpg",1148,1530
m10ih8k,m10,m10i,h8k,"D:\work\secondYearMaster\thesis\reference\appeal\algorithms\preference_evaluate\deepskin\data\toMax\rendered_face\m10i\m10ih8k_31_face.jpg","D:\work\secondYearMaster\thesis\reference\appeal\algorithms\preference_evaluate\deepskin\data\toMax\rendered_2max\m10i\m10ih8k_01.jpg",1148,1530
m10ih8k,m10,m10i,h8k,"D:\work\secondYearMaster\thesis\reference\appeal\algorithms\preference_evaluate\deepskin\data\toMax\rendered_face\m10i\m10ih8k_32_face.jpg","D:\work\secondYearMaster\thesis\reference\appeal\algorithms\preference_evaluate\deepskin\data\toMax\rendered_2max\m10i\m10ih8k_01.jpg",1148,1530
m10ih8k,m10,m10i,h8k,"D:\work\secondYearMaster\thesis\reference\appeal\algorithms\preference_evaluate\deepskin\data\toMax\rendered_face\m10i\m10ih8k_33_face.jpg","D:\work\secondYearMaster\thesis\reference\appeal\algorithms\preference_evaluate\deepskin\data\toMax\rendered_2max\m10i\m10ih8k_01.jpg",1148,1530
m10ihd65,m10,m10i,hd65,"D:\work\secondYearMaster\thesis\reference\appeal\algorithms\preference_evaluate\deepskin\data\toMax\rendered_face\m10i\m10ihd65_01_face.jpg","D:\work\secondYearMaster\thesis\reference\appeal\algorithms\preference_evaluate\deepskin\data\toMax\rendered_2max\m10i\m10ihd65_01.jpg",1148,1530
m10ihd65,m10,m10i,hd65,"D:\work\secondYearMaster\thesis\reference\appeal\algorithms\preference_evaluate\deepskin\data\toMax\rendered_face\m10i\m10ihd65_02_face.jpg","D:\work\secondYearMaster\thesis\reference\appeal\algorithms\preference_evaluate\deepskin\data\toMax\rendered_2max\m10i\m10ihd65_01.jpg",1148,1530
m10ihd65,m10,m10i,hd65,"D:\work\secondYearMaster\thesis\reference\appeal\algorithms\preference_evaluate\deepskin\data\toMax\rendered_face\m10i\m10ihd65_03_face.jpg","D:\work\secondYearMaster\thesis\reference\appeal\algorithms\preference_evaluate\deepskin\data\toMax\rendered_2max\m10i\m10ihd65_01.jpg",1148,1530
m10ihd65,m10,m10i,hd65,"D:\work\secondYearMaster\thesis\reference\appeal\algorithms\preference_evaluate\deepskin\data\toMax\rendered_face\m10i\m10ihd65_04_face.jpg","D:\work\secondYearMaster\thesis\reference\appeal\algorithms\preference_evaluate\deepskin\data\toMax\rendered_2max\m10i\m10ihd65_01.jpg",1148,1530
m10ihd65,m10,m10i,hd65,"D:\work\secondYearMaster\thesis\reference\appeal\algorithms\preference_evaluate\deepskin\data\toMax\rendered_face\m10i\m10ihd65_05_face.jpg","D:\work\secondYearMaster\thesis\reference\appeal\algorithms\preference_evaluate\deepskin\data\toMax\rendered_2max\m10i\m10ihd65_01.jpg",1148,1530
m10ihd65,m10,m10i,hd65,"D:\work\secondYearMaster\thesis\reference\appeal\algorithms\preference_evaluate\deepskin\data\toMax\rendered_face\m10i\m10ihd65_06_face.jpg","D:\work\secondYearMaster\thesis\reference\appeal\algorithms\preference_evaluate\deepskin\data\toMax\rendered_2max\m10i\m10ihd65_01.jpg",1148,1530
m10ihd65,m10,m10i,hd65,"D:\work\secondYearMaster\thesis\reference\appeal\algorithms\preference_evaluate\deepskin\data\toMax\rendered_face\m10i\m10ihd65_07_face.jpg","D:\work\secondYearMaster\thesis\reference\appeal\algorithms\preference_evaluate\deepskin\data\toMax\rendered_2max\m10i\m10ihd65_01.jpg",1148,1530
m10ihd65,m10,m10i,hd65,"D:\work\secondYearMaster\thesis\reference\appeal\algorithms\preference_evaluate\deepskin\data\toMax\rendered_face\m10i\m10ihd65_08_face.jpg","D:\work\secondYearMaster\thesis\reference\appeal\algorithms\preference_evaluate\deepskin\data\toMax\rendered_2max\m10i\m10ihd65_01.jpg",1148,1530
m10ihd65,m10,m10i,hd65,"D:\work\secondYearMaster\thesis\reference\appeal\algorithms\preference_evaluate\deepskin\data\toMax\rendered_face\m10i\m10ihd65_09_face.jpg","D:\work\secondYearMaster\thesis\reference\appeal\algorithms\preference_evaluate\deepskin\data\toMax\rendered_2max\m10i\m10ihd65_01.jpg",1148,1530
m10ihd65,m10,m10i,hd65,"D:\work\secondYearMaster\thesis\reference\appeal\algorithms\preference_evaluate\deepskin\data\toMax\rendered_face\m10i\m10ihd65_10_face.jpg","D:\work\secondYearMaster\thesis\reference\appeal\algorithms\preference_evaluate\deepskin\data\toMax\rendered_2max\m10i\m10ihd65_01.jpg",1148,1530
m10ihd65,m10,m10i,hd65,"D:\work\secondYearMaster\thesis\reference\appeal\algorithms\preference_evaluate\deepskin\data\toMax\rendered_face\m10i\m10ihd65_11_face.jpg","D:\work\secondYearMaster\thesis\reference\appeal\algorithms\preference_evaluate\deepskin\data\toMax\rendered_2max\m10i\m10ihd65_01.jpg",1148,1530
m10ihd65,m10,m10i,hd65,"D:\work\secondYearMaster\thesis\reference\appeal\algorithms\preference_evaluate\deepskin\data\toMax\rendered_face\m10i\m10ihd65_12_face.jpg","D:\work\secondYearMaster\thesis\reference\appeal\algorithms\preference_evaluate\deepskin\data\toMax\rendered_2max\m10i\m10ihd65_01.jpg",1148,1530
m10ihd65,m10,m10i,hd65,"D:\work\secondYearMaster\thesis\reference\appeal\algorithms\preference_evaluate\deepskin\data\toMax\rendered_face\m10i\m10ihd65_13_face.jpg","D:\work\secondYearMaster\thesis\reference\appeal\algorithms\preference_evaluate\deepskin\data\toMax\rendered_2max\m10i\m10ihd65_01.jpg",1148,1530
m10ihd65,m10,m10i,hd65,"D:\work\secondYearMaster\thesis\reference\appeal\algorithms\preference_evaluate\deepskin\data\toMax\rendered_face\m10i\m10ihd65_14_face.jpg","D:\work\secondYearMaster\thesis\reference\appeal\algorithms\preference_evaluate\deepskin\data\toMax\rendered_2max\m10i\m10ihd65_01.jpg",1148,1530
m10ihd65,m10,m10i,hd65,"D:\work\secondYearMaster\thesis\reference\appeal\algorithms\preference_evaluate\deepskin\data\toMax\rendered_face\m10i\m10ihd65_15_face.jpg","D:\work\secondYearMaster\thesis\reference\appeal\algorithms\preference_evaluate\deepskin\data\toMax\rendered_2max\m10i\m10ihd65_01.jpg",1148,1530
m10ihd65,m10,m10i,hd65,"D:\work\secondYearMaster\thesis\reference\appeal\algorithms\preference_evaluate\deepskin\data\toMax\rendered_face\m10i\m10ihd65_16_face.jpg","D:\work\secondYearMaster\thesis\reference\appeal\algorithms\preference_evaluate\deepskin\data\toMax\rendered_2max\m10i\m10ihd65_01.jpg",1148,1530
m10ihd65,m10,m10i,hd65,"D:\work\secondYearMaster\thesis\reference\appeal\algorithms\preference_evaluate\deepskin\data\toMax\rendered_face\m10i\m10ihd65_17_face.jpg","D:\work\secondYearMaster\thesis\reference\appeal\algorithms\preference_evaluate\deepskin\data\toMax\rendered_2max\m10i\m10ihd65_01.jpg",1148,1530
m10ihd65,m10,m10i,hd65,"D:\work\secondYearMaster\thesis\reference\appeal\algorithms\preference_evaluate\deepskin\data\toMax\rendered_face\m10i\m10ihd65_18_face.jpg","D:\work\secondYearMaster\thesis\reference\appeal\algorithms\preference_evaluate\deepskin\data\toMax\rendered_2max\m10i\m10ihd65_01.jpg",1148,1530
m10ihd65,m10,m10i,hd65,"D:\work\secondYearMaster\thesis\reference\appeal\algorithms\preference_evaluate\deepskin\data\toMax\rendered_face\m10i\m10ihd65_19_face.jpg","D:\work\secondYearMaster\thesis\reference\appeal\algorithms\preference_evaluate\deepskin\data\toMax\rendered_2max\m10i\m10ihd65_01.jpg",1148,1530
m10ihd65,m10,m10i,hd65,"D:\work\secondYearMaster\thesis\reference\appeal\algorithms\preference_evaluate\deepskin\data\toMax\rendered_face\m10i\m10ihd65_20_face.jpg","D:\work\secondYearMaster\thesis\reference\appeal\algorithms\preference_evaluate\deepskin\data\toMax\rendered_2max\m10i\m10ihd65_01.jpg",1148,1530
m10ihd65,m10,m10i,hd65,"D:\work\secondYearMaster\thesis\reference\appeal\algorithms\preference_evaluate\deepskin\data\toMax\rendered_face\m10i\m10ihd65_21_face.jpg","D:\work\secondYearMaster\thesis\reference\appeal\algorithms\preference_evaluate\deepskin\data\toMax\rendered_2max\m10i\m10ihd65_01.jpg",1148,1530
m10ihd65,m10,m10i,hd65,"D:\work\secondYearMaster\thesis\reference\appeal\algorithms\preference_evaluate\deepskin\data\toMax\rendered_face\m10i\m10ihd65_22_face.jpg","D:\work\secondYearMaster\thesis\reference\appeal\algorithms\preference_evaluate\deepskin\data\toMax\rendered_2max\m10i\m10ihd65_01.jpg",1148,1530
m10ihd65,m10,m10i,hd65,"D:\work\secondYearMaster\thesis\reference\appeal\algorithms\preference_evaluate\deepskin\data\toMax\rendered_face\m10i\m10ihd65_23_face.jpg","D:\work\secondYearMaster\thesis\reference\appeal\algorithms\preference_evaluate\deepskin\data\toMax\rendered_2max\m10i\m10ihd65_01.jpg",1148,1530
m10ihd65,m10,m10i,hd65,"D:\work\secondYearMaster\thesis\reference\appeal\algorithms\preference_evaluate\deepskin\data\toMax\rendered_face\m10i\m10ihd65_24_face.jpg","D:\work\secondYearMaster\thesis\reference\appeal\algorithms\preference_evaluate\deepskin\data\toMax\rendered_2max\m10i\m10ihd65_01.jpg",1148,1530
m10ihd65,m10,m10i,hd65,"D:\work\secondYearMaster\thesis\reference\appeal\algorithms\preference_evaluate\deepskin\data\toMax\rendered_face\m10i\m10ihd65_25_face.jpg","D:\work\secondYearMaster\thesis\reference\appeal\algorithms\preference_evaluate\deepskin\data\toMax\rendered_2max\m10i\m10ihd65_01.jpg",1148,1530
m10ihd65,m10,m10i,hd65,"D:\work\secondYearMaster\thesis\reference\appeal\algorithms\preference_evaluate\deepskin\data\toMax\rendered_face\m10i\m10ihd65_26_face.jpg","D:\work\secondYearMaster\thesis\reference\appeal\algorithms\preference_evaluate\deepskin\data\toMax\rendered_2max\m10i\m10ihd65_01.jpg",1148,1530
m10ihd65,m10,m10i,hd65,"D:\work\secondYearMaster\thesis\reference\appeal\algorithms\preference_evaluate\deepskin\data\toMax\rendered_face\m10i\m10ihd65_27_face.jpg","D:\work\secondYearMaster\thesis\reference\appeal\algorithms\preference_evaluate\deepskin\data\toMax\rendered_2max\m10i\m10ihd65_01.jpg",1148,1530
m10ihd65,m10,m10i,hd65,"D:\work\secondYearMaster\thesis\reference\appeal\algorithms\preference_evaluate\deepskin\data\toMax\rendered_face\m10i\m10ihd65_28_face.jpg","D:\work\secondYearMaster\thesis\reference\appeal\algorithms\preference_evaluate\deepskin\data\toMax\rendered_2max\m10i\m10ihd65_01.jpg",1148,1530
m10ihd65,m10,m10i,hd65,"D:\work\secondYearMaster\thesis\reference\appeal\algorithms\preference_evaluate\deepskin\data\toMax\rendered_face\m10i\m10ihd65_29_face.jpg","D:\work\secondYearMaster\thesis\reference\appeal\algorithms\preference_evaluate\deepskin\data\toMax\rendered_2max\m10i\m10ihd65_01.jpg",1148,1530
m10ihd65,m10,m10i,hd65,"D:\work\secondYearMaster\thesis\reference\appeal\algorithms\preference_evaluate\deepskin\data\toMax\rendered_face\m10i\m10ihd65_30_face.jpg","D:\work\secondYearMaster\thesis\reference\appeal\algorithms\preference_evaluate\deepskin\data\toMax\rendered_2max\m10i\m10ihd65_01.jpg",1148,1530
m10ihd65,m10,m10i,hd65,"D:\work\secondYearMaster\thesis\reference\appeal\algorithms\preference_evaluate\deepskin\data\toMax\rendered_face\m10i\m10ihd65_31_face.jpg","D:\work\secondYearMaster\thesis\reference\appeal\algorithms\preference_evaluate\deepskin\data\toMax\rendered_2max\m10i\m10ihd65_01.jpg",1148,1530
m10ihd65,m10,m10i,hd65,"D:\work\secondYearMaster\thesis\reference\appeal\algorithms\preference_evaluate\deepskin\data\toMax\rendered_face\m10i\m10ihd65_32_face.jpg","D:\work\secondYearMaster\thesis\reference\appeal\algorithms\preference_evaluate\deepskin\data\toMax\rendered_2max\m10i\m10ihd65_01.jpg",1148,1530
m10ihd65,m10,m10i,hd65,"D:\work\secondYearMaster\thesis\reference\appeal\algorithms\preference_evaluate\deepskin\data\toMax\rendered_face\m10i\m10ihd65_33_face.jpg","D:\work\secondYearMaster\thesis\reference\appeal\algorithms\preference_evaluate\deepskin\data\toMax\rendered_2max\m10i\m10ihd65_01.jpg",1148,1530
m10il3k,m10,m10i,l3k,"D:\work\secondYearMaster\thesis\reference\appeal\algorithms\preference_evaluate\deepskin\data\toMax\rendered_face\m10i\m10il3k_01_face.jpg","D:\work\secondYearMaster\thesis\reference\appeal\algorithms\preference_evaluate\deepskin\data\toMax\rendered_2max\m10i\m10il3k_01.jpg",1148,1530
m10il3k,m10,m10i,l3k,"D:\work\secondYearMaster\thesis\reference\appeal\algorithms\preference_evaluate\deepskin\data\toMax\rendered_face\m10i\m10il3k_02_face.jpg","D:\work\secondYearMaster\thesis\reference\appeal\algorithms\preference_evaluate\deepskin\data\toMax\rendered_2max\m10i\m10il3k_01.jpg",1148,1530
m10il3k,m10,m10i,l3k,"D:\work\secondYearMaster\thesis\reference\appeal\algorithms\preference_evaluate\deepskin\data\toMax\rendered_face\m10i\m10il3k_03_face.jpg","D:\work\secondYearMaster\thesis\reference\appeal\algorithms\preference_evaluate\deepskin\data\toMax\rendered_2max\m10i\m10il3k_01.jpg",1148,1530
m10il3k,m10,m10i,l3k,"D:\work\secondYearMaster\thesis\reference\appeal\algorithms\preference_evaluate\deepskin\data\toMax\rendered_face\m10i\m10il3k_04_face.jpg","D:\work\secondYearMaster\thesis\reference\appeal\algorithms\preference_evaluate\deepskin\data\toMax\rendered_2max\m10i\m10il3k_01.jpg",1148,1530
m10il3k,m10,m10i,l3k,"D:\work\secondYearMaster\thesis\reference\appeal\algorithms\preference_evaluate\deepskin\data\toMax\rendered_face\m10i\m10il3k_05_face.jpg","D:\work\secondYearMaster\thesis\reference\appeal\algorithms\preference_evaluate\deepskin\data\toMax\rendered_2max\m10i\m10il3k_01.jpg",1148,1530
m10il3k,m10,m10i,l3k,"D:\work\secondYearMaster\thesis\reference\appeal\algorithms\preference_evaluate\deepskin\data\toMax\rendered_face\m10i\m10il3k_06_face.jpg","D:\work\secondYearMaster\thesis\reference\appeal\algorithms\preference_evaluate\deepskin\data\toMax\rendered_2max\m10i\m10il3k_01.jpg",1148,1530
m10il3k,m10,m10i,l3k,"D:\work\secondYearMaster\thesis\reference\appeal\algorithms\preference_evaluate\deepskin\data\toMax\rendered_face\m10i\m10il3k_07_face.jpg","D:\work\secondYearMaster\thesis\reference\appeal\algorithms\preference_evaluate\deepskin\data\toMax\rendered_2max\m10i\m10il3k_01.jpg",1148,1530
m10il3k,m10,m10i,l3k,"D:\work\secondYearMaster\thesis\reference\appeal\algorithms\preference_evaluate\deepskin\data\toMax\rendered_face\m10i\m10il3k_08_face.jpg","D:\work\secondYearMaster\thesis\reference\appeal\algorithms\preference_evaluate\deepskin\data\toMax\rendered_2max\m10i\m10il3k_01.jpg",1148,1530
m10il3k,m10,m10i,l3k,"D:\work\secondYearMaster\thesis\reference\appeal\algorithms\preference_evaluate\deepskin\data\toMax\rendered_face\m10i\m10il3k_09_face.jpg","D:\work\secondYearMaster\thesis\reference\appeal\algorithms\preference_evaluate\deepskin\data\toMax\rendered_2max\m10i\m10il3k_01.jpg",1148,1530
m10il3k,m10,m10i,l3k,"D:\work\secondYearMaster\thesis\reference\appeal\algorithms\preference_evaluate\deepskin\data\toMax\rendered_face\m10i\m10il3k_10_face.jpg","D:\work\secondYearMaster\thesis\reference\appeal\algorithms\preference_evaluate\deepskin\data\toMax\rendered_2max\m10i\m10il3k_01.jpg",1148,1530
m10il3k,m10,m10i,l3k,"D:\work\secondYearMaster\thesis\reference\appeal\algorithms\preference_evaluate\deepskin\data\toMax\rendered_face\m10i\m10il3k_11_face.jpg","D:\work\secondYearMaster\thesis\reference\appeal\algorithms\preference_evaluate\deepskin\data\toMax\rendered_2max\m10i\m10il3k_01.jpg",1148,1530
m10il3k,m10,m10i,l3k,"D:\work\secondYearMaster\thesis\reference\appeal\algorithms\preference_evaluate\deepskin\data\toMax\rendered_face\m10i\m10il3k_12_face.jpg","D:\work\secondYearMaster\thesis\reference\appeal\algorithms\preference_evaluate\deepskin\data\toMax\rendered_2max\m10i\m10il3k_01.jpg",1148,1530
m10il3k,m10,m10i,l3k,"D:\work\secondYearMaster\thesis\reference\appeal\algorithms\preference_evaluate\deepskin\data\toMax\rendered_face\m10i\m10il3k_13_face.jpg","D:\work\secondYearMaster\thesis\reference\appeal\algorithms\preference_evaluate\deepskin\data\toMax\rendered_2max\m10i\m10il3k_01.jpg",1148,1530
m10il3k,m10,m10i,l3k,"D:\work\secondYearMaster\thesis\reference\appeal\algorithms\preference_evaluate\deepskin\data\toMax\rendered_face\m10i\m10il3k_14_face.jpg","D:\work\secondYearMaster\thesis\reference\appeal\algorithms\preference_evaluate\deepskin\data\toMax\rendered_2max\m10i\m10il3k_01.jpg",1148,1530
m10il3k,m10,m10i,l3k,"D:\work\secondYearMaster\thesis\reference\appeal\algorithms\preference_evaluate\deepskin\data\toMax\rendered_face\m10i\m10il3k_15_face.jpg","D:\work\secondYearMaster\thesis\reference\appeal\algorithms\preference_evaluate\deepskin\data\toMax\rendered_2max\m10i\m10il3k_01.jpg",1148,1530
m10il3k,m10,m10i,l3k,"D:\work\secondYearMaster\thesis\reference\appeal\algorithms\preference_evaluate\deepskin\data\toMax\rendered_face\m10i\m10il3k_16_face.jpg","D:\work\secondYearMaster\thesis\reference\appeal\algorithms\preference_evaluate\deepskin\data\toMax\rendered_2max\m10i\m10il3k_01.jpg",1148,1530
m10il3k,m10,m10i,l3k,"D:\work\secondYearMaster\thesis\reference\appeal\algorithms\preference_evaluate\deepskin\data\toMax\rendered_face\m10i\m10il3k_17_face.jpg","D:\work\secondYearMaster\thesis\reference\appeal\algorithms\preference_evaluate\deepskin\data\toMax\rendered_2max\m10i\m10il3k_01.jpg",1148,1530
m10il3k,m10,m10i,l3k,"D:\work\secondYearMaster\thesis\reference\appeal\algorithms\preference_evaluate\deepskin\data\toMax\rendered_face\m10i\m10il3k_18_face.jpg","D:\work\secondYearMaster\thesis\reference\appeal\algorithms\preference_evaluate\deepskin\data\toMax\rendered_2max\m10i\m10il3k_01.jpg",1148,1530
m10il3k,m10,m10i,l3k,"D:\work\secondYearMaster\thesis\reference\appeal\algorithms\preference_evaluate\deepskin\data\toMax\rendered_face\m10i\m10il3k_19_face.jpg","D:\work\secondYearMaster\thesis\reference\appeal\algorithms\preference_evaluate\deepskin\data\toMax\rendered_2max\m10i\m10il3k_01.jpg",1148,1530
m10il3k,m10,m10i,l3k,"D:\work\secondYearMaster\thesis\reference\appeal\algorithms\preference_evaluate\deepskin\data\toMax\rendered_face\m10i\m10il3k_20_face.jpg","D:\work\secondYearMaster\thesis\reference\appeal\algorithms\preference_evaluate\deepskin\data\toMax\rendered_2max\m10i\m10il3k_01.jpg",1148,1530
m10il3k,m10,m10i,l3k,"D:\work\secondYearMaster\thesis\reference\appeal\algorithms\preference_evaluate\deepskin\data\toMax\rendered_face\m10i\m10il3k_21_face.jpg","D:\work\secondYearMaster\thesis\reference\appeal\algorithms\preference_evaluate\deepskin\data\toMax\rendered_2max\m10i\m10il3k_01.jpg",1148,1530
m10il3k,m10,m10i,l3k,"D:\work\secondYearMaster\thesis\reference\appeal\algorithms\preference_evaluate\deepskin\data\toMax\rendered_face\m10i\m10il3k_22_face.jpg","D:\work\secondYearMaster\thesis\reference\appeal\algorithms\preference_evaluate\deepskin\data\toMax\rendered_2max\m10i\m10il3k_01.jpg",1148,1530
m10il3k,m10,m10i,l3k,"D:\work\secondYearMaster\thesis\reference\appeal\algorithms\preference_evaluate\deepskin\data\toMax\rendered_face\m10i\m10il3k_23_face.jpg","D:\work\secondYearMaster\thesis\reference\appeal\algorithms\preference_evaluate\deepskin\data\toMax\rendered_2max\m10i\m10il3k_01.jpg",1148,1530
m10il3k,m10,m10i,l3k,"D:\work\secondYearMaster\thesis\reference\appeal\algorithms\preference_evaluate\deepskin\data\toMax\rendered_face\m10i\m10il3k_24_face.jpg","D:\work\secondYearMaster\thesis\reference\appeal\algorithms\preference_evaluate\deepskin\data\toMax\rendered_2max\m10i\m10il3k_01.jpg",1148,1530
m10il3k,m10,m10i,l3k,"D:\work\secondYearMaster\thesis\reference\appeal\algorithms\preference_evaluate\deepskin\data\toMax\rendered_face\m10i\m10il3k_25_face.jpg","D:\work\secondYearMaster\thesis\reference\appeal\algorithms\preference_evaluate\deepskin\data\toMax\rendered_2max\m10i\m10il3k_01.jpg",1148,1530
m10il3k,m10,m10i,l3k,"D:\work\secondYearMaster\thesis\reference\appeal\algorithms\preference_evaluate\deepskin\data\toMax\rendered_face\m10i\m10il3k_26_face.jpg","D:\work\secondYearMaster\thesis\reference\appeal\algorithms\preference_evaluate\deepskin\data\toMax\rendered_2max\m10i\m10il3k_01.jpg",1148,1530
m10il3k,m10,m10i,l3k,"D:\work\secondYearMaster\thesis\reference\appeal\algorithms\preference_evaluate\deepskin\data\toMax\rendered_face\m10i\m10il3k_27_face.jpg","D:\work\secondYearMaster\thesis\reference\appeal\algorithms\preference_evaluate\deepskin\data\toMax\rendered_2max\m10i\m10il3k_01.jpg",1148,1530
m10il3k,m10,m10i,l3k,"D:\work\secondYearMaster\thesis\reference\appeal\algorithms\preference_evaluate\deepskin\data\toMax\rendered_face\m10i\m10il3k_28_face.jpg","D:\work\secondYearMaster\thesis\reference\appeal\algorithms\preference_evaluate\deepskin\data\toMax\rendered_2max\m10i\m10il3k_01.jpg",1148,1530
m10il3k,m10,m10i,l3k,"D:\work\secondYearMaster\thesis\reference\appeal\algorithms\preference_evaluate\deepskin\data\toMax\rendered_face\m10i\m10il3k_29_face.jpg","D:\work\secondYearMaster\thesis\reference\appeal\algorithms\preference_evaluate\deepskin\data\toMax\rendered_2max\m10i\m10il3k_01.jpg",1148,1530
m10il3k,m10,m10i,l3k,"D:\work\secondYearMaster\thesis\reference\appeal\algorithms\preference_evaluate\deepskin\data\toMax\rendered_face\m10i\m10il3k_30_face.jpg","D:\work\secondYearMaster\thesis\reference\appeal\algorithms\preference_evaluate\deepskin\data\toMax\rendered_2max\m10i\m10il3k_01.jpg",1148,1530
m10il3k,m10,m10i,l3k,"D:\work\secondYearMaster\thesis\reference\appeal\algorithms\preference_evaluate\deepskin\data\toMax\rendered_face\m10i\m10il3k_31_face.jpg","D:\work\secondYearMaster\thesis\reference\appeal\algorithms\preference_evaluate\deepskin\data\toMax\rendered_2max\m10i\m10il3k_01.jpg",1148,1530
m10il3k,m10,m10i,l3k,"D:\work\secondYearMaster\thesis\reference\appeal\algorithms\preference_evaluate\deepskin\data\toMax\rendered_face\m10i\m10il3k_32_face.jpg","D:\work\secondYearMaster\thesis\reference\appeal\algorithms\preference_evaluate\deepskin\data\toMax\rendered_2max\m10i\m10il3k_01.jpg",1148,1530
m10il3k,m10,m10i,l3k,"D:\work\secondYearMaster\thesis\reference\appeal\algorithms\preference_evaluate\deepskin\data\toMax\rendered_face\m10i\m10il3k_33_face.jpg","D:\work\secondYearMaster\thesis\reference\appeal\algorithms\preference_evaluate\deepskin\data\toMax\rendered_2max\m10i\m10il3k_01.jpg",1148,1530
m10il4k,m10,m10i,l4k,"D:\work\secondYearMaster\thesis\reference\appeal\algorithms\preference_evaluate\deepskin\data\toMax\rendered_face\m10i\m10il4k_01_face.jpg","D:\work\secondYearMaster\thesis\reference\appeal\algorithms\preference_evaluate\deepskin\data\toMax\rendered_2max\m10i\m10il4k_01.jpg",1148,1530
m10il4k,m10,m10i,l4k,"D:\work\secondYearMaster\thesis\reference\appeal\algorithms\preference_evaluate\deepskin\data\toMax\rendered_face\m10i\m10il4k_02_face.jpg","D:\work\secondYearMaster\thesis\reference\appeal\algorithms\preference_evaluate\deepskin\data\toMax\rendered_2max\m10i\m10il4k_01.jpg",1148,1530
m10il4k,m10,m10i,l4k,"D:\work\secondYearMaster\thesis\reference\appeal\algorithms\preference_evaluate\deepskin\data\toMax\rendered_face\m10i\m10il4k_03_face.jpg","D:\work\secondYearMaster\thesis\reference\appeal\algorithms\preference_evaluate\deepskin\data\toMax\rendered_2max\m10i\m10il4k_01.jpg",1148,1530
m10il4k,m10,m10i,l4k,"D:\work\secondYearMaster\thesis\reference\appeal\algorithms\preference_evaluate\deepskin\data\toMax\rendered_face\m10i\m10il4k_04_face.jpg","D:\work\secondYearMaster\thesis\reference\appeal\algorithms\preference_evaluate\deepskin\data\toMax\rendered_2max\m10i\m10il4k_01.jpg",1148,1530
m10il4k,m10,m10i,l4k,"D:\work\secondYearMaster\thesis\reference\appeal\algorithms\preference_evaluate\deepskin\data\toMax\rendered_face\m10i\m10il4k_05_face.jpg","D:\work\secondYearMaster\thesis\reference\appeal\algorithms\preference_evaluate\deepskin\data\toMax\rendered_2max\m10i\m10il4k_01.jpg",1148,1530
m10il4k,m10,m10i,l4k,"D:\work\secondYearMaster\thesis\reference\appeal\algorithms\preference_evaluate\deepskin\data\toMax\rendered_face\m10i\m10il4k_06_face.jpg","D:\work\secondYearMaster\thesis\reference\appeal\algorithms\preference_evaluate\deepskin\data\toMax\rendered_2max\m10i\m10il4k_01.jpg",1148,1530
m10il4k,m10,m10i,l4k,"D:\work\secondYearMaster\thesis\reference\appeal\algorithms\preference_evaluate\deepskin\data\toMax\rendered_face\m10i\m10il4k_07_face.jpg","D:\work\secondYearMaster\thesis\reference\appeal\algorithms\preference_evaluate\deepskin\data\toMax\rendered_2max\m10i\m10il4k_01.jpg",1148,1530
m10il4k,m10,m10i,l4k,"D:\work\secondYearMaster\thesis\reference\appeal\algorithms\preference_evaluate\deepskin\data\toMax\rendered_face\m10i\m10il4k_08_face.jpg","D:\work\secondYearMaster\thesis\reference\appeal\algorithms\preference_evaluate\deepskin\data\toMax\rendered_2max\m10i\m10il4k_01.jpg",1148,1530
m10il4k,m10,m10i,l4k,"D:\work\secondYearMaster\thesis\reference\appeal\algorithms\preference_evaluate\deepskin\data\toMax\rendered_face\m10i\m10il4k_09_face.jpg","D:\work\secondYearMaster\thesis\reference\appeal\algorithms\preference_evaluate\deepskin\data\toMax\rendered_2max\m10i\m10il4k_01.jpg",1148,1530
m10il4k,m10,m10i,l4k,"D:\work\secondYearMaster\thesis\reference\appeal\algorithms\preference_evaluate\deepskin\data\toMax\rendered_face\m10i\m10il4k_10_face.jpg","D:\work\secondYearMaster\thesis\reference\appeal\algorithms\preference_evaluate\deepskin\data\toMax\rendered_2max\m10i\m10il4k_01.jpg",1148,1530
m10il4k,m10,m10i,l4k,"D:\work\secondYearMaster\thesis\reference\appeal\algorithms\preference_evaluate\deepskin\data\toMax\rendered_face\m10i\m10il4k_11_face.jpg","D:\work\secondYearMaster\thesis\reference\appeal\algorithms\preference_evaluate\deepskin\data\toMax\rendered_2max\m10i\m10il4k_01.jpg",1148,1530
m10il4k,m10,m10i,l4k,"D:\work\secondYearMaster\thesis\reference\appeal\algorithms\preference_evaluate\deepskin\data\toMax\rendered_face\m10i\m10il4k_12_face.jpg","D:\work\secondYearMaster\thesis\reference\appeal\algorithms\preference_evaluate\deepskin\data\toMax\rendered_2max\m10i\m10il4k_01.jpg",1148,1530
m10il4k,m10,m10i,l4k,"D:\work\secondYearMaster\thesis\reference\appeal\algorithms\preference_evaluate\deepskin\data\toMax\rendered_face\m10i\m10il4k_13_face.jpg","D:\work\secondYearMaster\thesis\reference\appeal\algorithms\preference_evaluate\deepskin\data\toMax\rendered_2max\m10i\m10il4k_01.jpg",1148,1530
m10il4k,m10,m10i,l4k,"D:\work\secondYearMaster\thesis\reference\appeal\algorithms\preference_evaluate\deepskin\data\toMax\rendered_face\m10i\m10il4k_14_face.jpg","D:\work\secondYearMaster\thesis\reference\appeal\algorithms\preference_evaluate\deepskin\data\toMax\rendered_2max\m10i\m10il4k_01.jpg",1148,1530
m10il4k,m10,m10i,l4k,"D:\work\secondYearMaster\thesis\reference\appeal\algorithms\preference_evaluate\deepskin\data\toMax\rendered_face\m10i\m10il4k_15_face.jpg","D:\work\secondYearMaster\thesis\reference\appeal\algorithms\preference_evaluate\deepskin\data\toMax\rendered_2max\m10i\m10il4k_01.jpg",1148,1530
m10il4k,m10,m10i,l4k,"D:\work\secondYearMaster\thesis\reference\appeal\algorithms\preference_evaluate\deepskin\data\toMax\rendered_face\m10i\m10il4k_16_face.jpg","D:\work\secondYearMaster\thesis\reference\appeal\algorithms\preference_evaluate\deepskin\data\toMax\rendered_2max\m10i\m10il4k_01.jpg",1148,1530
m10il4k,m10,m10i,l4k,"D:\work\secondYearMaster\thesis\reference\appeal\algorithms\preference_evaluate\deepskin\data\toMax\rendered_face\m10i\m10il4k_17_face.jpg","D:\work\secondYearMaster\thesis\reference\appeal\algorithms\preference_evaluate\deepskin\data\toMax\rendered_2max\m10i\m10il4k_01.jpg",1148,1530
m10il4k,m10,m10i,l4k,"D:\work\secondYearMaster\thesis\reference\appeal\algorithms\preference_evaluate\deepskin\data\toMax\rendered_face\m10i\m10il4k_18_face.jpg","D:\work\secondYearMaster\thesis\reference\appeal\algorithms\preference_evaluate\deepskin\data\toMax\rendered_2max\m10i\m10il4k_01.jpg",1148,1530
m10il4k,m10,m10i,l4k,"D:\work\secondYearMaster\thesis\reference\appeal\algorithms\preference_evaluate\deepskin\data\toMax\rendered_face\m10i\m10il4k_19_face.jpg","D:\work\secondYearMaster\thesis\reference\appeal\algorithms\preference_evaluate\deepskin\data\toMax\rendered_2max\m10i\m10il4k_01.jpg",1148,1530
m10il4k,m10,m10i,l4k,"D:\work\secondYearMaster\thesis\reference\appeal\algorithms\preference_evaluate\deepskin\data\toMax\rendered_face\m10i\m10il4k_20_face.jpg","D:\work\secondYearMaster\thesis\reference\appeal\algorithms\preference_evaluate\deepskin\data\toMax\rendered_2max\m10i\m10il4k_01.jpg",1148,1530
m10il4k,m10,m10i,l4k,"D:\work\secondYearMaster\thesis\reference\appeal\algorithms\preference_evaluate\deepskin\data\toMax\rendered_face\m10i\m10il4k_21_face.jpg","D:\work\secondYearMaster\thesis\reference\appeal\algorithms\preference_evaluate\deepskin\data\toMax\rendered_2max\m10i\m10il4k_01.jpg",1148,1530
m10il4k,m10,m10i,l4k,"D:\work\secondYearMaster\thesis\reference\appeal\algorithms\preference_evaluate\deepskin\data\toMax\rendered_face\m10i\m10il4k_22_face.jpg","D:\work\secondYearMaster\thesis\reference\appeal\algorithms\preference_evaluate\deepskin\data\toMax\rendered_2max\m10i\m10il4k_01.jpg",1148,1530
m10il4k,m10,m10i,l4k,"D:\work\secondYearMaster\thesis\reference\appeal\algorithms\preference_evaluate\deepskin\data\toMax\rendered_face\m10i\m10il4k_23_face.jpg","D:\work\secondYearMaster\thesis\reference\appeal\algorithms\preference_evaluate\deepskin\data\toMax\rendered_2max\m10i\m10il4k_01.jpg",1148,1530
m10il4k,m10,m10i,l4k,"D:\work\secondYearMaster\thesis\reference\appeal\algorithms\preference_evaluate\deepskin\data\toMax\rendered_face\m10i\m10il4k_24_face.jpg","D:\work\secondYearMaster\thesis\reference\appeal\algorithms\preference_evaluate\deepskin\data\toMax\rendered_2max\m10i\m10il4k_01.jpg",1148,1530
m10il4k,m10,m10i,l4k,"D:\work\secondYearMaster\thesis\reference\appeal\algorithms\preference_evaluate\deepskin\data\toMax\rendered_face\m10i\m10il4k_25_face.jpg","D:\work\secondYearMaster\thesis\reference\appeal\algorithms\preference_evaluate\deepskin\data\toMax\rendered_2max\m10i\m10il4k_01.jpg",1148,1530
m10il4k,m10,m10i,l4k,"D:\work\secondYearMaster\thesis\reference\appeal\algorithms\preference_evaluate\deepskin\data\toMax\rendered_face\m10i\m10il4k_26_face.jpg","D:\work\secondYearMaster\thesis\reference\appeal\algorithms\preference_evaluate\deepskin\data\toMax\rendered_2max\m10i\m10il4k_01.jpg",1148,1530
m10il4k,m10,m10i,l4k,"D:\work\secondYearMaster\thesis\reference\appeal\algorithms\preference_evaluate\deepskin\data\toMax\rendered_face\m10i\m10il4k_27_face.jpg","D:\work\secondYearMaster\thesis\reference\appeal\algorithms\preference_evaluate\deepskin\data\toMax\rendered_2max\m10i\m10il4k_01.jpg",1148,1530
m10il4k,m10,m10i,l4k,"D:\work\secondYearMaster\thesis\reference\appeal\algorithms\preference_evaluate\deepskin\data\toMax\rendered_face\m10i\m10il4k_28_face.jpg","D:\work\secondYearMaster\thesis\reference\appeal\algorithms\preference_evaluate\deepskin\data\toMax\rendered_2max\m10i\m10il4k_01.jpg",1148,1530
m10il4k,m10,m10i,l4k,"D:\work\secondYearMaster\thesis\reference\appeal\algorithms\preference_evaluate\deepskin\data\toMax\rendered_face\m10i\m10il4k_29_face.jpg","D:\work\secondYearMaster\thesis\reference\appeal\algorithms\preference_evaluate\deepskin\data\toMax\rendered_2max\m10i\m10il4k_01.jpg",1148,1530
m10il4k,m10,m10i,l4k,"D:\work\secondYearMaster\thesis\reference\appeal\algorithms\preference_evaluate\deepskin\data\toMax\rendered_face\m10i\m10il4k_30_face.jpg","D:\work\secondYearMaster\thesis\reference\appeal\algorithms\preference_evaluate\deepskin\data\toMax\rendered_2max\m10i\m10il4k_01.jpg",1148,1530
m10il4k,m10,m10i,l4k,"D:\work\secondYearMaster\thesis\reference\appeal\algorithms\preference_evaluate\deepskin\data\toMax\rendered_face\m10i\m10il4k_31_face.jpg","D:\work\secondYearMaster\thesis\reference\appeal\algorithms\preference_evaluate\deepskin\data\toMax\rendered_2max\m10i\m10il4k_01.jpg",1148,1530
m10il4k,m10,m10i,l4k,"D:\work\secondYearMaster\thesis\reference\appeal\algorithms\preference_evaluate\deepskin\data\toMax\rendered_face\m10i\m10il4k_32_face.jpg","D:\work\secondYearMaster\thesis\reference\appeal\algorithms\preference_evaluate\deepskin\data\toMax\rendered_2max\m10i\m10il4k_01.jpg",1148,1530
m10il4k,m10,m10i,l4k,"D:\work\secondYearMaster\thesis\reference\appeal\algorithms\preference_evaluate\deepskin\data\toMax\rendered_face\m10i\m10il4k_33_face.jpg","D:\work\secondYearMaster\thesis\reference\appeal\algorithms\preference_evaluate\deepskin\data\toMax\rendered_2max\m10i\m10il4k_01.jpg",1148,1530
m10il5k,m10,m10i,l5k,"D:\work\secondYearMaster\thesis\reference\appeal\algorithms\preference_evaluate\deepskin\data\toMax\rendered_face\m10i\m10il5k_01_face.jpg","D:\work\secondYearMaster\thesis\reference\appeal\algorithms\preference_evaluate\deepskin\data\toMax\rendered_2max\m10i\m10il5k_01.jpg",1148,1530
m10il5k,m10,m10i,l5k,"D:\work\secondYearMaster\thesis\reference\appeal\algorithms\preference_evaluate\deepskin\data\toMax\rendered_face\m10i\m10il5k_02_face.jpg","D:\work\secondYearMaster\thesis\reference\appeal\algorithms\preference_evaluate\deepskin\data\toMax\rendered_2max\m10i\m10il5k_01.jpg",1148,1530
m10il5k,m10,m10i,l5k,"D:\work\secondYearMaster\thesis\reference\appeal\algorithms\preference_evaluate\deepskin\data\toMax\rendered_face\m10i\m10il5k_03_face.jpg","D:\work\secondYearMaster\thesis\reference\appeal\algorithms\preference_evaluate\deepskin\data\toMax\rendered_2max\m10i\m10il5k_01.jpg",1148,1530
m10il5k,m10,m10i,l5k,"D:\work\secondYearMaster\thesis\reference\appeal\algorithms\preference_evaluate\deepskin\data\toMax\rendered_face\m10i\m10il5k_04_face.jpg","D:\work\secondYearMaster\thesis\reference\appeal\algorithms\preference_evaluate\deepskin\data\toMax\rendered_2max\m10i\m10il5k_01.jpg",1148,1530
m10il5k,m10,m10i,l5k,"D:\work\secondYearMaster\thesis\reference\appeal\algorithms\preference_evaluate\deepskin\data\toMax\rendered_face\m10i\m10il5k_05_face.jpg","D:\work\secondYearMaster\thesis\reference\appeal\algorithms\preference_evaluate\deepskin\data\toMax\rendered_2max\m10i\m10il5k_01.jpg",1148,1530
m10il5k,m10,m10i,l5k,"D:\work\secondYearMaster\thesis\reference\appeal\algorithms\preference_evaluate\deepskin\data\toMax\rendered_face\m10i\m10il5k_06_face.jpg","D:\work\secondYearMaster\thesis\reference\appeal\algorithms\preference_evaluate\deepskin\data\toMax\rendered_2max\m10i\m10il5k_01.jpg",1148,1530
m10il5k,m10,m10i,l5k,"D:\work\secondYearMaster\thesis\reference\appeal\algorithms\preference_evaluate\deepskin\data\toMax\rendered_face\m10i\m10il5k_07_face.jpg","D:\work\secondYearMaster\thesis\reference\appeal\algorithms\preference_evaluate\deepskin\data\toMax\rendered_2max\m10i\m10il5k_01.jpg",1148,1530
m10il5k,m10,m10i,l5k,"D:\work\secondYearMaster\thesis\reference\appeal\algorithms\preference_evaluate\deepskin\data\toMax\rendered_face\m10i\m10il5k_08_face.jpg","D:\work\secondYearMaster\thesis\reference\appeal\algorithms\preference_evaluate\deepskin\data\toMax\rendered_2max\m10i\m10il5k_01.jpg",1148,1530
m10il5k,m10,m10i,l5k,"D:\work\secondYearMaster\thesis\reference\appeal\algorithms\preference_evaluate\deepskin\data\toMax\rendered_face\m10i\m10il5k_09_face.jpg","D:\work\secondYearMaster\thesis\reference\appeal\algorithms\preference_evaluate\deepskin\data\toMax\rendered_2max\m10i\m10il5k_01.jpg",1148,1530
m10il5k,m10,m10i,l5k,"D:\work\secondYearMaster\thesis\reference\appeal\algorithms\preference_evaluate\deepskin\data\toMax\rendered_face\m10i\m10il5k_10_face.jpg","D:\work\secondYearMaster\thesis\reference\appeal\algorithms\preference_evaluate\deepskin\data\toMax\rendered_2max\m10i\m10il5k_01.jpg",1148,1530
m10il5k,m10,m10i,l5k,"D:\work\secondYearMaster\thesis\reference\appeal\algorithms\preference_evaluate\deepskin\data\toMax\rendered_face\m10i\m10il5k_11_face.jpg","D:\work\secondYearMaster\thesis\reference\appeal\algorithms\preference_evaluate\deepskin\data\toMax\rendered_2max\m10i\m10il5k_01.jpg",1148,1530
m10il5k,m10,m10i,l5k,"D:\work\secondYearMaster\thesis\reference\appeal\algorithms\preference_evaluate\deepskin\data\toMax\rendered_face\m10i\m10il5k_12_face.jpg","D:\work\secondYearMaster\thesis\reference\appeal\algorithms\preference_evaluate\deepskin\data\toMax\rendered_2max\m10i\m10il5k_01.jpg",1148,1530
m10il5k,m10,m10i,l5k,"D:\work\secondYearMaster\thesis\reference\appeal\algorithms\preference_evaluate\deepskin\data\toMax\rendered_face\m10i\m10il5k_13_face.jpg","D:\work\secondYearMaster\thesis\reference\appeal\algorithms\preference_evaluate\deepskin\data\toMax\rendered_2max\m10i\m10il5k_01.jpg",1148,1530
m10il5k,m10,m10i,l5k,"D:\work\secondYearMaster\thesis\reference\appeal\algorithms\preference_evaluate\deepskin\data\toMax\rendered_face\m10i\m10il5k_14_face.jpg","D:\work\secondYearMaster\thesis\reference\appeal\algorithms\preference_evaluate\deepskin\data\toMax\rendered_2max\m10i\m10il5k_01.jpg",1148,1530
m10il5k,m10,m10i,l5k,"D:\work\secondYearMaster\thesis\reference\appeal\algorithms\preference_evaluate\deepskin\data\toMax\rendered_face\m10i\m10il5k_15_face.jpg","D:\work\secondYearMaster\thesis\reference\appeal\algorithms\preference_evaluate\deepskin\data\toMax\rendered_2max\m10i\m10il5k_01.jpg",1148,1530
m10il5k,m10,m10i,l5k,"D:\work\secondYearMaster\thesis\reference\appeal\algorithms\preference_evaluate\deepskin\data\toMax\rendered_face\m10i\m10il5k_16_face.jpg","D:\work\secondYearMaster\thesis\reference\appeal\algorithms\preference_evaluate\deepskin\data\toMax\rendered_2max\m10i\m10il5k_01.jpg",1148,1530
m10il5k,m10,m10i,l5k,"D:\work\secondYearMaster\thesis\reference\appeal\algorithms\preference_evaluate\deepskin\data\toMax\rendered_face\m10i\m10il5k_17_face.jpg","D:\work\secondYearMaster\thesis\reference\appeal\algorithms\preference_evaluate\deepskin\data\toMax\rendered_2max\m10i\m10il5k_01.jpg",1148,1530
m10il5k,m10,m10i,l5k,"D:\work\secondYearMaster\thesis\reference\appeal\algorithms\preference_evaluate\deepskin\data\toMax\rendered_face\m10i\m10il5k_18_face.jpg","D:\work\secondYearMaster\thesis\reference\appeal\algorithms\preference_evaluate\deepskin\data\toMax\rendered_2max\m10i\m10il5k_01.jpg",1148,1530
m10il5k,m10,m10i,l5k,"D:\work\secondYearMaster\thesis\reference\appeal\algorithms\preference_evaluate\deepskin\data\toMax\rendered_face\m10i\m10il5k_19_face.jpg","D:\work\secondYearMaster\thesis\reference\appeal\algorithms\preference_evaluate\deepskin\data\toMax\rendered_2max\m10i\m10il5k_01.jpg",1148,1530
m10il5k,m10,m10i,l5k,"D:\work\secondYearMaster\thesis\reference\appeal\algorithms\preference_evaluate\deepskin\data\toMax\rendered_face\m10i\m10il5k_20_face.jpg","D:\work\secondYearMaster\thesis\reference\appeal\algorithms\preference_evaluate\deepskin\data\toMax\rendered_2max\m10i\m10il5k_01.jpg",1148,1530
m10il5k,m10,m10i,l5k,"D:\work\secondYearMaster\thesis\reference\appeal\algorithms\preference_evaluate\deepskin\data\toMax\rendered_face\m10i\m10il5k_21_face.jpg","D:\work\secondYearMaster\thesis\reference\appeal\algorithms\preference_evaluate\deepskin\data\toMax\rendered_2max\m10i\m10il5k_01.jpg",1148,1530
m10il5k,m10,m10i,l5k,"D:\work\secondYearMaster\thesis\reference\appeal\algorithms\preference_evaluate\deepskin\data\toMax\rendered_face\m10i\m10il5k_22_face.jpg","D:\work\secondYearMaster\thesis\reference\appeal\algorithms\preference_evaluate\deepskin\data\toMax\rendered_2max\m10i\m10il5k_01.jpg",1148,1530
m10il5k,m10,m10i,l5k,"D:\work\secondYearMaster\thesis\reference\appeal\algorithms\preference_evaluate\deepskin\data\toMax\rendered_face\m10i\m10il5k_23_face.jpg","D:\work\secondYearMaster\thesis\reference\appeal\algorithms\preference_evaluate\deepskin\data\toMax\rendered_2max\m10i\m10il5k_01.jpg",1148,1530
m10il5k,m10,m10i,l5k,"D:\work\secondYearMaster\thesis\reference\appeal\algorithms\preference_evaluate\deepskin\data\toMax\rendered_face\m10i\m10il5k_24_face.jpg","D:\work\secondYearMaster\thesis\reference\appeal\algorithms\preference_evaluate\deepskin\data\toMax\rendered_2max\m10i\m10il5k_01.jpg",1148,1530
m10il5k,m10,m10i,l5k,"D:\work\secondYearMaster\thesis\reference\appeal\algorithms\preference_evaluate\deepskin\data\toMax\rendered_face\m10i\m10il5k_25_face.jpg","D:\work\secondYearMaster\thesis\reference\appeal\algorithms\preference_evaluate\deepskin\data\toMax\rendered_2max\m10i\m10il5k_01.jpg",1148,1530
m10il5k,m10,m10i,l5k,"D:\work\secondYearMaster\thesis\reference\appeal\algorithms\preference_evaluate\deepskin\data\toMax\rendered_face\m10i\m10il5k_26_face.jpg","D:\work\secondYearMaster\thesis\reference\appeal\algorithms\preference_evaluate\deepskin\data\toMax\rendered_2max\m10i\m10il5k_01.jpg",1148,1530
m10il5k,m10,m10i,l5k,"D:\work\secondYearMaster\thesis\reference\appeal\algorithms\preference_evaluate\deepskin\data\toMax\rendered_face\m10i\m10il5k_27_face.jpg","D:\work\secondYearMaster\thesis\reference\appeal\algorithms\preference_evaluate\deepskin\data\toMax\rendered_2max\m10i\m10il5k_01.jpg",1148,1530
m10il5k,m10,m10i,l5k,"D:\work\secondYearMaster\thesis\reference\appeal\algorithms\preference_evaluate\deepskin\data\toMax\rendered_face\m10i\m10il5k_28_face.jpg","D:\work\secondYearMaster\thesis\reference\appeal\algorithms\preference_evaluate\deepskin\data\toMax\rendered_2max\m10i\m10il5k_01.jpg",1148,1530
m10il5k,m10,m10i,l5k,"D:\work\secondYearMaster\thesis\reference\appeal\algorithms\preference_evaluate\deepskin\data\toMax\rendered_face\m10i\m10il5k_29_face.jpg","D:\work\secondYearMaster\thesis\reference\appeal\algorithms\preference_evaluate\deepskin\data\toMax\rendered_2max\m10i\m10il5k_01.jpg",1148,1530
m10il5k,m10,m10i,l5k,"D:\work\secondYearMaster\thesis\reference\appeal\algorithms\preference_evaluate\deepskin\data\toMax\rendered_face\m10i\m10il5k_30_face.jpg","D:\work\secondYearMaster\thesis\reference\appeal\algorithms\preference_evaluate\deepskin\data\toMax\rendered_2max\m10i\m10il5k_01.jpg",1148,1530
m10il5k,m10,m10i,l5k,"D:\work\secondYearMaster\thesis\reference\appeal\algorithms\preference_evaluate\deepskin\data\toMax\rendered_face\m10i\m10il5k_31_face.jpg","D:\work\secondYearMaster\thesis\reference\appeal\algorithms\preference_evaluate\deepskin\data\toMax\rendered_2max\m10i\m10il5k_01.jpg",1148,1530
m10il5k,m10,m10i,l5k,"D:\work\secondYearMaster\thesis\reference\appeal\algorithms\preference_evaluate\deepskin\data\toMax\rendered_face\m10i\m10il5k_32_face.jpg","D:\work\secondYearMaster\thesis\reference\appeal\algorithms\preference_evaluate\deepskin\data\toMax\rendered_2max\m10i\m10il5k_01.jpg",1148,1530
m10il5k,m10,m10i,l5k,"D:\work\secondYearMaster\thesis\reference\appeal\algorithms\preference_evaluate\deepskin\data\toMax\rendered_face\m10i\m10il5k_33_face.jpg","D:\work\secondYearMaster\thesis\reference\appeal\algorithms\preference_evaluate\deepskin\data\toMax\rendered_2max\m10i\m10il5k_01.jpg",1148,1530
m10il6k,m10,m10i,l6k,"D:\work\secondYearMaster\thesis\reference\appeal\algorithms\preference_evaluate\deepskin\data\toMax\rendered_face\m10i\m10il6k_01_face.jpg","D:\work\secondYearMaster\thesis\reference\appeal\algorithms\preference_evaluate\deepskin\data\toMax\rendered_2max\m10i\m10il6k_01.jpg",1148,1530
m10il6k,m10,m10i,l6k,"D:\work\secondYearMaster\thesis\reference\appeal\algorithms\preference_evaluate\deepskin\data\toMax\rendered_face\m10i\m10il6k_02_face.jpg","D:\work\secondYearMaster\thesis\reference\appeal\algorithms\preference_evaluate\deepskin\data\toMax\rendered_2max\m10i\m10il6k_01.jpg",1148,1530
m10il6k,m10,m10i,l6k,"D:\work\secondYearMaster\thesis\reference\appeal\algorithms\preference_evaluate\deepskin\data\toMax\rendered_face\m10i\m10il6k_03_face.jpg","D:\work\secondYearMaster\thesis\reference\appeal\algorithms\preference_evaluate\deepskin\data\toMax\rendered_2max\m10i\m10il6k_01.jpg",1148,1530
m10il6k,m10,m10i,l6k,"D:\work\secondYearMaster\thesis\reference\appeal\algorithms\preference_evaluate\deepskin\data\toMax\rendered_face\m10i\m10il6k_04_face.jpg","D:\work\secondYearMaster\thesis\reference\appeal\algorithms\preference_evaluate\deepskin\data\toMax\rendered_2max\m10i\m10il6k_01.jpg",1148,1530
m10il6k,m10,m10i,l6k,"D:\work\secondYearMaster\thesis\reference\appeal\algorithms\preference_evaluate\deepskin\data\toMax\rendered_face\m10i\m10il6k_05_face.jpg","D:\work\secondYearMaster\thesis\reference\appeal\algorithms\preference_evaluate\deepskin\data\toMax\rendered_2max\m10i\m10il6k_01.jpg",1148,1530
m10il6k,m10,m10i,l6k,"D:\work\secondYearMaster\thesis\reference\appeal\algorithms\preference_evaluate\deepskin\data\toMax\rendered_face\m10i\m10il6k_06_face.jpg","D:\work\secondYearMaster\thesis\reference\appeal\algorithms\preference_evaluate\deepskin\data\toMax\rendered_2max\m10i\m10il6k_01.jpg",1148,1530
m10il6k,m10,m10i,l6k,"D:\work\secondYearMaster\thesis\reference\appeal\algorithms\preference_evaluate\deepskin\data\toMax\rendered_face\m10i\m10il6k_07_face.jpg","D:\work\secondYearMaster\thesis\reference\appeal\algorithms\preference_evaluate\deepskin\data\toMax\rendered_2max\m10i\m10il6k_01.jpg",1148,1530
m10il6k,m10,m10i,l6k,"D:\work\secondYearMaster\thesis\reference\appeal\algorithms\preference_evaluate\deepskin\data\toMax\rendered_face\m10i\m10il6k_08_face.jpg","D:\work\secondYearMaster\thesis\reference\appeal\algorithms\preference_evaluate\deepskin\data\toMax\rendered_2max\m10i\m10il6k_01.jpg",1148,1530
m10il6k,m10,m10i,l6k,"D:\work\secondYearMaster\thesis\reference\appeal\algorithms\preference_evaluate\deepskin\data\toMax\rendered_face\m10i\m10il6k_09_face.jpg","D:\work\secondYearMaster\thesis\reference\appeal\algorithms\preference_evaluate\deepskin\data\toMax\rendered_2max\m10i\m10il6k_01.jpg",1148,1530
m10il6k,m10,m10i,l6k,"D:\work\secondYearMaster\thesis\reference\appeal\algorithms\preference_evaluate\deepskin\data\toMax\rendered_face\m10i\m10il6k_10_face.jpg","D:\work\secondYearMaster\thesis\reference\appeal\algorithms\preference_evaluate\deepskin\data\toMax\rendered_2max\m10i\m10il6k_01.jpg",1148,1530
m10il6k,m10,m10i,l6k,"D:\work\secondYearMaster\thesis\reference\appeal\algorithms\preference_evaluate\deepskin\data\toMax\rendered_face\m10i\m10il6k_11_face.jpg","D:\work\secondYearMaster\thesis\reference\appeal\algorithms\preference_evaluate\deepskin\data\toMax\rendered_2max\m10i\m10il6k_01.jpg",1148,1530
m10il6k,m10,m10i,l6k,"D:\work\secondYearMaster\thesis\reference\appeal\algorithms\preference_evaluate\deepskin\data\toMax\rendered_face\m10i\m10il6k_12_face.jpg","D:\work\secondYearMaster\thesis\reference\appeal\algorithms\preference_evaluate\deepskin\data\toMax\rendered_2max\m10i\m10il6k_01.jpg",1148,1530
m10il6k,m10,m10i,l6k,"D:\work\secondYearMaster\thesis\reference\appeal\algorithms\preference_evaluate\deepskin\data\toMax\rendered_face\m10i\m10il6k_13_face.jpg","D:\work\secondYearMaster\thesis\reference\appeal\algorithms\preference_evaluate\deepskin\data\toMax\rendered_2max\m10i\m10il6k_01.jpg",1148,1530
m10il6k,m10,m10i,l6k,"D:\work\secondYearMaster\thesis\reference\appeal\algorithms\preference_evaluate\deepskin\data\toMax\rendered_face\m10i\m10il6k_14_face.jpg","D:\work\secondYearMaster\thesis\reference\appeal\algorithms\preference_evaluate\deepskin\data\toMax\rendered_2max\m10i\m10il6k_01.jpg",1148,1530
m10il6k,m10,m10i,l6k,"D:\work\secondYearMaster\thesis\reference\appeal\algorithms\preference_evaluate\deepskin\data\toMax\rendered_face\m10i\m10il6k_15_face.jpg","D:\work\secondYearMaster\thesis\reference\appeal\algorithms\preference_evaluate\deepskin\data\toMax\rendered_2max\m10i\m10il6k_01.jpg",1148,1530
m10il6k,m10,m10i,l6k,"D:\work\secondYearMaster\thesis\reference\appeal\algorithms\preference_evaluate\deepskin\data\toMax\rendered_face\m10i\m10il6k_16_face.jpg","D:\work\secondYearMaster\thesis\reference\appeal\algorithms\preference_evaluate\deepskin\data\toMax\rendered_2max\m10i\m10il6k_01.jpg",1148,1530
m10il6k,m10,m10i,l6k,"D:\work\secondYearMaster\thesis\reference\appeal\algorithms\preference_evaluate\deepskin\data\toMax\rendered_face\m10i\m10il6k_17_face.jpg","D:\work\secondYearMaster\thesis\reference\appeal\algorithms\preference_evaluate\deepskin\data\toMax\rendered_2max\m10i\m10il6k_01.jpg",1148,1530
m10il6k,m10,m10i,l6k,"D:\work\secondYearMaster\thesis\reference\appeal\algorithms\preference_evaluate\deepskin\data\toMax\rendered_face\m10i\m10il6k_18_face.jpg","D:\work\secondYearMaster\thesis\reference\appeal\algorithms\preference_evaluate\deepskin\data\toMax\rendered_2max\m10i\m10il6k_01.jpg",1148,1530
m10il6k,m10,m10i,l6k,"D:\work\secondYearMaster\thesis\reference\appeal\algorithms\preference_evaluate\deepskin\data\toMax\rendered_face\m10i\m10il6k_19_face.jpg","D:\work\secondYearMaster\thesis\reference\appeal\algorithms\preference_evaluate\deepskin\data\toMax\rendered_2max\m10i\m10il6k_01.jpg",1148,1530
m10il6k,m10,m10i,l6k,"D:\work\secondYearMaster\thesis\reference\appeal\algorithms\preference_evaluate\deepskin\data\toMax\rendered_face\m10i\m10il6k_20_face.jpg","D:\work\secondYearMaster\thesis\reference\appeal\algorithms\preference_evaluate\deepskin\data\toMax\rendered_2max\m10i\m10il6k_01.jpg",1148,1530
m10il6k,m10,m10i,l6k,"D:\work\secondYearMaster\thesis\reference\appeal\algorithms\preference_evaluate\deepskin\data\toMax\rendered_face\m10i\m10il6k_21_face.jpg","D:\work\secondYearMaster\thesis\reference\appeal\algorithms\preference_evaluate\deepskin\data\toMax\rendered_2max\m10i\m10il6k_01.jpg",1148,1530
m10il6k,m10,m10i,l6k,"D:\work\secondYearMaster\thesis\reference\appeal\algorithms\preference_evaluate\deepskin\data\toMax\rendered_face\m10i\m10il6k_22_face.jpg","D:\work\secondYearMaster\thesis\reference\appeal\algorithms\preference_evaluate\deepskin\data\toMax\rendered_2max\m10i\m10il6k_01.jpg",1148,1530
m10il6k,m10,m10i,l6k,"D:\work\secondYearMaster\thesis\reference\appeal\algorithms\preference_evaluate\deepskin\data\toMax\rendered_face\m10i\m10il6k_23_face.jpg","D:\work\secondYearMaster\thesis\reference\appeal\algorithms\preference_evaluate\deepskin\data\toMax\rendered_2max\m10i\m10il6k_01.jpg",1148,1530
m10il6k,m10,m10i,l6k,"D:\work\secondYearMaster\thesis\reference\appeal\algorithms\preference_evaluate\deepskin\data\toMax\rendered_face\m10i\m10il6k_24_face.jpg","D:\work\secondYearMaster\thesis\reference\appeal\algorithms\preference_evaluate\deepskin\data\toMax\rendered_2max\m10i\m10il6k_01.jpg",1148,1530
m10il6k,m10,m10i,l6k,"D:\work\secondYearMaster\thesis\reference\appeal\algorithms\preference_evaluate\deepskin\data\toMax\rendered_face\m10i\m10il6k_25_face.jpg","D:\work\secondYearMaster\thesis\reference\appeal\algorithms\preference_evaluate\deepskin\data\toMax\rendered_2max\m10i\m10il6k_01.jpg",1148,1530
m10il6k,m10,m10i,l6k,"D:\work\secondYearMaster\thesis\reference\appeal\algorithms\preference_evaluate\deepskin\data\toMax\rendered_face\m10i\m10il6k_26_face.jpg","D:\work\secondYearMaster\thesis\reference\appeal\algorithms\preference_evaluate\deepskin\data\toMax\rendered_2max\m10i\m10il6k_01.jpg",1148,1530
m10il6k,m10,m10i,l6k,"D:\work\secondYearMaster\thesis\reference\appeal\algorithms\preference_evaluate\deepskin\data\toMax\rendered_face\m10i\m10il6k_27_face.jpg","D:\work\secondYearMaster\thesis\reference\appeal\algorithms\preference_evaluate\deepskin\data\toMax\rendered_2max\m10i\m10il6k_01.jpg",1148,1530
m10il6k,m10,m10i,l6k,"D:\work\secondYearMaster\thesis\reference\appeal\algorithms\preference_evaluate\deepskin\data\toMax\rendered_face\m10i\m10il6k_28_face.jpg","D:\work\secondYearMaster\thesis\reference\appeal\algorithms\preference_evaluate\deepskin\data\toMax\rendered_2max\m10i\m10il6k_01.jpg",1148,1530
m10il6k,m10,m10i,l6k,"D:\work\secondYearMaster\thesis\reference\appeal\algorithms\preference_evaluate\deepskin\data\toMax\rendered_face\m10i\m10il6k_29_face.jpg","D:\work\secondYearMaster\thesis\reference\appeal\algorithms\preference_evaluate\deepskin\data\toMax\rendered_2max\m10i\m10il6k_01.jpg",1148,1530
m10il6k,m10,m10i,l6k,"D:\work\secondYearMaster\thesis\reference\appeal\algorithms\preference_evaluate\deepskin\data\toMax\rendered_face\m10i\m10il6k_30_face.jpg","D:\work\secondYearMaster\thesis\reference\appeal\algorithms\preference_evaluate\deepskin\data\toMax\rendered_2max\m10i\m10il6k_01.jpg",1148,1530
m10il6k,m10,m10i,l6k,"D:\work\secondYearMaster\thesis\reference\appeal\algorithms\preference_evaluate\deepskin\data\toMax\rendered_face\m10i\m10il6k_31_face.jpg","D:\work\secondYearMaster\thesis\reference\appeal\algorithms\preference_evaluate\deepskin\data\toMax\rendered_2max\m10i\m10il6k_01.jpg",1148,1530
m10il6k,m10,m10i,l6k,"D:\work\secondYearMaster\thesis\reference\appeal\algorithms\preference_evaluate\deepskin\data\toMax\rendered_face\m10i\m10il6k_32_face.jpg","D:\work\secondYearMaster\thesis\reference\appeal\algorithms\preference_evaluate\deepskin\data\toMax\rendered_2max\m10i\m10il6k_01.jpg",1148,1530
m10il6k,m10,m10i,l6k,"D:\work\secondYearMaster\thesis\reference\appeal\algorithms\preference_evaluate\deepskin\data\toMax\rendered_face\m10i\m10il6k_33_face.jpg","D:\work\secondYearMaster\thesis\reference\appeal\algorithms\preference_evaluate\deepskin\data\toMax\rendered_2max\m10i\m10il6k_01.jpg",1148,1530
m10il7k,m10,m10i,l7k,"D:\work\secondYearMaster\thesis\reference\appeal\algorithms\preference_evaluate\deepskin\data\toMax\rendered_face\m10i\m10il7k_01_face.jpg","D:\work\secondYearMaster\thesis\reference\appeal\algorithms\preference_evaluate\deepskin\data\toMax\rendered_2max\m10i\m10il7k_01.jpg",1148,1530
m10il7k,m10,m10i,l7k,"D:\work\secondYearMaster\thesis\reference\appeal\algorithms\preference_evaluate\deepskin\data\toMax\rendered_face\m10i\m10il7k_02_face.jpg","D:\work\secondYearMaster\thesis\reference\appeal\algorithms\preference_evaluate\deepskin\data\toMax\rendered_2max\m10i\m10il7k_01.jpg",1148,1530
m10il7k,m10,m10i,l7k,"D:\work\secondYearMaster\thesis\reference\appeal\algorithms\preference_evaluate\deepskin\data\toMax\rendered_face\m10i\m10il7k_03_face.jpg","D:\work\secondYearMaster\thesis\reference\appeal\algorithms\preference_evaluate\deepskin\data\toMax\rendered_2max\m10i\m10il7k_01.jpg",1148,1530
m10il7k,m10,m10i,l7k,"D:\work\secondYearMaster\thesis\reference\appeal\algorithms\preference_evaluate\deepskin\data\toMax\rendered_face\m10i\m10il7k_04_face.jpg","D:\work\secondYearMaster\thesis\reference\appeal\algorithms\preference_evaluate\deepskin\data\toMax\rendered_2max\m10i\m10il7k_01.jpg",1148,1530
m10il7k,m10,m10i,l7k,"D:\work\secondYearMaster\thesis\reference\appeal\algorithms\preference_evaluate\deepskin\data\toMax\rendered_face\m10i\m10il7k_05_face.jpg","D:\work\secondYearMaster\thesis\reference\appeal\algorithms\preference_evaluate\deepskin\data\toMax\rendered_2max\m10i\m10il7k_01.jpg",1148,1530
m10il7k,m10,m10i,l7k,"D:\work\secondYearMaster\thesis\reference\appeal\algorithms\preference_evaluate\deepskin\data\toMax\rendered_face\m10i\m10il7k_06_face.jpg","D:\work\secondYearMaster\thesis\reference\appeal\algorithms\preference_evaluate\deepskin\data\toMax\rendered_2max\m10i\m10il7k_01.jpg",1148,1530
m10il7k,m10,m10i,l7k,"D:\work\secondYearMaster\thesis\reference\appeal\algorithms\preference_evaluate\deepskin\data\toMax\rendered_face\m10i\m10il7k_07_face.jpg","D:\work\secondYearMaster\thesis\reference\appeal\algorithms\preference_evaluate\deepskin\data\toMax\rendered_2max\m10i\m10il7k_01.jpg",1148,1530
m10il7k,m10,m10i,l7k,"D:\work\secondYearMaster\thesis\reference\appeal\algorithms\preference_evaluate\deepskin\data\toMax\rendered_face\m10i\m10il7k_08_face.jpg","D:\work\secondYearMaster\thesis\reference\appeal\algorithms\preference_evaluate\deepskin\data\toMax\rendered_2max\m10i\m10il7k_01.jpg",1148,1530
m10il7k,m10,m10i,l7k,"D:\work\secondYearMaster\thesis\reference\appeal\algorithms\preference_evaluate\deepskin\data\toMax\rendered_face\m10i\m10il7k_09_face.jpg","D:\work\secondYearMaster\thesis\reference\appeal\algorithms\preference_evaluate\deepskin\data\toMax\rendered_2max\m10i\m10il7k_01.jpg",1148,1530
m10il7k,m10,m10i,l7k,"D:\work\secondYearMaster\thesis\reference\appeal\algorithms\preference_evaluate\deepskin\data\toMax\rendered_face\m10i\m10il7k_10_face.jpg","D:\work\secondYearMaster\thesis\reference\appeal\algorithms\preference_evaluate\deepskin\data\toMax\rendered_2max\m10i\m10il7k_01.jpg",1148,1530
m10il7k,m10,m10i,l7k,"D:\work\secondYearMaster\thesis\reference\appeal\algorithms\preference_evaluate\deepskin\data\toMax\rendered_face\m10i\m10il7k_11_face.jpg","D:\work\secondYearMaster\thesis\reference\appeal\algorithms\preference_evaluate\deepskin\data\toMax\rendered_2max\m10i\m10il7k_01.jpg",1148,1530
m10il7k,m10,m10i,l7k,"D:\work\secondYearMaster\thesis\reference\appeal\algorithms\preference_evaluate\deepskin\data\toMax\rendered_face\m10i\m10il7k_12_face.jpg","D:\work\secondYearMaster\thesis\reference\appeal\algorithms\preference_evaluate\deepskin\data\toMax\rendered_2max\m10i\m10il7k_01.jpg",1148,1530
m10il7k,m10,m10i,l7k,"D:\work\secondYearMaster\thesis\reference\appeal\algorithms\preference_evaluate\deepskin\data\toMax\rendered_face\m10i\m10il7k_13_face.jpg","D:\work\secondYearMaster\thesis\reference\appeal\algorithms\preference_evaluate\deepskin\data\toMax\rendered_2max\m10i\m10il7k_01.jpg",1148,1530
m10il7k,m10,m10i,l7k,"D:\work\secondYearMaster\thesis\reference\appeal\algorithms\preference_evaluate\deepskin\data\toMax\rendered_face\m10i\m10il7k_14_face.jpg","D:\work\secondYearMaster\thesis\reference\appeal\algorithms\preference_evaluate\deepskin\data\toMax\rendered_2max\m10i\m10il7k_01.jpg",1148,1530
m10il7k,m10,m10i,l7k,"D:\work\secondYearMaster\thesis\reference\appeal\algorithms\preference_evaluate\deepskin\data\toMax\rendered_face\m10i\m10il7k_15_face.jpg","D:\work\secondYearMaster\thesis\reference\appeal\algorithms\preference_evaluate\deepskin\data\toMax\rendered_2max\m10i\m10il7k_01.jpg",1148,1530
m10il7k,m10,m10i,l7k,"D:\work\secondYearMaster\thesis\reference\appeal\algorithms\preference_evaluate\deepskin\data\toMax\rendered_face\m10i\m10il7k_16_face.jpg","D:\work\secondYearMaster\thesis\reference\appeal\algorithms\preference_evaluate\deepskin\data\toMax\rendered_2max\m10i\m10il7k_01.jpg",1148,1530
m10il7k,m10,m10i,l7k,"D:\work\secondYearMaster\thesis\reference\appeal\algorithms\preference_evaluate\deepskin\data\toMax\rendered_face\m10i\m10il7k_17_face.jpg","D:\work\secondYearMaster\thesis\reference\appeal\algorithms\preference_evaluate\deepskin\data\toMax\rendered_2max\m10i\m10il7k_01.jpg",1148,1530
m10il7k,m10,m10i,l7k,"D:\work\secondYearMaster\thesis\reference\appeal\algorithms\preference_evaluate\deepskin\data\toMax\rendered_face\m10i\m10il7k_18_face.jpg","D:\work\secondYearMaster\thesis\reference\appeal\algorithms\preference_evaluate\deepskin\data\toMax\rendered_2max\m10i\m10il7k_01.jpg",1148,1530
m10il7k,m10,m10i,l7k,"D:\work\secondYearMaster\thesis\reference\appeal\algorithms\preference_evaluate\deepskin\data\toMax\rendered_face\m10i\m10il7k_19_face.jpg","D:\work\secondYearMaster\thesis\reference\appeal\algorithms\preference_evaluate\deepskin\data\toMax\rendered_2max\m10i\m10il7k_01.jpg",1148,1530
m10il7k,m10,m10i,l7k,"D:\work\secondYearMaster\thesis\reference\appeal\algorithms\preference_evaluate\deepskin\data\toMax\rendered_face\m10i\m10il7k_20_face.jpg","D:\work\secondYearMaster\thesis\reference\appeal\algorithms\preference_evaluate\deepskin\data\toMax\rendered_2max\m10i\m10il7k_01.jpg",1148,1530
m10il7k,m10,m10i,l7k,"D:\work\secondYearMaster\thesis\reference\appeal\algorithms\preference_evaluate\deepskin\data\toMax\rendered_face\m10i\m10il7k_21_face.jpg","D:\work\secondYearMaster\thesis\reference\appeal\algorithms\preference_evaluate\deepskin\data\toMax\rendered_2max\m10i\m10il7k_01.jpg",1148,1530
m10il7k,m10,m10i,l7k,"D:\work\secondYearMaster\thesis\reference\appeal\algorithms\preference_evaluate\deepskin\data\toMax\rendered_face\m10i\m10il7k_22_face.jpg","D:\work\secondYearMaster\thesis\reference\appeal\algorithms\preference_evaluate\deepskin\data\toMax\rendered_2max\m10i\m10il7k_01.jpg",1148,1530
m10il7k,m10,m10i,l7k,"D:\work\secondYearMaster\thesis\reference\appeal\algorithms\preference_evaluate\deepskin\data\toMax\rendered_face\m10i\m10il7k_23_face.jpg","D:\work\secondYearMaster\thesis\reference\appeal\algorithms\preference_evaluate\deepskin\data\toMax\rendered_2max\m10i\m10il7k_01.jpg",1148,1530
m10il7k,m10,m10i,l7k,"D:\work\secondYearMaster\thesis\reference\appeal\algorithms\preference_evaluate\deepskin\data\toMax\rendered_face\m10i\m10il7k_24_face.jpg","D:\work\secondYearMaster\thesis\reference\appeal\algorithms\preference_evaluate\deepskin\data\toMax\rendered_2max\m10i\m10il7k_01.jpg",1148,1530
m10il7k,m10,m10i,l7k,"D:\work\secondYearMaster\thesis\reference\appeal\algorithms\preference_evaluate\deepskin\data\toMax\rendered_face\m10i\m10il7k_25_face.jpg","D:\work\secondYearMaster\thesis\reference\appeal\algorithms\preference_evaluate\deepskin\data\toMax\rendered_2max\m10i\m10il7k_01.jpg",1148,1530
m10il7k,m10,m10i,l7k,"D:\work\secondYearMaster\thesis\reference\appeal\algorithms\preference_evaluate\deepskin\data\toMax\rendered_face\m10i\m10il7k_26_face.jpg","D:\work\secondYearMaster\thesis\reference\appeal\algorithms\preference_evaluate\deepskin\data\toMax\rendered_2max\m10i\m10il7k_01.jpg",1148,1530
m10il7k,m10,m10i,l7k,"D:\work\secondYearMaster\thesis\reference\appeal\algorithms\preference_evaluate\deepskin\data\toMax\rendered_face\m10i\m10il7k_27_face.jpg","D:\work\secondYearMaster\thesis\reference\appeal\algorithms\preference_evaluate\deepskin\data\toMax\rendered_2max\m10i\m10il7k_01.jpg",1148,1530
m10il7k,m10,m10i,l7k,"D:\work\secondYearMaster\thesis\reference\appeal\algorithms\preference_evaluate\deepskin\data\toMax\rendered_face\m10i\m10il7k_28_face.jpg","D:\work\secondYearMaster\thesis\reference\appeal\algorithms\preference_evaluate\deepskin\data\toMax\rendered_2max\m10i\m10il7k_01.jpg",1148,1530
m10il7k,m10,m10i,l7k,"D:\work\secondYearMaster\thesis\reference\appeal\algorithms\preference_evaluate\deepskin\data\toMax\rendered_face\m10i\m10il7k_29_face.jpg","D:\work\secondYearMaster\thesis\reference\appeal\algorithms\preference_evaluate\deepskin\data\toMax\rendered_2max\m10i\m10il7k_01.jpg",1148,1530
m10il7k,m10,m10i,l7k,"D:\work\secondYearMaster\thesis\reference\appeal\algorithms\preference_evaluate\deepskin\data\toMax\rendered_face\m10i\m10il7k_30_face.jpg","D:\work\secondYearMaster\thesis\reference\appeal\algorithms\preference_evaluate\deepskin\data\toMax\rendered_2max\m10i\m10il7k_01.jpg",1148,1530
m10il7k,m10,m10i,l7k,"D:\work\secondYearMaster\thesis\reference\appeal\algorithms\preference_evaluate\deepskin\data\toMax\rendered_face\m10i\m10il7k_31_face.jpg","D:\work\secondYearMaster\thesis\reference\appeal\algorithms\preference_evaluate\deepskin\data\toMax\rendered_2max\m10i\m10il7k_01.jpg",1148,1530
m10il7k,m10,m10i,l7k,"D:\work\secondYearMaster\thesis\reference\appeal\algorithms\preference_evaluate\deepskin\data\toMax\rendered_face\m10i\m10il7k_32_face.jpg","D:\work\secondYearMaster\thesis\reference\appeal\algorithms\preference_evaluate\deepskin\data\toMax\rendered_2max\m10i\m10il7k_01.jpg",1148,1530
m10il7k,m10,m10i,l7k,"D:\work\secondYearMaster\thesis\reference\appeal\algorithms\preference_evaluate\deepskin\data\toMax\rendered_face\m10i\m10il7k_33_face.jpg","D:\work\secondYearMaster\thesis\reference\appeal\algorithms\preference_evaluate\deepskin\data\toMax\rendered_2max\m10i\m10il7k_01.jpg",1148,1530
m10il8k,m10,m10i,l8k,"D:\work\secondYearMaster\thesis\reference\appeal\algorithms\preference_evaluate\deepskin\data\toMax\rendered_face\m10i\m10il8k_01_face.jpg","D:\work\secondYearMaster\thesis\reference\appeal\algorithms\preference_evaluate\deepskin\data\toMax\rendered_2max\m10i\m10il8k_01.jpg",1148,1530
m10il8k,m10,m10i,l8k,"D:\work\secondYearMaster\thesis\reference\appeal\algorithms\preference_evaluate\deepskin\data\toMax\rendered_face\m10i\m10il8k_02_face.jpg","D:\work\secondYearMaster\thesis\reference\appeal\algorithms\preference_evaluate\deepskin\data\toMax\rendered_2max\m10i\m10il8k_01.jpg",1148,1530
m10il8k,m10,m10i,l8k,"D:\work\secondYearMaster\thesis\reference\appeal\algorithms\preference_evaluate\deepskin\data\toMax\rendered_face\m10i\m10il8k_03_face.jpg","D:\work\secondYearMaster\thesis\reference\appeal\algorithms\preference_evaluate\deepskin\data\toMax\rendered_2max\m10i\m10il8k_01.jpg",1148,1530
m10il8k,m10,m10i,l8k,"D:\work\secondYearMaster\thesis\reference\appeal\algorithms\preference_evaluate\deepskin\data\toMax\rendered_face\m10i\m10il8k_04_face.jpg","D:\work\secondYearMaster\thesis\reference\appeal\algorithms\preference_evaluate\deepskin\data\toMax\rendered_2max\m10i\m10il8k_01.jpg",1148,1530
m10il8k,m10,m10i,l8k,"D:\work\secondYearMaster\thesis\reference\appeal\algorithms\preference_evaluate\deepskin\data\toMax\rendered_face\m10i\m10il8k_05_face.jpg","D:\work\secondYearMaster\thesis\reference\appeal\algorithms\preference_evaluate\deepskin\data\toMax\rendered_2max\m10i\m10il8k_01.jpg",1148,1530
m10il8k,m10,m10i,l8k,"D:\work\secondYearMaster\thesis\reference\appeal\algorithms\preference_evaluate\deepskin\data\toMax\rendered_face\m10i\m10il8k_06_face.jpg","D:\work\secondYearMaster\thesis\reference\appeal\algorithms\preference_evaluate\deepskin\data\toMax\rendered_2max\m10i\m10il8k_01.jpg",1148,1530
m10il8k,m10,m10i,l8k,"D:\work\secondYearMaster\thesis\reference\appeal\algorithms\preference_evaluate\deepskin\data\toMax\rendered_face\m10i\m10il8k_07_face.jpg","D:\work\secondYearMaster\thesis\reference\appeal\algorithms\preference_evaluate\deepskin\data\toMax\rendered_2max\m10i\m10il8k_01.jpg",1148,1530
m10il8k,m10,m10i,l8k,"D:\work\secondYearMaster\thesis\reference\appeal\algorithms\preference_evaluate\deepskin\data\toMax\rendered_face\m10i\m10il8k_08_face.jpg","D:\work\secondYearMaster\thesis\reference\appeal\algorithms\preference_evaluate\deepskin\data\toMax\rendered_2max\m10i\m10il8k_01.jpg",1148,1530
m10il8k,m10,m10i,l8k,"D:\work\secondYearMaster\thesis\reference\appeal\algorithms\preference_evaluate\deepskin\data\toMax\rendered_face\m10i\m10il8k_09_face.jpg","D:\work\secondYearMaster\thesis\reference\appeal\algorithms\preference_evaluate\deepskin\data\toMax\rendered_2max\m10i\m10il8k_01.jpg",1148,1530
m10il8k,m10,m10i,l8k,"D:\work\secondYearMaster\thesis\reference\appeal\algorithms\preference_evaluate\deepskin\data\toMax\rendered_face\m10i\m10il8k_10_face.jpg","D:\work\secondYearMaster\thesis\reference\appeal\algorithms\preference_evaluate\deepskin\data\toMax\rendered_2max\m10i\m10il8k_01.jpg",1148,1530
m10il8k,m10,m10i,l8k,"D:\work\secondYearMaster\thesis\reference\appeal\algorithms\preference_evaluate\deepskin\data\toMax\rendered_face\m10i\m10il8k_11_face.jpg","D:\work\secondYearMaster\thesis\reference\appeal\algorithms\preference_evaluate\deepskin\data\toMax\rendered_2max\m10i\m10il8k_01.jpg",1148,1530
m10il8k,m10,m10i,l8k,"D:\work\secondYearMaster\thesis\reference\appeal\algorithms\preference_evaluate\deepskin\data\toMax\rendered_face\m10i\m10il8k_12_face.jpg","D:\work\secondYearMaster\thesis\reference\appeal\algorithms\preference_evaluate\deepskin\data\toMax\rendered_2max\m10i\m10il8k_01.jpg",1148,1530
m10il8k,m10,m10i,l8k,"D:\work\secondYearMaster\thesis\reference\appeal\algorithms\preference_evaluate\deepskin\data\toMax\rendered_face\m10i\m10il8k_13_face.jpg","D:\work\secondYearMaster\thesis\reference\appeal\algorithms\preference_evaluate\deepskin\data\toMax\rendered_2max\m10i\m10il8k_01.jpg",1148,1530
m10il8k,m10,m10i,l8k,"D:\work\secondYearMaster\thesis\reference\appeal\algorithms\preference_evaluate\deepskin\data\toMax\rendered_face\m10i\m10il8k_14_face.jpg","D:\work\secondYearMaster\thesis\reference\appeal\algorithms\preference_evaluate\deepskin\data\toMax\rendered_2max\m10i\m10il8k_01.jpg",1148,1530
m10il8k,m10,m10i,l8k,"D:\work\secondYearMaster\thesis\reference\appeal\algorithms\preference_evaluate\deepskin\data\toMax\rendered_face\m10i\m10il8k_15_face.jpg","D:\work\secondYearMaster\thesis\reference\appeal\algorithms\preference_evaluate\deepskin\data\toMax\rendered_2max\m10i\m10il8k_01.jpg",1148,1530
m10il8k,m10,m10i,l8k,"D:\work\secondYearMaster\thesis\reference\appeal\algorithms\preference_evaluate\deepskin\data\toMax\rendered_face\m10i\m10il8k_16_face.jpg","D:\work\secondYearMaster\thesis\reference\appeal\algorithms\preference_evaluate\deepskin\data\toMax\rendered_2max\m10i\m10il8k_01.jpg",1148,1530
m10il8k,m10,m10i,l8k,"D:\work\secondYearMaster\thesis\reference\appeal\algorithms\preference_evaluate\deepskin\data\toMax\rendered_face\m10i\m10il8k_17_face.jpg","D:\work\secondYearMaster\thesis\reference\appeal\algorithms\preference_evaluate\deepskin\data\toMax\rendered_2max\m10i\m10il8k_01.jpg",1148,1530
m10il8k,m10,m10i,l8k,"D:\work\secondYearMaster\thesis\reference\appeal\algorithms\preference_evaluate\deepskin\data\toMax\rendered_face\m10i\m10il8k_18_face.jpg","D:\work\secondYearMaster\thesis\reference\appeal\algorithms\preference_evaluate\deepskin\data\toMax\rendered_2max\m10i\m10il8k_01.jpg",1148,1530
m10il8k,m10,m10i,l8k,"D:\work\secondYearMaster\thesis\reference\appeal\algorithms\preference_evaluate\deepskin\data\toMax\rendered_face\m10i\m10il8k_19_face.jpg","D:\work\secondYearMaster\thesis\reference\appeal\algorithms\preference_evaluate\deepskin\data\toMax\rendered_2max\m10i\m10il8k_01.jpg",1148,1530
m10il8k,m10,m10i,l8k,"D:\work\secondYearMaster\thesis\reference\appeal\algorithms\preference_evaluate\deepskin\data\toMax\rendered_face\m10i\m10il8k_20_face.jpg","D:\work\secondYearMaster\thesis\reference\appeal\algorithms\preference_evaluate\deepskin\data\toMax\rendered_2max\m10i\m10il8k_01.jpg",1148,1530
m10il8k,m10,m10i,l8k,"D:\work\secondYearMaster\thesis\reference\appeal\algorithms\preference_evaluate\deepskin\data\toMax\rendered_face\m10i\m10il8k_21_face.jpg","D:\work\secondYearMaster\thesis\reference\appeal\algorithms\preference_evaluate\deepskin\data\toMax\rendered_2max\m10i\m10il8k_01.jpg",1148,1530
m10il8k,m10,m10i,l8k,"D:\work\secondYearMaster\thesis\reference\appeal\algorithms\preference_evaluate\deepskin\data\toMax\rendered_face\m10i\m10il8k_22_face.jpg","D:\work\secondYearMaster\thesis\reference\appeal\algorithms\preference_evaluate\deepskin\data\toMax\rendered_2max\m10i\m10il8k_01.jpg",1148,1530
m10il8k,m10,m10i,l8k,"D:\work\secondYearMaster\thesis\reference\appeal\algorithms\preference_evaluate\deepskin\data\toMax\rendered_face\m10i\m10il8k_23_face.jpg","D:\work\secondYearMaster\thesis\reference\appeal\algorithms\preference_evaluate\deepskin\data\toMax\rendered_2max\m10i\m10il8k_01.jpg",1148,1530
m10il8k,m10,m10i,l8k,"D:\work\secondYearMaster\thesis\reference\appeal\algorithms\preference_evaluate\deepskin\data\toMax\rendered_face\m10i\m10il8k_24_face.jpg","D:\work\secondYearMaster\thesis\reference\appeal\algorithms\preference_evaluate\deepskin\data\toMax\rendered_2max\m10i\m10il8k_01.jpg",1148,1530
m10il8k,m10,m10i,l8k,"D:\work\secondYearMaster\thesis\reference\appeal\algorithms\preference_evaluate\deepskin\data\toMax\rendered_face\m10i\m10il8k_25_face.jpg","D:\work\secondYearMaster\thesis\reference\appeal\algorithms\preference_evaluate\deepskin\data\toMax\rendered_2max\m10i\m10il8k_01.jpg",1148,1530
m10il8k,m10,m10i,l8k,"D:\work\secondYearMaster\thesis\reference\appeal\algorithms\preference_evaluate\deepskin\data\toMax\rendered_face\m10i\m10il8k_26_face.jpg","D:\work\secondYearMaster\thesis\reference\appeal\algorithms\preference_evaluate\deepskin\data\toMax\rendered_2max\m10i\m10il8k_01.jpg",1148,1530
m10il8k,m10,m10i,l8k,"D:\work\secondYearMaster\thesis\reference\appeal\algorithms\preference_evaluate\deepskin\data\toMax\rendered_face\m10i\m10il8k_27_face.jpg","D:\work\secondYearMaster\thesis\reference\appeal\algorithms\preference_evaluate\deepskin\data\toMax\rendered_2max\m10i\m10il8k_01.jpg",1148,1530
m10il8k,m10,m10i,l8k,"D:\work\secondYearMaster\thesis\reference\appeal\algorithms\preference_evaluate\deepskin\data\toMax\rendered_face\m10i\m10il8k_28_face.jpg","D:\work\secondYearMaster\thesis\reference\appeal\algorithms\preference_evaluate\deepskin\data\toMax\rendered_2max\m10i\m10il8k_01.jpg",1148,1530
m10il8k,m10,m10i,l8k,"D:\work\secondYearMaster\thesis\reference\appeal\algorithms\preference_evaluate\deepskin\data\toMax\rendered_face\m10i\m10il8k_29_face.jpg","D:\work\secondYearMaster\thesis\reference\appeal\algorithms\preference_evaluate\deepskin\data\toMax\rendered_2max\m10i\m10il8k_01.jpg",1148,1530
m10il8k,m10,m10i,l8k,"D:\work\secondYearMaster\thesis\reference\appeal\algorithms\preference_evaluate\deepskin\data\toMax\rendered_face\m10i\m10il8k_30_face.jpg","D:\work\secondYearMaster\thesis\reference\appeal\algorithms\preference_evaluate\deepskin\data\toMax\rendered_2max\m10i\m10il8k_01.jpg",1148,1530
m10il8k,m10,m10i,l8k,"D:\work\secondYearMaster\thesis\reference\appeal\algorithms\preference_evaluate\deepskin\data\toMax\rendered_face\m10i\m10il8k_31_face.jpg","D:\work\secondYearMaster\thesis\reference\appeal\algorithms\preference_evaluate\deepskin\data\toMax\rendered_2max\m10i\m10il8k_01.jpg",1148,1530
m10il8k,m10,m10i,l8k,"D:\work\secondYearMaster\thesis\reference\appeal\algorithms\preference_evaluate\deepskin\data\toMax\rendered_face\m10i\m10il8k_32_face.jpg","D:\work\secondYearMaster\thesis\reference\appeal\algorithms\preference_evaluate\deepskin\data\toMax\rendered_2max\m10i\m10il8k_01.jpg",1148,1530
m10il8k,m10,m10i,l8k,"D:\work\secondYearMaster\thesis\reference\appeal\algorithms\preference_evaluate\deepskin\data\toMax\rendered_face\m10i\m10il8k_33_face.jpg","D:\work\secondYearMaster\thesis\reference\appeal\algorithms\preference_evaluate\deepskin\data\toMax\rendered_2max\m10i\m10il8k_01.jpg",1148,1530
m10ild65,m10,m10i,ld65,"D:\work\secondYearMaster\thesis\reference\appeal\algorithms\preference_evaluate\deepskin\data\toMax\rendered_face\m10i\m10ild65_01_face.jpg","D:\work\secondYearMaster\thesis\reference\appeal\algorithms\preference_evaluate\deepskin\data\toMax\rendered_2max\m10i\m10ild65_01.jpg",1148,1530
m10ild65,m10,m10i,ld65,"D:\work\secondYearMaster\thesis\reference\appeal\algorithms\preference_evaluate\deepskin\data\toMax\rendered_face\m10i\m10ild65_02_face.jpg","D:\work\secondYearMaster\thesis\reference\appeal\algorithms\preference_evaluate\deepskin\data\toMax\rendered_2max\m10i\m10ild65_01.jpg",1148,1530
m10ild65,m10,m10i,ld65,"D:\work\secondYearMaster\thesis\reference\appeal\algorithms\preference_evaluate\deepskin\data\toMax\rendered_face\m10i\m10ild65_03_face.jpg","D:\work\secondYearMaster\thesis\reference\appeal\algorithms\preference_evaluate\deepskin\data\toMax\rendered_2max\m10i\m10ild65_01.jpg",1148,1530
m10ild65,m10,m10i,ld65,"D:\work\secondYearMaster\thesis\reference\appeal\algorithms\preference_evaluate\deepskin\data\toMax\rendered_face\m10i\m10ild65_04_face.jpg","D:\work\secondYearMaster\thesis\reference\appeal\algorithms\preference_evaluate\deepskin\data\toMax\rendered_2max\m10i\m10ild65_01.jpg",1148,1530
m10ild65,m10,m10i,ld65,"D:\work\secondYearMaster\thesis\reference\appeal\algorithms\preference_evaluate\deepskin\data\toMax\rendered_face\m10i\m10ild65_05_face.jpg","D:\work\secondYearMaster\thesis\reference\appeal\algorithms\preference_evaluate\deepskin\data\toMax\rendered_2max\m10i\m10ild65_01.jpg",1148,1530
m10ild65,m10,m10i,ld65,"D:\work\secondYearMaster\thesis\reference\appeal\algorithms\preference_evaluate\deepskin\data\toMax\rendered_face\m10i\m10ild65_06_face.jpg","D:\work\secondYearMaster\thesis\reference\appeal\algorithms\preference_evaluate\deepskin\data\toMax\rendered_2max\m10i\m10ild65_01.jpg",1148,1530
m10ild65,m10,m10i,ld65,"D:\work\secondYearMaster\thesis\reference\appeal\algorithms\preference_evaluate\deepskin\data\toMax\rendered_face\m10i\m10ild65_07_face.jpg","D:\work\secondYearMaster\thesis\reference\appeal\algorithms\preference_evaluate\deepskin\data\toMax\rendered_2max\m10i\m10ild65_01.jpg",1148,1530
m10ild65,m10,m10i,ld65,"D:\work\secondYearMaster\thesis\reference\appeal\algorithms\preference_evaluate\deepskin\data\toMax\rendered_face\m10i\m10ild65_08_face.jpg","D:\work\secondYearMaster\thesis\reference\appeal\algorithms\preference_evaluate\deepskin\data\toMax\rendered_2max\m10i\m10ild65_01.jpg",1148,1530
m10ild65,m10,m10i,ld65,"D:\work\secondYearMaster\thesis\reference\appeal\algorithms\preference_evaluate\deepskin\data\toMax\rendered_face\m10i\m10ild65_09_face.jpg","D:\work\secondYearMaster\thesis\reference\appeal\algorithms\preference_evaluate\deepskin\data\toMax\rendered_2max\m10i\m10ild65_01.jpg",1148,1530
m10ild65,m10,m10i,ld65,"D:\work\secondYearMaster\thesis\reference\appeal\algorithms\preference_evaluate\deepskin\data\toMax\rendered_face\m10i\m10ild65_10_face.jpg","D:\work\secondYearMaster\thesis\reference\appeal\algorithms\preference_evaluate\deepskin\data\toMax\rendered_2max\m10i\m10ild65_01.jpg",1148,1530
m10ild65,m10,m10i,ld65,"D:\work\secondYearMaster\thesis\reference\appeal\algorithms\preference_evaluate\deepskin\data\toMax\rendered_face\m10i\m10ild65_11_face.jpg","D:\work\secondYearMaster\thesis\reference\appeal\algorithms\preference_evaluate\deepskin\data\toMax\rendered_2max\m10i\m10ild65_01.jpg",1148,1530
m10ild65,m10,m10i,ld65,"D:\work\secondYearMaster\thesis\reference\appeal\algorithms\preference_evaluate\deepskin\data\toMax\rendered_face\m10i\m10ild65_12_face.jpg","D:\work\secondYearMaster\thesis\reference\appeal\algorithms\preference_evaluate\deepskin\data\toMax\rendered_2max\m10i\m10ild65_01.jpg",1148,1530
m10ild65,m10,m10i,ld65,"D:\work\secondYearMaster\thesis\reference\appeal\algorithms\preference_evaluate\deepskin\data\toMax\rendered_face\m10i\m10ild65_13_face.jpg","D:\work\secondYearMaster\thesis\reference\appeal\algorithms\preference_evaluate\deepskin\data\toMax\rendered_2max\m10i\m10ild65_01.jpg",1148,1530
m10ild65,m10,m10i,ld65,"D:\work\secondYearMaster\thesis\reference\appeal\algorithms\preference_evaluate\deepskin\data\toMax\rendered_face\m10i\m10ild65_14_face.jpg","D:\work\secondYearMaster\thesis\reference\appeal\algorithms\preference_evaluate\deepskin\data\toMax\rendered_2max\m10i\m10ild65_01.jpg",1148,1530
m10ild65,m10,m10i,ld65,"D:\work\secondYearMaster\thesis\reference\appeal\algorithms\preference_evaluate\deepskin\data\toMax\rendered_face\m10i\m10ild65_15_face.jpg","D:\work\secondYearMaster\thesis\reference\appeal\algorithms\preference_evaluate\deepskin\data\toMax\rendered_2max\m10i\m10ild65_01.jpg",1148,1530
m10ild65,m10,m10i,ld65,"D:\work\secondYearMaster\thesis\reference\appeal\algorithms\preference_evaluate\deepskin\data\toMax\rendered_face\m10i\m10ild65_16_face.jpg","D:\work\secondYearMaster\thesis\reference\appeal\algorithms\preference_evaluate\deepskin\data\toMax\rendered_2max\m10i\m10ild65_01.jpg",1148,1530
m10ild65,m10,m10i,ld65,"D:\work\secondYearMaster\thesis\reference\appeal\algorithms\preference_evaluate\deepskin\data\toMax\rendered_face\m10i\m10ild65_17_face.jpg","D:\work\secondYearMaster\thesis\reference\appeal\algorithms\preference_evaluate\deepskin\data\toMax\rendered_2max\m10i\m10ild65_01.jpg",1148,1530
m10ild65,m10,m10i,ld65,"D:\work\secondYearMaster\thesis\reference\appeal\algorithms\preference_evaluate\deepskin\data\toMax\rendered_face\m10i\m10ild65_18_face.jpg","D:\work\secondYearMaster\thesis\reference\appeal\algorithms\preference_evaluate\deepskin\data\toMax\rendered_2max\m10i\m10ild65_01.jpg",1148,1530
m10ild65,m10,m10i,ld65,"D:\work\secondYearMaster\thesis\reference\appeal\algorithms\preference_evaluate\deepskin\data\toMax\rendered_face\m10i\m10ild65_19_face.jpg","D:\work\secondYearMaster\thesis\reference\appeal\algorithms\preference_evaluate\deepskin\data\toMax\rendered_2max\m10i\m10ild65_01.jpg",1148,1530
m10ild65,m10,m10i,ld65,"D:\work\secondYearMaster\thesis\reference\appeal\algorithms\preference_evaluate\deepskin\data\toMax\rendered_face\m10i\m10ild65_20_face.jpg","D:\work\secondYearMaster\thesis\reference\appeal\algorithms\preference_evaluate\deepskin\data\toMax\rendered_2max\m10i\m10ild65_01.jpg",1148,1530
m10ild65,m10,m10i,ld65,"D:\work\secondYearMaster\thesis\reference\appeal\algorithms\preference_evaluate\deepskin\data\toMax\rendered_face\m10i\m10ild65_21_face.jpg","D:\work\secondYearMaster\thesis\reference\appeal\algorithms\preference_evaluate\deepskin\data\toMax\rendered_2max\m10i\m10ild65_01.jpg",1148,1530
m10ild65,m10,m10i,ld65,"D:\work\secondYearMaster\thesis\reference\appeal\algorithms\preference_evaluate\deepskin\data\toMax\rendered_face\m10i\m10ild65_22_face.jpg","D:\work\secondYearMaster\thesis\reference\appeal\algorithms\preference_evaluate\deepskin\data\toMax\rendered_2max\m10i\m10ild65_01.jpg",1148,1530
m10ild65,m10,m10i,ld65,"D:\work\secondYearMaster\thesis\reference\appeal\algorithms\preference_evaluate\deepskin\data\toMax\rendered_face\m10i\m10ild65_23_face.jpg","D:\work\secondYearMaster\thesis\reference\appeal\algorithms\preference_evaluate\deepskin\data\toMax\rendered_2max\m10i\m10ild65_01.jpg",1148,1530
m10ild65,m10,m10i,ld65,"D:\work\secondYearMaster\thesis\reference\appeal\algorithms\preference_evaluate\deepskin\data\toMax\rendered_face\m10i\m10ild65_24_face.jpg","D:\work\secondYearMaster\thesis\reference\appeal\algorithms\preference_evaluate\deepskin\data\toMax\rendered_2max\m10i\m10ild65_01.jpg",1148,1530
m10ild65,m10,m10i,ld65,"D:\work\secondYearMaster\thesis\reference\appeal\algorithms\preference_evaluate\deepskin\data\toMax\rendered_face\m10i\m10ild65_25_face.jpg","D:\work\secondYearMaster\thesis\reference\appeal\algorithms\preference_evaluate\deepskin\data\toMax\rendered_2max\m10i\m10ild65_01.jpg",1148,1530
m10ild65,m10,m10i,ld65,"D:\work\secondYearMaster\thesis\reference\appeal\algorithms\preference_evaluate\deepskin\data\toMax\rendered_face\m10i\m10ild65_26_face.jpg","D:\work\secondYearMaster\thesis\reference\appeal\algorithms\preference_evaluate\deepskin\data\toMax\rendered_2max\m10i\m10ild65_01.jpg",1148,1530
m10ild65,m10,m10i,ld65,"D:\work\secondYearMaster\thesis\reference\appeal\algorithms\preference_evaluate\deepskin\data\toMax\rendered_face\m10i\m10ild65_27_face.jpg","D:\work\secondYearMaster\thesis\reference\appeal\algorithms\preference_evaluate\deepskin\data\toMax\rendered_2max\m10i\m10ild65_01.jpg",1148,1530
m10ild65,m10,m10i,ld65,"D:\work\secondYearMaster\thesis\reference\appeal\algorithms\preference_evaluate\deepskin\data\toMax\rendered_face\m10i\m10ild65_28_face.jpg","D:\work\secondYearMaster\thesis\reference\appeal\algorithms\preference_evaluate\deepskin\data\toMax\rendered_2max\m10i\m10ild65_01.jpg",1148,1530
m10ild65,m10,m10i,ld65,"D:\work\secondYearMaster\thesis\reference\appeal\algorithms\preference_evaluate\deepskin\data\toMax\rendered_face\m10i\m10ild65_29_face.jpg","D:\work\secondYearMaster\thesis\reference\appeal\algorithms\preference_evaluate\deepskin\data\toMax\rendered_2max\m10i\m10ild65_01.jpg",1148,1530
m10ild65,m10,m10i,ld65,"D:\work\secondYearMaster\thesis\reference\appeal\algorithms\preference_evaluate\deepskin\data\toMax\rendered_face\m10i\m10ild65_30_face.jpg","D:\work\secondYearMaster\thesis\reference\appeal\algorithms\preference_evaluate\deepskin\data\toMax\rendered_2max\m10i\m10ild65_01.jpg",1148,1530
m10ild65,m10,m10i,ld65,"D:\work\secondYearMaster\thesis\reference\appeal\algorithms\preference_evaluate\deepskin\data\toMax\rendered_face\m10i\m10ild65_31_face.jpg","D:\work\secondYearMaster\thesis\reference\appeal\algorithms\preference_evaluate\deepskin\data\toMax\rendered_2max\m10i\m10ild65_01.jpg",1148,1530
m10ild65,m10,m10i,ld65,"D:\work\secondYearMaster\thesis\reference\appeal\algorithms\preference_evaluate\deepskin\data\toMax\rendered_face\m10i\m10ild65_32_face.jpg","D:\work\secondYearMaster\thesis\reference\appeal\algorithms\preference_evaluate\deepskin\data\toMax\rendered_2max\m10i\m10ild65_01.jpg",1148,1530
m10ild65,m10,m10i,ld65,"D:\work\secondYearMaster\thesis\reference\appeal\algorithms\preference_evaluate\deepskin\data\toMax\rendered_face\m10i\m10ild65_33_face.jpg","D:\work\secondYearMaster\thesis\reference\appeal\algorithms\preference_evaluate\deepskin\data\toMax\rendered_2max\m10i\m10ild65_01.jpg",1148,1530
m10im3k,m10,m10i,m3k,"D:\work\secondYearMaster\thesis\reference\appeal\algorithms\preference_evaluate\deepskin\data\toMax\rendered_face\m10i\m10im3k_01_face.jpg","D:\work\secondYearMaster\thesis\reference\appeal\algorithms\preference_evaluate\deepskin\data\toMax\rendered_2max\m10i\m10im3k_01.jpg",1148,1530
m10im3k,m10,m10i,m3k,"D:\work\secondYearMaster\thesis\reference\appeal\algorithms\preference_evaluate\deepskin\data\toMax\rendered_face\m10i\m10im3k_02_face.jpg","D:\work\secondYearMaster\thesis\reference\appeal\algorithms\preference_evaluate\deepskin\data\toMax\rendered_2max\m10i\m10im3k_01.jpg",1148,1530
m10im3k,m10,m10i,m3k,"D:\work\secondYearMaster\thesis\reference\appeal\algorithms\preference_evaluate\deepskin\data\toMax\rendered_face\m10i\m10im3k_03_face.jpg","D:\work\secondYearMaster\thesis\reference\appeal\algorithms\preference_evaluate\deepskin\data\toMax\rendered_2max\m10i\m10im3k_01.jpg",1148,1530
m10im3k,m10,m10i,m3k,"D:\work\secondYearMaster\thesis\reference\appeal\algorithms\preference_evaluate\deepskin\data\toMax\rendered_face\m10i\m10im3k_04_face.jpg","D:\work\secondYearMaster\thesis\reference\appeal\algorithms\preference_evaluate\deepskin\data\toMax\rendered_2max\m10i\m10im3k_01.jpg",1148,1530
m10im3k,m10,m10i,m3k,"D:\work\secondYearMaster\thesis\reference\appeal\algorithms\preference_evaluate\deepskin\data\toMax\rendered_face\m10i\m10im3k_05_face.jpg","D:\work\secondYearMaster\thesis\reference\appeal\algorithms\preference_evaluate\deepskin\data\toMax\rendered_2max\m10i\m10im3k_01.jpg",1148,1530
m10im3k,m10,m10i,m3k,"D:\work\secondYearMaster\thesis\reference\appeal\algorithms\preference_evaluate\deepskin\data\toMax\rendered_face\m10i\m10im3k_06_face.jpg","D:\work\secondYearMaster\thesis\reference\appeal\algorithms\preference_evaluate\deepskin\data\toMax\rendered_2max\m10i\m10im3k_01.jpg",1148,1530
m10im3k,m10,m10i,m3k,"D:\work\secondYearMaster\thesis\reference\appeal\algorithms\preference_evaluate\deepskin\data\toMax\rendered_face\m10i\m10im3k_07_face.jpg","D:\work\secondYearMaster\thesis\reference\appeal\algorithms\preference_evaluate\deepskin\data\toMax\rendered_2max\m10i\m10im3k_01.jpg",1148,1530
m10im3k,m10,m10i,m3k,"D:\work\secondYearMaster\thesis\reference\appeal\algorithms\preference_evaluate\deepskin\data\toMax\rendered_face\m10i\m10im3k_08_face.jpg","D:\work\secondYearMaster\thesis\reference\appeal\algorithms\preference_evaluate\deepskin\data\toMax\rendered_2max\m10i\m10im3k_01.jpg",1148,1530
m10im3k,m10,m10i,m3k,"D:\work\secondYearMaster\thesis\reference\appeal\algorithms\preference_evaluate\deepskin\data\toMax\rendered_face\m10i\m10im3k_09_face.jpg","D:\work\secondYearMaster\thesis\reference\appeal\algorithms\preference_evaluate\deepskin\data\toMax\rendered_2max\m10i\m10im3k_01.jpg",1148,1530
m10im3k,m10,m10i,m3k,"D:\work\secondYearMaster\thesis\reference\appeal\algorithms\preference_evaluate\deepskin\data\toMax\rendered_face\m10i\m10im3k_10_face.jpg","D:\work\secondYearMaster\thesis\reference\appeal\algorithms\preference_evaluate\deepskin\data\toMax\rendered_2max\m10i\m10im3k_01.jpg",1148,1530
m10im3k,m10,m10i,m3k,"D:\work\secondYearMaster\thesis\reference\appeal\algorithms\preference_evaluate\deepskin\data\toMax\rendered_face\m10i\m10im3k_11_face.jpg","D:\work\secondYearMaster\thesis\reference\appeal\algorithms\preference_evaluate\deepskin\data\toMax\rendered_2max\m10i\m10im3k_01.jpg",1148,1530
m10im3k,m10,m10i,m3k,"D:\work\secondYearMaster\thesis\reference\appeal\algorithms\preference_evaluate\deepskin\data\toMax\rendered_face\m10i\m10im3k_12_face.jpg","D:\work\secondYearMaster\thesis\reference\appeal\algorithms\preference_evaluate\deepskin\data\toMax\rendered_2max\m10i\m10im3k_01.jpg",1148,1530
m10im3k,m10,m10i,m3k,"D:\work\secondYearMaster\thesis\reference\appeal\algorithms\preference_evaluate\deepskin\data\toMax\rendered_face\m10i\m10im3k_13_face.jpg","D:\work\secondYearMaster\thesis\reference\appeal\algorithms\preference_evaluate\deepskin\data\toMax\rendered_2max\m10i\m10im3k_01.jpg",1148,1530
m10im3k,m10,m10i,m3k,"D:\work\secondYearMaster\thesis\reference\appeal\algorithms\preference_evaluate\deepskin\data\toMax\rendered_face\m10i\m10im3k_14_face.jpg","D:\work\secondYearMaster\thesis\reference\appeal\algorithms\preference_evaluate\deepskin\data\toMax\rendered_2max\m10i\m10im3k_01.jpg",1148,1530
m10im3k,m10,m10i,m3k,"D:\work\secondYearMaster\thesis\reference\appeal\algorithms\preference_evaluate\deepskin\data\toMax\rendered_face\m10i\m10im3k_15_face.jpg","D:\work\secondYearMaster\thesis\reference\appeal\algorithms\preference_evaluate\deepskin\data\toMax\rendered_2max\m10i\m10im3k_01.jpg",1148,1530
m10im3k,m10,m10i,m3k,"D:\work\secondYearMaster\thesis\reference\appeal\algorithms\preference_evaluate\deepskin\data\toMax\rendered_face\m10i\m10im3k_16_face.jpg","D:\work\secondYearMaster\thesis\reference\appeal\algorithms\preference_evaluate\deepskin\data\toMax\rendered_2max\m10i\m10im3k_01.jpg",1148,1530
m10im3k,m10,m10i,m3k,"D:\work\secondYearMaster\thesis\reference\appeal\algorithms\preference_evaluate\deepskin\data\toMax\rendered_face\m10i\m10im3k_17_face.jpg","D:\work\secondYearMaster\thesis\reference\appeal\algorithms\preference_evaluate\deepskin\data\toMax\rendered_2max\m10i\m10im3k_01.jpg",1148,1530
m10im3k,m10,m10i,m3k,"D:\work\secondYearMaster\thesis\reference\appeal\algorithms\preference_evaluate\deepskin\data\toMax\rendered_face\m10i\m10im3k_18_face.jpg","D:\work\secondYearMaster\thesis\reference\appeal\algorithms\preference_evaluate\deepskin\data\toMax\rendered_2max\m10i\m10im3k_01.jpg",1148,1530
m10im3k,m10,m10i,m3k,"D:\work\secondYearMaster\thesis\reference\appeal\algorithms\preference_evaluate\deepskin\data\toMax\rendered_face\m10i\m10im3k_19_face.jpg","D:\work\secondYearMaster\thesis\reference\appeal\algorithms\preference_evaluate\deepskin\data\toMax\rendered_2max\m10i\m10im3k_01.jpg",1148,1530
m10im3k,m10,m10i,m3k,"D:\work\secondYearMaster\thesis\reference\appeal\algorithms\preference_evaluate\deepskin\data\toMax\rendered_face\m10i\m10im3k_20_face.jpg","D:\work\secondYearMaster\thesis\reference\appeal\algorithms\preference_evaluate\deepskin\data\toMax\rendered_2max\m10i\m10im3k_01.jpg",1148,1530
m10im3k,m10,m10i,m3k,"D:\work\secondYearMaster\thesis\reference\appeal\algorithms\preference_evaluate\deepskin\data\toMax\rendered_face\m10i\m10im3k_21_face.jpg","D:\work\secondYearMaster\thesis\reference\appeal\algorithms\preference_evaluate\deepskin\data\toMax\rendered_2max\m10i\m10im3k_01.jpg",1148,1530
m10im3k,m10,m10i,m3k,"D:\work\secondYearMaster\thesis\reference\appeal\algorithms\preference_evaluate\deepskin\data\toMax\rendered_face\m10i\m10im3k_22_face.jpg","D:\work\secondYearMaster\thesis\reference\appeal\algorithms\preference_evaluate\deepskin\data\toMax\rendered_2max\m10i\m10im3k_01.jpg",1148,1530
m10im3k,m10,m10i,m3k,"D:\work\secondYearMaster\thesis\reference\appeal\algorithms\preference_evaluate\deepskin\data\toMax\rendered_face\m10i\m10im3k_23_face.jpg","D:\work\secondYearMaster\thesis\reference\appeal\algorithms\preference_evaluate\deepskin\data\toMax\rendered_2max\m10i\m10im3k_01.jpg",1148,1530
m10im3k,m10,m10i,m3k,"D:\work\secondYearMaster\thesis\reference\appeal\algorithms\preference_evaluate\deepskin\data\toMax\rendered_face\m10i\m10im3k_24_face.jpg","D:\work\secondYearMaster\thesis\reference\appeal\algorithms\preference_evaluate\deepskin\data\toMax\rendered_2max\m10i\m10im3k_01.jpg",1148,1530
m10im3k,m10,m10i,m3k,"D:\work\secondYearMaster\thesis\reference\appeal\algorithms\preference_evaluate\deepskin\data\toMax\rendered_face\m10i\m10im3k_25_face.jpg","D:\work\secondYearMaster\thesis\reference\appeal\algorithms\preference_evaluate\deepskin\data\toMax\rendered_2max\m10i\m10im3k_01.jpg",1148,1530
m10im3k,m10,m10i,m3k,"D:\work\secondYearMaster\thesis\reference\appeal\algorithms\preference_evaluate\deepskin\data\toMax\rendered_face\m10i\m10im3k_26_face.jpg","D:\work\secondYearMaster\thesis\reference\appeal\algorithms\preference_evaluate\deepskin\data\toMax\rendered_2max\m10i\m10im3k_01.jpg",1148,1530
m10im3k,m10,m10i,m3k,"D:\work\secondYearMaster\thesis\reference\appeal\algorithms\preference_evaluate\deepskin\data\toMax\rendered_face\m10i\m10im3k_27_face.jpg","D:\work\secondYearMaster\thesis\reference\appeal\algorithms\preference_evaluate\deepskin\data\toMax\rendered_2max\m10i\m10im3k_01.jpg",1148,1530
m10im3k,m10,m10i,m3k,"D:\work\secondYearMaster\thesis\reference\appeal\algorithms\preference_evaluate\deepskin\data\toMax\rendered_face\m10i\m10im3k_28_face.jpg","D:\work\secondYearMaster\thesis\reference\appeal\algorithms\preference_evaluate\deepskin\data\toMax\rendered_2max\m10i\m10im3k_01.jpg",1148,1530
m10im3k,m10,m10i,m3k,"D:\work\secondYearMaster\thesis\reference\appeal\algorithms\preference_evaluate\deepskin\data\toMax\rendered_face\m10i\m10im3k_29_face.jpg","D:\work\secondYearMaster\thesis\reference\appeal\algorithms\preference_evaluate\deepskin\data\toMax\rendered_2max\m10i\m10im3k_01.jpg",1148,1530
m10im3k,m10,m10i,m3k,"D:\work\secondYearMaster\thesis\reference\appeal\algorithms\preference_evaluate\deepskin\data\toMax\rendered_face\m10i\m10im3k_30_face.jpg","D:\work\secondYearMaster\thesis\reference\appeal\algorithms\preference_evaluate\deepskin\data\toMax\rendered_2max\m10i\m10im3k_01.jpg",1148,1530
m10im3k,m10,m10i,m3k,"D:\work\secondYearMaster\thesis\reference\appeal\algorithms\preference_evaluate\deepskin\data\toMax\rendered_face\m10i\m10im3k_31_face.jpg","D:\work\secondYearMaster\thesis\reference\appeal\algorithms\preference_evaluate\deepskin\data\toMax\rendered_2max\m10i\m10im3k_01.jpg",1148,1530
m10im3k,m10,m10i,m3k,"D:\work\secondYearMaster\thesis\reference\appeal\algorithms\preference_evaluate\deepskin\data\toMax\rendered_face\m10i\m10im3k_32_face.jpg","D:\work\secondYearMaster\thesis\reference\appeal\algorithms\preference_evaluate\deepskin\data\toMax\rendered_2max\m10i\m10im3k_01.jpg",1148,1530
m10im3k,m10,m10i,m3k,"D:\work\secondYearMaster\thesis\reference\appeal\algorithms\preference_evaluate\deepskin\data\toMax\rendered_face\m10i\m10im3k_33_face.jpg","D:\work\secondYearMaster\thesis\reference\appeal\algorithms\preference_evaluate\deepskin\data\toMax\rendered_2max\m10i\m10im3k_01.jpg",1148,1530
m10im4k,m10,m10i,m4k,"D:\work\secondYearMaster\thesis\reference\appeal\algorithms\preference_evaluate\deepskin\data\toMax\rendered_face\m10i\m10im4k_01_face.jpg","D:\work\secondYearMaster\thesis\reference\appeal\algorithms\preference_evaluate\deepskin\data\toMax\rendered_2max\m10i\m10im4k_01.jpg",1148,1530
m10im4k,m10,m10i,m4k,"D:\work\secondYearMaster\thesis\reference\appeal\algorithms\preference_evaluate\deepskin\data\toMax\rendered_face\m10i\m10im4k_02_face.jpg","D:\work\secondYearMaster\thesis\reference\appeal\algorithms\preference_evaluate\deepskin\data\toMax\rendered_2max\m10i\m10im4k_01.jpg",1148,1530
m10im4k,m10,m10i,m4k,"D:\work\secondYearMaster\thesis\reference\appeal\algorithms\preference_evaluate\deepskin\data\toMax\rendered_face\m10i\m10im4k_03_face.jpg","D:\work\secondYearMaster\thesis\reference\appeal\algorithms\preference_evaluate\deepskin\data\toMax\rendered_2max\m10i\m10im4k_01.jpg",1148,1530
m10im4k,m10,m10i,m4k,"D:\work\secondYearMaster\thesis\reference\appeal\algorithms\preference_evaluate\deepskin\data\toMax\rendered_face\m10i\m10im4k_04_face.jpg","D:\work\secondYearMaster\thesis\reference\appeal\algorithms\preference_evaluate\deepskin\data\toMax\rendered_2max\m10i\m10im4k_01.jpg",1148,1530
m10im4k,m10,m10i,m4k,"D:\work\secondYearMaster\thesis\reference\appeal\algorithms\preference_evaluate\deepskin\data\toMax\rendered_face\m10i\m10im4k_05_face.jpg","D:\work\secondYearMaster\thesis\reference\appeal\algorithms\preference_evaluate\deepskin\data\toMax\rendered_2max\m10i\m10im4k_01.jpg",1148,1530
m10im4k,m10,m10i,m4k,"D:\work\secondYearMaster\thesis\reference\appeal\algorithms\preference_evaluate\deepskin\data\toMax\rendered_face\m10i\m10im4k_06_face.jpg","D:\work\secondYearMaster\thesis\reference\appeal\algorithms\preference_evaluate\deepskin\data\toMax\rendered_2max\m10i\m10im4k_01.jpg",1148,1530
m10im4k,m10,m10i,m4k,"D:\work\secondYearMaster\thesis\reference\appeal\algorithms\preference_evaluate\deepskin\data\toMax\rendered_face\m10i\m10im4k_07_face.jpg","D:\work\secondYearMaster\thesis\reference\appeal\algorithms\preference_evaluate\deepskin\data\toMax\rendered_2max\m10i\m10im4k_01.jpg",1148,1530
m10im4k,m10,m10i,m4k,"D:\work\secondYearMaster\thesis\reference\appeal\algorithms\preference_evaluate\deepskin\data\toMax\rendered_face\m10i\m10im4k_08_face.jpg","D:\work\secondYearMaster\thesis\reference\appeal\algorithms\preference_evaluate\deepskin\data\toMax\rendered_2max\m10i\m10im4k_01.jpg",1148,1530
m10im4k,m10,m10i,m4k,"D:\work\secondYearMaster\thesis\reference\appeal\algorithms\preference_evaluate\deepskin\data\toMax\rendered_face\m10i\m10im4k_09_face.jpg","D:\work\secondYearMaster\thesis\reference\appeal\algorithms\preference_evaluate\deepskin\data\toMax\rendered_2max\m10i\m10im4k_01.jpg",1148,1530
m10im4k,m10,m10i,m4k,"D:\work\secondYearMaster\thesis\reference\appeal\algorithms\preference_evaluate\deepskin\data\toMax\rendered_face\m10i\m10im4k_10_face.jpg","D:\work\secondYearMaster\thesis\reference\appeal\algorithms\preference_evaluate\deepskin\data\toMax\rendered_2max\m10i\m10im4k_01.jpg",1148,1530
m10im4k,m10,m10i,m4k,"D:\work\secondYearMaster\thesis\reference\appeal\algorithms\preference_evaluate\deepskin\data\toMax\rendered_face\m10i\m10im4k_11_face.jpg","D:\work\secondYearMaster\thesis\reference\appeal\algorithms\preference_evaluate\deepskin\data\toMax\rendered_2max\m10i\m10im4k_01.jpg",1148,1530
m10im4k,m10,m10i,m4k,"D:\work\secondYearMaster\thesis\reference\appeal\algorithms\preference_evaluate\deepskin\data\toMax\rendered_face\m10i\m10im4k_12_face.jpg","D:\work\secondYearMaster\thesis\reference\appeal\algorithms\preference_evaluate\deepskin\data\toMax\rendered_2max\m10i\m10im4k_01.jpg",1148,1530
m10im4k,m10,m10i,m4k,"D:\work\secondYearMaster\thesis\reference\appeal\algorithms\preference_evaluate\deepskin\data\toMax\rendered_face\m10i\m10im4k_13_face.jpg","D:\work\secondYearMaster\thesis\reference\appeal\algorithms\preference_evaluate\deepskin\data\toMax\rendered_2max\m10i\m10im4k_01.jpg",1148,1530
m10im4k,m10,m10i,m4k,"D:\work\secondYearMaster\thesis\reference\appeal\algorithms\preference_evaluate\deepskin\data\toMax\rendered_face\m10i\m10im4k_14_face.jpg","D:\work\secondYearMaster\thesis\reference\appeal\algorithms\preference_evaluate\deepskin\data\toMax\rendered_2max\m10i\m10im4k_01.jpg",1148,1530
m10im4k,m10,m10i,m4k,"D:\work\secondYearMaster\thesis\reference\appeal\algorithms\preference_evaluate\deepskin\data\toMax\rendered_face\m10i\m10im4k_15_face.jpg","D:\work\secondYearMaster\thesis\reference\appeal\algorithms\preference_evaluate\deepskin\data\toMax\rendered_2max\m10i\m10im4k_01.jpg",1148,1530
m10im4k,m10,m10i,m4k,"D:\work\secondYearMaster\thesis\reference\appeal\algorithms\preference_evaluate\deepskin\data\toMax\rendered_face\m10i\m10im4k_16_face.jpg","D:\work\secondYearMaster\thesis\reference\appeal\algorithms\preference_evaluate\deepskin\data\toMax\rendered_2max\m10i\m10im4k_01.jpg",1148,1530
m10im4k,m10,m10i,m4k,"D:\work\secondYearMaster\thesis\reference\appeal\algorithms\preference_evaluate\deepskin\data\toMax\rendered_face\m10i\m10im4k_17_face.jpg","D:\work\secondYearMaster\thesis\reference\appeal\algorithms\preference_evaluate\deepskin\data\toMax\rendered_2max\m10i\m10im4k_01.jpg",1148,1530
m10im4k,m10,m10i,m4k,"D:\work\secondYearMaster\thesis\reference\appeal\algorithms\preference_evaluate\deepskin\data\toMax\rendered_face\m10i\m10im4k_18_face.jpg","D:\work\secondYearMaster\thesis\reference\appeal\algorithms\preference_evaluate\deepskin\data\toMax\rendered_2max\m10i\m10im4k_01.jpg",1148,1530
m10im4k,m10,m10i,m4k,"D:\work\secondYearMaster\thesis\reference\appeal\algorithms\preference_evaluate\deepskin\data\toMax\rendered_face\m10i\m10im4k_19_face.jpg","D:\work\secondYearMaster\thesis\reference\appeal\algorithms\preference_evaluate\deepskin\data\toMax\rendered_2max\m10i\m10im4k_01.jpg",1148,1530
m10im4k,m10,m10i,m4k,"D:\work\secondYearMaster\thesis\reference\appeal\algorithms\preference_evaluate\deepskin\data\toMax\rendered_face\m10i\m10im4k_20_face.jpg","D:\work\secondYearMaster\thesis\reference\appeal\algorithms\preference_evaluate\deepskin\data\toMax\rendered_2max\m10i\m10im4k_01.jpg",1148,1530
m10im4k,m10,m10i,m4k,"D:\work\secondYearMaster\thesis\reference\appeal\algorithms\preference_evaluate\deepskin\data\toMax\rendered_face\m10i\m10im4k_21_face.jpg","D:\work\secondYearMaster\thesis\reference\appeal\algorithms\preference_evaluate\deepskin\data\toMax\rendered_2max\m10i\m10im4k_01.jpg",1148,1530
m10im4k,m10,m10i,m4k,"D:\work\secondYearMaster\thesis\reference\appeal\algorithms\preference_evaluate\deepskin\data\toMax\rendered_face\m10i\m10im4k_22_face.jpg","D:\work\secondYearMaster\thesis\reference\appeal\algorithms\preference_evaluate\deepskin\data\toMax\rendered_2max\m10i\m10im4k_01.jpg",1148,1530
m10im4k,m10,m10i,m4k,"D:\work\secondYearMaster\thesis\reference\appeal\algorithms\preference_evaluate\deepskin\data\toMax\rendered_face\m10i\m10im4k_23_face.jpg","D:\work\secondYearMaster\thesis\reference\appeal\algorithms\preference_evaluate\deepskin\data\toMax\rendered_2max\m10i\m10im4k_01.jpg",1148,1530
m10im4k,m10,m10i,m4k,"D:\work\secondYearMaster\thesis\reference\appeal\algorithms\preference_evaluate\deepskin\data\toMax\rendered_face\m10i\m10im4k_24_face.jpg","D:\work\secondYearMaster\thesis\reference\appeal\algorithms\preference_evaluate\deepskin\data\toMax\rendered_2max\m10i\m10im4k_01.jpg",1148,1530
m10im4k,m10,m10i,m4k,"D:\work\secondYearMaster\thesis\reference\appeal\algorithms\preference_evaluate\deepskin\data\toMax\rendered_face\m10i\m10im4k_25_face.jpg","D:\work\secondYearMaster\thesis\reference\appeal\algorithms\preference_evaluate\deepskin\data\toMax\rendered_2max\m10i\m10im4k_01.jpg",1148,1530
m10im4k,m10,m10i,m4k,"D:\work\secondYearMaster\thesis\reference\appeal\algorithms\preference_evaluate\deepskin\data\toMax\rendered_face\m10i\m10im4k_26_face.jpg","D:\work\secondYearMaster\thesis\reference\appeal\algorithms\preference_evaluate\deepskin\data\toMax\rendered_2max\m10i\m10im4k_01.jpg",1148,1530
m10im4k,m10,m10i,m4k,"D:\work\secondYearMaster\thesis\reference\appeal\algorithms\preference_evaluate\deepskin\data\toMax\rendered_face\m10i\m10im4k_27_face.jpg","D:\work\secondYearMaster\thesis\reference\appeal\algorithms\preference_evaluate\deepskin\data\toMax\rendered_2max\m10i\m10im4k_01.jpg",1148,1530
m10im4k,m10,m10i,m4k,"D:\work\secondYearMaster\thesis\reference\appeal\algorithms\preference_evaluate\deepskin\data\toMax\rendered_face\m10i\m10im4k_28_face.jpg","D:\work\secondYearMaster\thesis\reference\appeal\algorithms\preference_evaluate\deepskin\data\toMax\rendered_2max\m10i\m10im4k_01.jpg",1148,1530
m10im4k,m10,m10i,m4k,"D:\work\secondYearMaster\thesis\reference\appeal\algorithms\preference_evaluate\deepskin\data\toMax\rendered_face\m10i\m10im4k_29_face.jpg","D:\work\secondYearMaster\thesis\reference\appeal\algorithms\preference_evaluate\deepskin\data\toMax\rendered_2max\m10i\m10im4k_01.jpg",1148,1530
m10im4k,m10,m10i,m4k,"D:\work\secondYearMaster\thesis\reference\appeal\algorithms\preference_evaluate\deepskin\data\toMax\rendered_face\m10i\m10im4k_30_face.jpg","D:\work\secondYearMaster\thesis\reference\appeal\algorithms\preference_evaluate\deepskin\data\toMax\rendered_2max\m10i\m10im4k_01.jpg",1148,1530
m10im4k,m10,m10i,m4k,"D:\work\secondYearMaster\thesis\reference\appeal\algorithms\preference_evaluate\deepskin\data\toMax\rendered_face\m10i\m10im4k_31_face.jpg","D:\work\secondYearMaster\thesis\reference\appeal\algorithms\preference_evaluate\deepskin\data\toMax\rendered_2max\m10i\m10im4k_01.jpg",1148,1530
m10im4k,m10,m10i,m4k,"D:\work\secondYearMaster\thesis\reference\appeal\algorithms\preference_evaluate\deepskin\data\toMax\rendered_face\m10i\m10im4k_32_face.jpg","D:\work\secondYearMaster\thesis\reference\appeal\algorithms\preference_evaluate\deepskin\data\toMax\rendered_2max\m10i\m10im4k_01.jpg",1148,1530
m10im4k,m10,m10i,m4k,"D:\work\secondYearMaster\thesis\reference\appeal\algorithms\preference_evaluate\deepskin\data\toMax\rendered_face\m10i\m10im4k_33_face.jpg","D:\work\secondYearMaster\thesis\reference\appeal\algorithms\preference_evaluate\deepskin\data\toMax\rendered_2max\m10i\m10im4k_01.jpg",1148,1530
m10im5k,m10,m10i,m5k,"D:\work\secondYearMaster\thesis\reference\appeal\algorithms\preference_evaluate\deepskin\data\toMax\rendered_face\m10i\m10im5k_01_face.jpg","D:\work\secondYearMaster\thesis\reference\appeal\algorithms\preference_evaluate\deepskin\data\toMax\rendered_2max\m10i\m10im5k_01.jpg",1148,1530
m10im5k,m10,m10i,m5k,"D:\work\secondYearMaster\thesis\reference\appeal\algorithms\preference_evaluate\deepskin\data\toMax\rendered_face\m10i\m10im5k_02_face.jpg","D:\work\secondYearMaster\thesis\reference\appeal\algorithms\preference_evaluate\deepskin\data\toMax\rendered_2max\m10i\m10im5k_01.jpg",1148,1530
m10im5k,m10,m10i,m5k,"D:\work\secondYearMaster\thesis\reference\appeal\algorithms\preference_evaluate\deepskin\data\toMax\rendered_face\m10i\m10im5k_03_face.jpg","D:\work\secondYearMaster\thesis\reference\appeal\algorithms\preference_evaluate\deepskin\data\toMax\rendered_2max\m10i\m10im5k_01.jpg",1148,1530
m10im5k,m10,m10i,m5k,"D:\work\secondYearMaster\thesis\reference\appeal\algorithms\preference_evaluate\deepskin\data\toMax\rendered_face\m10i\m10im5k_04_face.jpg","D:\work\secondYearMaster\thesis\reference\appeal\algorithms\preference_evaluate\deepskin\data\toMax\rendered_2max\m10i\m10im5k_01.jpg",1148,1530
m10im5k,m10,m10i,m5k,"D:\work\secondYearMaster\thesis\reference\appeal\algorithms\preference_evaluate\deepskin\data\toMax\rendered_face\m10i\m10im5k_05_face.jpg","D:\work\secondYearMaster\thesis\reference\appeal\algorithms\preference_evaluate\deepskin\data\toMax\rendered_2max\m10i\m10im5k_01.jpg",1148,1530
m10im5k,m10,m10i,m5k,"D:\work\secondYearMaster\thesis\reference\appeal\algorithms\preference_evaluate\deepskin\data\toMax\rendered_face\m10i\m10im5k_06_face.jpg","D:\work\secondYearMaster\thesis\reference\appeal\algorithms\preference_evaluate\deepskin\data\toMax\rendered_2max\m10i\m10im5k_01.jpg",1148,1530
m10im5k,m10,m10i,m5k,"D:\work\secondYearMaster\thesis\reference\appeal\algorithms\preference_evaluate\deepskin\data\toMax\rendered_face\m10i\m10im5k_07_face.jpg","D:\work\secondYearMaster\thesis\reference\appeal\algorithms\preference_evaluate\deepskin\data\toMax\rendered_2max\m10i\m10im5k_01.jpg",1148,1530
m10im5k,m10,m10i,m5k,"D:\work\secondYearMaster\thesis\reference\appeal\algorithms\preference_evaluate\deepskin\data\toMax\rendered_face\m10i\m10im5k_08_face.jpg","D:\work\secondYearMaster\thesis\reference\appeal\algorithms\preference_evaluate\deepskin\data\toMax\rendered_2max\m10i\m10im5k_01.jpg",1148,1530
m10im5k,m10,m10i,m5k,"D:\work\secondYearMaster\thesis\reference\appeal\algorithms\preference_evaluate\deepskin\data\toMax\rendered_face\m10i\m10im5k_09_face.jpg","D:\work\secondYearMaster\thesis\reference\appeal\algorithms\preference_evaluate\deepskin\data\toMax\rendered_2max\m10i\m10im5k_01.jpg",1148,1530
m10im5k,m10,m10i,m5k,"D:\work\secondYearMaster\thesis\reference\appeal\algorithms\preference_evaluate\deepskin\data\toMax\rendered_face\m10i\m10im5k_10_face.jpg","D:\work\secondYearMaster\thesis\reference\appeal\algorithms\preference_evaluate\deepskin\data\toMax\rendered_2max\m10i\m10im5k_01.jpg",1148,1530
m10im5k,m10,m10i,m5k,"D:\work\secondYearMaster\thesis\reference\appeal\algorithms\preference_evaluate\deepskin\data\toMax\rendered_face\m10i\m10im5k_11_face.jpg","D:\work\secondYearMaster\thesis\reference\appeal\algorithms\preference_evaluate\deepskin\data\toMax\rendered_2max\m10i\m10im5k_01.jpg",1148,1530
m10im5k,m10,m10i,m5k,"D:\work\secondYearMaster\thesis\reference\appeal\algorithms\preference_evaluate\deepskin\data\toMax\rendered_face\m10i\m10im5k_12_face.jpg","D:\work\secondYearMaster\thesis\reference\appeal\algorithms\preference_evaluate\deepskin\data\toMax\rendered_2max\m10i\m10im5k_01.jpg",1148,1530
m10im5k,m10,m10i,m5k,"D:\work\secondYearMaster\thesis\reference\appeal\algorithms\preference_evaluate\deepskin\data\toMax\rendered_face\m10i\m10im5k_13_face.jpg","D:\work\secondYearMaster\thesis\reference\appeal\algorithms\preference_evaluate\deepskin\data\toMax\rendered_2max\m10i\m10im5k_01.jpg",1148,1530
m10im5k,m10,m10i,m5k,"D:\work\secondYearMaster\thesis\reference\appeal\algorithms\preference_evaluate\deepskin\data\toMax\rendered_face\m10i\m10im5k_14_face.jpg","D:\work\secondYearMaster\thesis\reference\appeal\algorithms\preference_evaluate\deepskin\data\toMax\rendered_2max\m10i\m10im5k_01.jpg",1148,1530
m10im5k,m10,m10i,m5k,"D:\work\secondYearMaster\thesis\reference\appeal\algorithms\preference_evaluate\deepskin\data\toMax\rendered_face\m10i\m10im5k_15_face.jpg","D:\work\secondYearMaster\thesis\reference\appeal\algorithms\preference_evaluate\deepskin\data\toMax\rendered_2max\m10i\m10im5k_01.jpg",1148,1530
m10im5k,m10,m10i,m5k,"D:\work\secondYearMaster\thesis\reference\appeal\algorithms\preference_evaluate\deepskin\data\toMax\rendered_face\m10i\m10im5k_16_face.jpg","D:\work\secondYearMaster\thesis\reference\appeal\algorithms\preference_evaluate\deepskin\data\toMax\rendered_2max\m10i\m10im5k_01.jpg",1148,1530
m10im5k,m10,m10i,m5k,"D:\work\secondYearMaster\thesis\reference\appeal\algorithms\preference_evaluate\deepskin\data\toMax\rendered_face\m10i\m10im5k_17_face.jpg","D:\work\secondYearMaster\thesis\reference\appeal\algorithms\preference_evaluate\deepskin\data\toMax\rendered_2max\m10i\m10im5k_01.jpg",1148,1530
m10im5k,m10,m10i,m5k,"D:\work\secondYearMaster\thesis\reference\appeal\algorithms\preference_evaluate\deepskin\data\toMax\rendered_face\m10i\m10im5k_18_face.jpg","D:\work\secondYearMaster\thesis\reference\appeal\algorithms\preference_evaluate\deepskin\data\toMax\rendered_2max\m10i\m10im5k_01.jpg",1148,1530
m10im5k,m10,m10i,m5k,"D:\work\secondYearMaster\thesis\reference\appeal\algorithms\preference_evaluate\deepskin\data\toMax\rendered_face\m10i\m10im5k_19_face.jpg","D:\work\secondYearMaster\thesis\reference\appeal\algorithms\preference_evaluate\deepskin\data\toMax\rendered_2max\m10i\m10im5k_01.jpg",1148,1530
m10im5k,m10,m10i,m5k,"D:\work\secondYearMaster\thesis\reference\appeal\algorithms\preference_evaluate\deepskin\data\toMax\rendered_face\m10i\m10im5k_20_face.jpg","D:\work\secondYearMaster\thesis\reference\appeal\algorithms\preference_evaluate\deepskin\data\toMax\rendered_2max\m10i\m10im5k_01.jpg",1148,1530
m10im5k,m10,m10i,m5k,"D:\work\secondYearMaster\thesis\reference\appeal\algorithms\preference_evaluate\deepskin\data\toMax\rendered_face\m10i\m10im5k_21_face.jpg","D:\work\secondYearMaster\thesis\reference\appeal\algorithms\preference_evaluate\deepskin\data\toMax\rendered_2max\m10i\m10im5k_01.jpg",1148,1530
m10im5k,m10,m10i,m5k,"D:\work\secondYearMaster\thesis\reference\appeal\algorithms\preference_evaluate\deepskin\data\toMax\rendered_face\m10i\m10im5k_22_face.jpg","D:\work\secondYearMaster\thesis\reference\appeal\algorithms\preference_evaluate\deepskin\data\toMax\rendered_2max\m10i\m10im5k_01.jpg",1148,1530
m10im5k,m10,m10i,m5k,"D:\work\secondYearMaster\thesis\reference\appeal\algorithms\preference_evaluate\deepskin\data\toMax\rendered_face\m10i\m10im5k_23_face.jpg","D:\work\secondYearMaster\thesis\reference\appeal\algorithms\preference_evaluate\deepskin\data\toMax\rendered_2max\m10i\m10im5k_01.jpg",1148,1530
m10im5k,m10,m10i,m5k,"D:\work\secondYearMaster\thesis\reference\appeal\algorithms\preference_evaluate\deepskin\data\toMax\rendered_face\m10i\m10im5k_24_face.jpg","D:\work\secondYearMaster\thesis\reference\appeal\algorithms\preference_evaluate\deepskin\data\toMax\rendered_2max\m10i\m10im5k_01.jpg",1148,1530
m10im5k,m10,m10i,m5k,"D:\work\secondYearMaster\thesis\reference\appeal\algorithms\preference_evaluate\deepskin\data\toMax\rendered_face\m10i\m10im5k_25_face.jpg","D:\work\secondYearMaster\thesis\reference\appeal\algorithms\preference_evaluate\deepskin\data\toMax\rendered_2max\m10i\m10im5k_01.jpg",1148,1530
m10im5k,m10,m10i,m5k,"D:\work\secondYearMaster\thesis\reference\appeal\algorithms\preference_evaluate\deepskin\data\toMax\rendered_face\m10i\m10im5k_26_face.jpg","D:\work\secondYearMaster\thesis\reference\appeal\algorithms\preference_evaluate\deepskin\data\toMax\rendered_2max\m10i\m10im5k_01.jpg",1148,1530
m10im5k,m10,m10i,m5k,"D:\work\secondYearMaster\thesis\reference\appeal\algorithms\preference_evaluate\deepskin\data\toMax\rendered_face\m10i\m10im5k_27_face.jpg","D:\work\secondYearMaster\thesis\reference\appeal\algorithms\preference_evaluate\deepskin\data\toMax\rendered_2max\m10i\m10im5k_01.jpg",1148,1530
m10im5k,m10,m10i,m5k,"D:\work\secondYearMaster\thesis\reference\appeal\algorithms\preference_evaluate\deepskin\data\toMax\rendered_face\m10i\m10im5k_28_face.jpg","D:\work\secondYearMaster\thesis\reference\appeal\algorithms\preference_evaluate\deepskin\data\toMax\rendered_2max\m10i\m10im5k_01.jpg",1148,1530
m10im5k,m10,m10i,m5k,"D:\work\secondYearMaster\thesis\reference\appeal\algorithms\preference_evaluate\deepskin\data\toMax\rendered_face\m10i\m10im5k_29_face.jpg","D:\work\secondYearMaster\thesis\reference\appeal\algorithms\preference_evaluate\deepskin\data\toMax\rendered_2max\m10i\m10im5k_01.jpg",1148,1530
m10im5k,m10,m10i,m5k,"D:\work\secondYearMaster\thesis\reference\appeal\algorithms\preference_evaluate\deepskin\data\toMax\rendered_face\m10i\m10im5k_30_face.jpg","D:\work\secondYearMaster\thesis\reference\appeal\algorithms\preference_evaluate\deepskin\data\toMax\rendered_2max\m10i\m10im5k_01.jpg",1148,1530
m10im5k,m10,m10i,m5k,"D:\work\secondYearMaster\thesis\reference\appeal\algorithms\preference_evaluate\deepskin\data\toMax\rendered_face\m10i\m10im5k_31_face.jpg","D:\work\secondYearMaster\thesis\reference\appeal\algorithms\preference_evaluate\deepskin\data\toMax\rendered_2max\m10i\m10im5k_01.jpg",1148,1530
m10im5k,m10,m10i,m5k,"D:\work\secondYearMaster\thesis\reference\appeal\algorithms\preference_evaluate\deepskin\data\toMax\rendered_face\m10i\m10im5k_32_face.jpg","D:\work\secondYearMaster\thesis\reference\appeal\algorithms\preference_evaluate\deepskin\data\toMax\rendered_2max\m10i\m10im5k_01.jpg",1148,1530
m10im5k,m10,m10i,m5k,"D:\work\secondYearMaster\thesis\reference\appeal\algorithms\preference_evaluate\deepskin\data\toMax\rendered_face\m10i\m10im5k_33_face.jpg","D:\work\secondYearMaster\thesis\reference\appeal\algorithms\preference_evaluate\deepskin\data\toMax\rendered_2max\m10i\m10im5k_01.jpg",1148,1530
m10im6k,m10,m10i,m6k,"D:\work\secondYearMaster\thesis\reference\appeal\algorithms\preference_evaluate\deepskin\data\toMax\rendered_face\m10i\m10im6k_01_face.jpg","D:\work\secondYearMaster\thesis\reference\appeal\algorithms\preference_evaluate\deepskin\data\toMax\rendered_2max\m10i\m10im6k_01.jpg",1148,1530
m10im6k,m10,m10i,m6k,"D:\work\secondYearMaster\thesis\reference\appeal\algorithms\preference_evaluate\deepskin\data\toMax\rendered_face\m10i\m10im6k_02_face.jpg","D:\work\secondYearMaster\thesis\reference\appeal\algorithms\preference_evaluate\deepskin\data\toMax\rendered_2max\m10i\m10im6k_01.jpg",1148,1530
m10im6k,m10,m10i,m6k,"D:\work\secondYearMaster\thesis\reference\appeal\algorithms\preference_evaluate\deepskin\data\toMax\rendered_face\m10i\m10im6k_03_face.jpg","D:\work\secondYearMaster\thesis\reference\appeal\algorithms\preference_evaluate\deepskin\data\toMax\rendered_2max\m10i\m10im6k_01.jpg",1148,1530
m10im6k,m10,m10i,m6k,"D:\work\secondYearMaster\thesis\reference\appeal\algorithms\preference_evaluate\deepskin\data\toMax\rendered_face\m10i\m10im6k_04_face.jpg","D:\work\secondYearMaster\thesis\reference\appeal\algorithms\preference_evaluate\deepskin\data\toMax\rendered_2max\m10i\m10im6k_01.jpg",1148,1530
m10im6k,m10,m10i,m6k,"D:\work\secondYearMaster\thesis\reference\appeal\algorithms\preference_evaluate\deepskin\data\toMax\rendered_face\m10i\m10im6k_05_face.jpg","D:\work\secondYearMaster\thesis\reference\appeal\algorithms\preference_evaluate\deepskin\data\toMax\rendered_2max\m10i\m10im6k_01.jpg",1148,1530
m10im6k,m10,m10i,m6k,"D:\work\secondYearMaster\thesis\reference\appeal\algorithms\preference_evaluate\deepskin\data\toMax\rendered_face\m10i\m10im6k_06_face.jpg","D:\work\secondYearMaster\thesis\reference\appeal\algorithms\preference_evaluate\deepskin\data\toMax\rendered_2max\m10i\m10im6k_01.jpg",1148,1530
m10im6k,m10,m10i,m6k,"D:\work\secondYearMaster\thesis\reference\appeal\algorithms\preference_evaluate\deepskin\data\toMax\rendered_face\m10i\m10im6k_07_face.jpg","D:\work\secondYearMaster\thesis\reference\appeal\algorithms\preference_evaluate\deepskin\data\toMax\rendered_2max\m10i\m10im6k_01.jpg",1148,1530
m10im6k,m10,m10i,m6k,"D:\work\secondYearMaster\thesis\reference\appeal\algorithms\preference_evaluate\deepskin\data\toMax\rendered_face\m10i\m10im6k_08_face.jpg","D:\work\secondYearMaster\thesis\reference\appeal\algorithms\preference_evaluate\deepskin\data\toMax\rendered_2max\m10i\m10im6k_01.jpg",1148,1530
m10im6k,m10,m10i,m6k,"D:\work\secondYearMaster\thesis\reference\appeal\algorithms\preference_evaluate\deepskin\data\toMax\rendered_face\m10i\m10im6k_09_face.jpg","D:\work\secondYearMaster\thesis\reference\appeal\algorithms\preference_evaluate\deepskin\data\toMax\rendered_2max\m10i\m10im6k_01.jpg",1148,1530
m10im6k,m10,m10i,m6k,"D:\work\secondYearMaster\thesis\reference\appeal\algorithms\preference_evaluate\deepskin\data\toMax\rendered_face\m10i\m10im6k_10_face.jpg","D:\work\secondYearMaster\thesis\reference\appeal\algorithms\preference_evaluate\deepskin\data\toMax\rendered_2max\m10i\m10im6k_01.jpg",1148,1530
m10im6k,m10,m10i,m6k,"D:\work\secondYearMaster\thesis\reference\appeal\algorithms\preference_evaluate\deepskin\data\toMax\rendered_face\m10i\m10im6k_11_face.jpg","D:\work\secondYearMaster\thesis\reference\appeal\algorithms\preference_evaluate\deepskin\data\toMax\rendered_2max\m10i\m10im6k_01.jpg",1148,1530
m10im6k,m10,m10i,m6k,"D:\work\secondYearMaster\thesis\reference\appeal\algorithms\preference_evaluate\deepskin\data\toMax\rendered_face\m10i\m10im6k_12_face.jpg","D:\work\secondYearMaster\thesis\reference\appeal\algorithms\preference_evaluate\deepskin\data\toMax\rendered_2max\m10i\m10im6k_01.jpg",1148,1530
m10im6k,m10,m10i,m6k,"D:\work\secondYearMaster\thesis\reference\appeal\algorithms\preference_evaluate\deepskin\data\toMax\rendered_face\m10i\m10im6k_13_face.jpg","D:\work\secondYearMaster\thesis\reference\appeal\algorithms\preference_evaluate\deepskin\data\toMax\rendered_2max\m10i\m10im6k_01.jpg",1148,1530
m10im6k,m10,m10i,m6k,"D:\work\secondYearMaster\thesis\reference\appeal\algorithms\preference_evaluate\deepskin\data\toMax\rendered_face\m10i\m10im6k_14_face.jpg","D:\work\secondYearMaster\thesis\reference\appeal\algorithms\preference_evaluate\deepskin\data\toMax\rendered_2max\m10i\m10im6k_01.jpg",1148,1530
m10im6k,m10,m10i,m6k,"D:\work\secondYearMaster\thesis\reference\appeal\algorithms\preference_evaluate\deepskin\data\toMax\rendered_face\m10i\m10im6k_15_face.jpg","D:\work\secondYearMaster\thesis\reference\appeal\algorithms\preference_evaluate\deepskin\data\toMax\rendered_2max\m10i\m10im6k_01.jpg",1148,1530
m10im6k,m10,m10i,m6k,"D:\work\secondYearMaster\thesis\reference\appeal\algorithms\preference_evaluate\deepskin\data\toMax\rendered_face\m10i\m10im6k_16_face.jpg","D:\work\secondYearMaster\thesis\reference\appeal\algorithms\preference_evaluate\deepskin\data\toMax\rendered_2max\m10i\m10im6k_01.jpg",1148,1530
m10im6k,m10,m10i,m6k,"D:\work\secondYearMaster\thesis\reference\appeal\algorithms\preference_evaluate\deepskin\data\toMax\rendered_face\m10i\m10im6k_17_face.jpg","D:\work\secondYearMaster\thesis\reference\appeal\algorithms\preference_evaluate\deepskin\data\toMax\rendered_2max\m10i\m10im6k_01.jpg",1148,1530
m10im6k,m10,m10i,m6k,"D:\work\secondYearMaster\thesis\reference\appeal\algorithms\preference_evaluate\deepskin\data\toMax\rendered_face\m10i\m10im6k_18_face.jpg","D:\work\secondYearMaster\thesis\reference\appeal\algorithms\preference_evaluate\deepskin\data\toMax\rendered_2max\m10i\m10im6k_01.jpg",1148,1530
m10im6k,m10,m10i,m6k,"D:\work\secondYearMaster\thesis\reference\appeal\algorithms\preference_evaluate\deepskin\data\toMax\rendered_face\m10i\m10im6k_19_face.jpg","D:\work\secondYearMaster\thesis\reference\appeal\algorithms\preference_evaluate\deepskin\data\toMax\rendered_2max\m10i\m10im6k_01.jpg",1148,1530
m10im6k,m10,m10i,m6k,"D:\work\secondYearMaster\thesis\reference\appeal\algorithms\preference_evaluate\deepskin\data\toMax\rendered_face\m10i\m10im6k_20_face.jpg","D:\work\secondYearMaster\thesis\reference\appeal\algorithms\preference_evaluate\deepskin\data\toMax\rendered_2max\m10i\m10im6k_01.jpg",1148,1530
m10im6k,m10,m10i,m6k,"D:\work\secondYearMaster\thesis\reference\appeal\algorithms\preference_evaluate\deepskin\data\toMax\rendered_face\m10i\m10im6k_21_face.jpg","D:\work\secondYearMaster\thesis\reference\appeal\algorithms\preference_evaluate\deepskin\data\toMax\rendered_2max\m10i\m10im6k_01.jpg",1148,1530
m10im6k,m10,m10i,m6k,"D:\work\secondYearMaster\thesis\reference\appeal\algorithms\preference_evaluate\deepskin\data\toMax\rendered_face\m10i\m10im6k_22_face.jpg","D:\work\secondYearMaster\thesis\reference\appeal\algorithms\preference_evaluate\deepskin\data\toMax\rendered_2max\m10i\m10im6k_01.jpg",1148,1530
m10im6k,m10,m10i,m6k,"D:\work\secondYearMaster\thesis\reference\appeal\algorithms\preference_evaluate\deepskin\data\toMax\rendered_face\m10i\m10im6k_23_face.jpg","D:\work\secondYearMaster\thesis\reference\appeal\algorithms\preference_evaluate\deepskin\data\toMax\rendered_2max\m10i\m10im6k_01.jpg",1148,1530
m10im6k,m10,m10i,m6k,"D:\work\secondYearMaster\thesis\reference\appeal\algorithms\preference_evaluate\deepskin\data\toMax\rendered_face\m10i\m10im6k_24_face.jpg","D:\work\secondYearMaster\thesis\reference\appeal\algorithms\preference_evaluate\deepskin\data\toMax\rendered_2max\m10i\m10im6k_01.jpg",1148,1530
m10im6k,m10,m10i,m6k,"D:\work\secondYearMaster\thesis\reference\appeal\algorithms\preference_evaluate\deepskin\data\toMax\rendered_face\m10i\m10im6k_25_face.jpg","D:\work\secondYearMaster\thesis\reference\appeal\algorithms\preference_evaluate\deepskin\data\toMax\rendered_2max\m10i\m10im6k_01.jpg",1148,1530
m10im6k,m10,m10i,m6k,"D:\work\secondYearMaster\thesis\reference\appeal\algorithms\preference_evaluate\deepskin\data\toMax\rendered_face\m10i\m10im6k_26_face.jpg","D:\work\secondYearMaster\thesis\reference\appeal\algorithms\preference_evaluate\deepskin\data\toMax\rendered_2max\m10i\m10im6k_01.jpg",1148,1530
m10im6k,m10,m10i,m6k,"D:\work\secondYearMaster\thesis\reference\appeal\algorithms\preference_evaluate\deepskin\data\toMax\rendered_face\m10i\m10im6k_27_face.jpg","D:\work\secondYearMaster\thesis\reference\appeal\algorithms\preference_evaluate\deepskin\data\toMax\rendered_2max\m10i\m10im6k_01.jpg",1148,1530
m10im6k,m10,m10i,m6k,"D:\work\secondYearMaster\thesis\reference\appeal\algorithms\preference_evaluate\deepskin\data\toMax\rendered_face\m10i\m10im6k_28_face.jpg","D:\work\secondYearMaster\thesis\reference\appeal\algorithms\preference_evaluate\deepskin\data\toMax\rendered_2max\m10i\m10im6k_01.jpg",1148,1530
m10im6k,m10,m10i,m6k,"D:\work\secondYearMaster\thesis\reference\appeal\algorithms\preference_evaluate\deepskin\data\toMax\rendered_face\m10i\m10im6k_29_face.jpg","D:\work\secondYearMaster\thesis\reference\appeal\algorithms\preference_evaluate\deepskin\data\toMax\rendered_2max\m10i\m10im6k_01.jpg",1148,1530
m10im6k,m10,m10i,m6k,"D:\work\secondYearMaster\thesis\reference\appeal\algorithms\preference_evaluate\deepskin\data\toMax\rendered_face\m10i\m10im6k_30_face.jpg","D:\work\secondYearMaster\thesis\reference\appeal\algorithms\preference_evaluate\deepskin\data\toMax\rendered_2max\m10i\m10im6k_01.jpg",1148,1530
m10im6k,m10,m10i,m6k,"D:\work\secondYearMaster\thesis\reference\appeal\algorithms\preference_evaluate\deepskin\data\toMax\rendered_face\m10i\m10im6k_31_face.jpg","D:\work\secondYearMaster\thesis\reference\appeal\algorithms\preference_evaluate\deepskin\data\toMax\rendered_2max\m10i\m10im6k_01.jpg",1148,1530
m10im6k,m10,m10i,m6k,"D:\work\secondYearMaster\thesis\reference\appeal\algorithms\preference_evaluate\deepskin\data\toMax\rendered_face\m10i\m10im6k_32_face.jpg","D:\work\secondYearMaster\thesis\reference\appeal\algorithms\preference_evaluate\deepskin\data\toMax\rendered_2max\m10i\m10im6k_01.jpg",1148,1530
m10im6k,m10,m10i,m6k,"D:\work\secondYearMaster\thesis\reference\appeal\algorithms\preference_evaluate\deepskin\data\toMax\rendered_face\m10i\m10im6k_33_face.jpg","D:\work\secondYearMaster\thesis\reference\appeal\algorithms\preference_evaluate\deepskin\data\toMax\rendered_2max\m10i\m10im6k_01.jpg",1148,1530
m10im7k,m10,m10i,m7k,"D:\work\secondYearMaster\thesis\reference\appeal\algorithms\preference_evaluate\deepskin\data\toMax\rendered_face\m10i\m10im7k_01_face.jpg","D:\work\secondYearMaster\thesis\reference\appeal\algorithms\preference_evaluate\deepskin\data\toMax\rendered_2max\m10i\m10im7k_01.jpg",1148,1530
m10im7k,m10,m10i,m7k,"D:\work\secondYearMaster\thesis\reference\appeal\algorithms\preference_evaluate\deepskin\data\toMax\rendered_face\m10i\m10im7k_02_face.jpg","D:\work\secondYearMaster\thesis\reference\appeal\algorithms\preference_evaluate\deepskin\data\toMax\rendered_2max\m10i\m10im7k_01.jpg",1148,1530
m10im7k,m10,m10i,m7k,"D:\work\secondYearMaster\thesis\reference\appeal\algorithms\preference_evaluate\deepskin\data\toMax\rendered_face\m10i\m10im7k_03_face.jpg","D:\work\secondYearMaster\thesis\reference\appeal\algorithms\preference_evaluate\deepskin\data\toMax\rendered_2max\m10i\m10im7k_01.jpg",1148,1530
m10im7k,m10,m10i,m7k,"D:\work\secondYearMaster\thesis\reference\appeal\algorithms\preference_evaluate\deepskin\data\toMax\rendered_face\m10i\m10im7k_04_face.jpg","D:\work\secondYearMaster\thesis\reference\appeal\algorithms\preference_evaluate\deepskin\data\toMax\rendered_2max\m10i\m10im7k_01.jpg",1148,1530
m10im7k,m10,m10i,m7k,"D:\work\secondYearMaster\thesis\reference\appeal\algorithms\preference_evaluate\deepskin\data\toMax\rendered_face\m10i\m10im7k_05_face.jpg","D:\work\secondYearMaster\thesis\reference\appeal\algorithms\preference_evaluate\deepskin\data\toMax\rendered_2max\m10i\m10im7k_01.jpg",1148,1530
m10im7k,m10,m10i,m7k,"D:\work\secondYearMaster\thesis\reference\appeal\algorithms\preference_evaluate\deepskin\data\toMax\rendered_face\m10i\m10im7k_06_face.jpg","D:\work\secondYearMaster\thesis\reference\appeal\algorithms\preference_evaluate\deepskin\data\toMax\rendered_2max\m10i\m10im7k_01.jpg",1148,1530
m10im7k,m10,m10i,m7k,"D:\work\secondYearMaster\thesis\reference\appeal\algorithms\preference_evaluate\deepskin\data\toMax\rendered_face\m10i\m10im7k_07_face.jpg","D:\work\secondYearMaster\thesis\reference\appeal\algorithms\preference_evaluate\deepskin\data\toMax\rendered_2max\m10i\m10im7k_01.jpg",1148,1530
m10im7k,m10,m10i,m7k,"D:\work\secondYearMaster\thesis\reference\appeal\algorithms\preference_evaluate\deepskin\data\toMax\rendered_face\m10i\m10im7k_08_face.jpg","D:\work\secondYearMaster\thesis\reference\appeal\algorithms\preference_evaluate\deepskin\data\toMax\rendered_2max\m10i\m10im7k_01.jpg",1148,1530
m10im7k,m10,m10i,m7k,"D:\work\secondYearMaster\thesis\reference\appeal\algorithms\preference_evaluate\deepskin\data\toMax\rendered_face\m10i\m10im7k_09_face.jpg","D:\work\secondYearMaster\thesis\reference\appeal\algorithms\preference_evaluate\deepskin\data\toMax\rendered_2max\m10i\m10im7k_01.jpg",1148,1530
m10im7k,m10,m10i,m7k,"D:\work\secondYearMaster\thesis\reference\appeal\algorithms\preference_evaluate\deepskin\data\toMax\rendered_face\m10i\m10im7k_10_face.jpg","D:\work\secondYearMaster\thesis\reference\appeal\algorithms\preference_evaluate\deepskin\data\toMax\rendered_2max\m10i\m10im7k_01.jpg",1148,1530
m10im7k,m10,m10i,m7k,"D:\work\secondYearMaster\thesis\reference\appeal\algorithms\preference_evaluate\deepskin\data\toMax\rendered_face\m10i\m10im7k_11_face.jpg","D:\work\secondYearMaster\thesis\reference\appeal\algorithms\preference_evaluate\deepskin\data\toMax\rendered_2max\m10i\m10im7k_01.jpg",1148,1530
m10im7k,m10,m10i,m7k,"D:\work\secondYearMaster\thesis\reference\appeal\algorithms\preference_evaluate\deepskin\data\toMax\rendered_face\m10i\m10im7k_12_face.jpg","D:\work\secondYearMaster\thesis\reference\appeal\algorithms\preference_evaluate\deepskin\data\toMax\rendered_2max\m10i\m10im7k_01.jpg",1148,1530
m10im7k,m10,m10i,m7k,"D:\work\secondYearMaster\thesis\reference\appeal\algorithms\preference_evaluate\deepskin\data\toMax\rendered_face\m10i\m10im7k_13_face.jpg","D:\work\secondYearMaster\thesis\reference\appeal\algorithms\preference_evaluate\deepskin\data\toMax\rendered_2max\m10i\m10im7k_01.jpg",1148,1530
m10im7k,m10,m10i,m7k,"D:\work\secondYearMaster\thesis\reference\appeal\algorithms\preference_evaluate\deepskin\data\toMax\rendered_face\m10i\m10im7k_14_face.jpg","D:\work\secondYearMaster\thesis\reference\appeal\algorithms\preference_evaluate\deepskin\data\toMax\rendered_2max\m10i\m10im7k_01.jpg",1148,1530
m10im7k,m10,m10i,m7k,"D:\work\secondYearMaster\thesis\reference\appeal\algorithms\preference_evaluate\deepskin\data\toMax\rendered_face\m10i\m10im7k_15_face.jpg","D:\work\secondYearMaster\thesis\reference\appeal\algorithms\preference_evaluate\deepskin\data\toMax\rendered_2max\m10i\m10im7k_01.jpg",1148,1530
m10im7k,m10,m10i,m7k,"D:\work\secondYearMaster\thesis\reference\appeal\algorithms\preference_evaluate\deepskin\data\toMax\rendered_face\m10i\m10im7k_16_face.jpg","D:\work\secondYearMaster\thesis\reference\appeal\algorithms\preference_evaluate\deepskin\data\toMax\rendered_2max\m10i\m10im7k_01.jpg",1148,1530
m10im7k,m10,m10i,m7k,"D:\work\secondYearMaster\thesis\reference\appeal\algorithms\preference_evaluate\deepskin\data\toMax\rendered_face\m10i\m10im7k_17_face.jpg","D:\work\secondYearMaster\thesis\reference\appeal\algorithms\preference_evaluate\deepskin\data\toMax\rendered_2max\m10i\m10im7k_01.jpg",1148,1530
m10im7k,m10,m10i,m7k,"D:\work\secondYearMaster\thesis\reference\appeal\algorithms\preference_evaluate\deepskin\data\toMax\rendered_face\m10i\m10im7k_18_face.jpg","D:\work\secondYearMaster\thesis\reference\appeal\algorithms\preference_evaluate\deepskin\data\toMax\rendered_2max\m10i\m10im7k_01.jpg",1148,1530
m10im7k,m10,m10i,m7k,"D:\work\secondYearMaster\thesis\reference\appeal\algorithms\preference_evaluate\deepskin\data\toMax\rendered_face\m10i\m10im7k_19_face.jpg","D:\work\secondYearMaster\thesis\reference\appeal\algorithms\preference_evaluate\deepskin\data\toMax\rendered_2max\m10i\m10im7k_01.jpg",1148,1530
m10im7k,m10,m10i,m7k,"D:\work\secondYearMaster\thesis\reference\appeal\algorithms\preference_evaluate\deepskin\data\toMax\rendered_face\m10i\m10im7k_20_face.jpg","D:\work\secondYearMaster\thesis\reference\appeal\algorithms\preference_evaluate\deepskin\data\toMax\rendered_2max\m10i\m10im7k_01.jpg",1148,1530
m10im7k,m10,m10i,m7k,"D:\work\secondYearMaster\thesis\reference\appeal\algorithms\preference_evaluate\deepskin\data\toMax\rendered_face\m10i\m10im7k_21_face.jpg","D:\work\secondYearMaster\thesis\reference\appeal\algorithms\preference_evaluate\deepskin\data\toMax\rendered_2max\m10i\m10im7k_01.jpg",1148,1530
m10im7k,m10,m10i,m7k,"D:\work\secondYearMaster\thesis\reference\appeal\algorithms\preference_evaluate\deepskin\data\toMax\rendered_face\m10i\m10im7k_22_face.jpg","D:\work\secondYearMaster\thesis\reference\appeal\algorithms\preference_evaluate\deepskin\data\toMax\rendered_2max\m10i\m10im7k_01.jpg",1148,1530
m10im7k,m10,m10i,m7k,"D:\work\secondYearMaster\thesis\reference\appeal\algorithms\preference_evaluate\deepskin\data\toMax\rendered_face\m10i\m10im7k_23_face.jpg","D:\work\secondYearMaster\thesis\reference\appeal\algorithms\preference_evaluate\deepskin\data\toMax\rendered_2max\m10i\m10im7k_01.jpg",1148,1530
m10im7k,m10,m10i,m7k,"D:\work\secondYearMaster\thesis\reference\appeal\algorithms\preference_evaluate\deepskin\data\toMax\rendered_face\m10i\m10im7k_24_face.jpg","D:\work\secondYearMaster\thesis\reference\appeal\algorithms\preference_evaluate\deepskin\data\toMax\rendered_2max\m10i\m10im7k_01.jpg",1148,1530
m10im7k,m10,m10i,m7k,"D:\work\secondYearMaster\thesis\reference\appeal\algorithms\preference_evaluate\deepskin\data\toMax\rendered_face\m10i\m10im7k_25_face.jpg","D:\work\secondYearMaster\thesis\reference\appeal\algorithms\preference_evaluate\deepskin\data\toMax\rendered_2max\m10i\m10im7k_01.jpg",1148,1530
m10im7k,m10,m10i,m7k,"D:\work\secondYearMaster\thesis\reference\appeal\algorithms\preference_evaluate\deepskin\data\toMax\rendered_face\m10i\m10im7k_26_face.jpg","D:\work\secondYearMaster\thesis\reference\appeal\algorithms\preference_evaluate\deepskin\data\toMax\rendered_2max\m10i\m10im7k_01.jpg",1148,1530
m10im7k,m10,m10i,m7k,"D:\work\secondYearMaster\thesis\reference\appeal\algorithms\preference_evaluate\deepskin\data\toMax\rendered_face\m10i\m10im7k_27_face.jpg","D:\work\secondYearMaster\thesis\reference\appeal\algorithms\preference_evaluate\deepskin\data\toMax\rendered_2max\m10i\m10im7k_01.jpg",1148,1530
m10im7k,m10,m10i,m7k,"D:\work\secondYearMaster\thesis\reference\appeal\algorithms\preference_evaluate\deepskin\data\toMax\rendered_face\m10i\m10im7k_28_face.jpg","D:\work\secondYearMaster\thesis\reference\appeal\algorithms\preference_evaluate\deepskin\data\toMax\rendered_2max\m10i\m10im7k_01.jpg",1148,1530
m10im7k,m10,m10i,m7k,"D:\work\secondYearMaster\thesis\reference\appeal\algorithms\preference_evaluate\deepskin\data\toMax\rendered_face\m10i\m10im7k_29_face.jpg","D:\work\secondYearMaster\thesis\reference\appeal\algorithms\preference_evaluate\deepskin\data\toMax\rendered_2max\m10i\m10im7k_01.jpg",1148,1530
m10im7k,m10,m10i,m7k,"D:\work\secondYearMaster\thesis\reference\appeal\algorithms\preference_evaluate\deepskin\data\toMax\rendered_face\m10i\m10im7k_30_face.jpg","D:\work\secondYearMaster\thesis\reference\appeal\algorithms\preference_evaluate\deepskin\data\toMax\rendered_2max\m10i\m10im7k_01.jpg",1148,1530
m10im7k,m10,m10i,m7k,"D:\work\secondYearMaster\thesis\reference\appeal\algorithms\preference_evaluate\deepskin\data\toMax\rendered_face\m10i\m10im7k_31_face.jpg","D:\work\secondYearMaster\thesis\reference\appeal\algorithms\preference_evaluate\deepskin\data\toMax\rendered_2max\m10i\m10im7k_01.jpg",1148,1530
m10im7k,m10,m10i,m7k,"D:\work\secondYearMaster\thesis\reference\appeal\algorithms\preference_evaluate\deepskin\data\toMax\rendered_face\m10i\m10im7k_32_face.jpg","D:\work\secondYearMaster\thesis\reference\appeal\algorithms\preference_evaluate\deepskin\data\toMax\rendered_2max\m10i\m10im7k_01.jpg",1148,1530
m10im7k,m10,m10i,m7k,"D:\work\secondYearMaster\thesis\reference\appeal\algorithms\preference_evaluate\deepskin\data\toMax\rendered_face\m10i\m10im7k_33_face.jpg","D:\work\secondYearMaster\thesis\reference\appeal\algorithms\preference_evaluate\deepskin\data\toMax\rendered_2max\m10i\m10im7k_01.jpg",1148,1530
m10im8k,m10,m10i,m8k,"D:\work\secondYearMaster\thesis\reference\appeal\algorithms\preference_evaluate\deepskin\data\toMax\rendered_face\m10i\m10im8k_01_face.jpg","D:\work\secondYearMaster\thesis\reference\appeal\algorithms\preference_evaluate\deepskin\data\toMax\rendered_2max\m10i\m10im8k_01.jpg",1148,1530
m10im8k,m10,m10i,m8k,"D:\work\secondYearMaster\thesis\reference\appeal\algorithms\preference_evaluate\deepskin\data\toMax\rendered_face\m10i\m10im8k_02_face.jpg","D:\work\secondYearMaster\thesis\reference\appeal\algorithms\preference_evaluate\deepskin\data\toMax\rendered_2max\m10i\m10im8k_01.jpg",1148,1530
m10im8k,m10,m10i,m8k,"D:\work\secondYearMaster\thesis\reference\appeal\algorithms\preference_evaluate\deepskin\data\toMax\rendered_face\m10i\m10im8k_03_face.jpg","D:\work\secondYearMaster\thesis\reference\appeal\algorithms\preference_evaluate\deepskin\data\toMax\rendered_2max\m10i\m10im8k_01.jpg",1148,1530
m10im8k,m10,m10i,m8k,"D:\work\secondYearMaster\thesis\reference\appeal\algorithms\preference_evaluate\deepskin\data\toMax\rendered_face\m10i\m10im8k_04_face.jpg","D:\work\secondYearMaster\thesis\reference\appeal\algorithms\preference_evaluate\deepskin\data\toMax\rendered_2max\m10i\m10im8k_01.jpg",1148,1530
m10im8k,m10,m10i,m8k,"D:\work\secondYearMaster\thesis\reference\appeal\algorithms\preference_evaluate\deepskin\data\toMax\rendered_face\m10i\m10im8k_05_face.jpg","D:\work\secondYearMaster\thesis\reference\appeal\algorithms\preference_evaluate\deepskin\data\toMax\rendered_2max\m10i\m10im8k_01.jpg",1148,1530
m10im8k,m10,m10i,m8k,"D:\work\secondYearMaster\thesis\reference\appeal\algorithms\preference_evaluate\deepskin\data\toMax\rendered_face\m10i\m10im8k_06_face.jpg","D:\work\secondYearMaster\thesis\reference\appeal\algorithms\preference_evaluate\deepskin\data\toMax\rendered_2max\m10i\m10im8k_01.jpg",1148,1530
m10im8k,m10,m10i,m8k,"D:\work\secondYearMaster\thesis\reference\appeal\algorithms\preference_evaluate\deepskin\data\toMax\rendered_face\m10i\m10im8k_07_face.jpg","D:\work\secondYearMaster\thesis\reference\appeal\algorithms\preference_evaluate\deepskin\data\toMax\rendered_2max\m10i\m10im8k_01.jpg",1148,1530
m10im8k,m10,m10i,m8k,"D:\work\secondYearMaster\thesis\reference\appeal\algorithms\preference_evaluate\deepskin\data\toMax\rendered_face\m10i\m10im8k_08_face.jpg","D:\work\secondYearMaster\thesis\reference\appeal\algorithms\preference_evaluate\deepskin\data\toMax\rendered_2max\m10i\m10im8k_01.jpg",1148,1530
m10im8k,m10,m10i,m8k,"D:\work\secondYearMaster\thesis\reference\appeal\algorithms\preference_evaluate\deepskin\data\toMax\rendered_face\m10i\m10im8k_09_face.jpg","D:\work\secondYearMaster\thesis\reference\appeal\algorithms\preference_evaluate\deepskin\data\toMax\rendered_2max\m10i\m10im8k_01.jpg",1148,1530
m10im8k,m10,m10i,m8k,"D:\work\secondYearMaster\thesis\reference\appeal\algorithms\preference_evaluate\deepskin\data\toMax\rendered_face\m10i\m10im8k_10_face.jpg","D:\work\secondYearMaster\thesis\reference\appeal\algorithms\preference_evaluate\deepskin\data\toMax\rendered_2max\m10i\m10im8k_01.jpg",1148,1530
m10im8k,m10,m10i,m8k,"D:\work\secondYearMaster\thesis\reference\appeal\algorithms\preference_evaluate\deepskin\data\toMax\rendered_face\m10i\m10im8k_11_face.jpg","D:\work\secondYearMaster\thesis\reference\appeal\algorithms\preference_evaluate\deepskin\data\toMax\rendered_2max\m10i\m10im8k_01.jpg",1148,1530
m10im8k,m10,m10i,m8k,"D:\work\secondYearMaster\thesis\reference\appeal\algorithms\preference_evaluate\deepskin\data\toMax\rendered_face\m10i\m10im8k_12_face.jpg","D:\work\secondYearMaster\thesis\reference\appeal\algorithms\preference_evaluate\deepskin\data\toMax\rendered_2max\m10i\m10im8k_01.jpg",1148,1530
m10im8k,m10,m10i,m8k,"D:\work\secondYearMaster\thesis\reference\appeal\algorithms\preference_evaluate\deepskin\data\toMax\rendered_face\m10i\m10im8k_13_face.jpg","D:\work\secondYearMaster\thesis\reference\appeal\algorithms\preference_evaluate\deepskin\data\toMax\rendered_2max\m10i\m10im8k_01.jpg",1148,1530
m10im8k,m10,m10i,m8k,"D:\work\secondYearMaster\thesis\reference\appeal\algorithms\preference_evaluate\deepskin\data\toMax\rendered_face\m10i\m10im8k_14_face.jpg","D:\work\secondYearMaster\thesis\reference\appeal\algorithms\preference_evaluate\deepskin\data\toMax\rendered_2max\m10i\m10im8k_01.jpg",1148,1530
m10im8k,m10,m10i,m8k,"D:\work\secondYearMaster\thesis\reference\appeal\algorithms\preference_evaluate\deepskin\data\toMax\rendered_face\m10i\m10im8k_15_face.jpg","D:\work\secondYearMaster\thesis\reference\appeal\algorithms\preference_evaluate\deepskin\data\toMax\rendered_2max\m10i\m10im8k_01.jpg",1148,1530
m10im8k,m10,m10i,m8k,"D:\work\secondYearMaster\thesis\reference\appeal\algorithms\preference_evaluate\deepskin\data\toMax\rendered_face\m10i\m10im8k_16_face.jpg","D:\work\secondYearMaster\thesis\reference\appeal\algorithms\preference_evaluate\deepskin\data\toMax\rendered_2max\m10i\m10im8k_01.jpg",1148,1530
m10im8k,m10,m10i,m8k,"D:\work\secondYearMaster\thesis\reference\appeal\algorithms\preference_evaluate\deepskin\data\toMax\rendered_face\m10i\m10im8k_17_face.jpg","D:\work\secondYearMaster\thesis\reference\appeal\algorithms\preference_evaluate\deepskin\data\toMax\rendered_2max\m10i\m10im8k_01.jpg",1148,1530
m10im8k,m10,m10i,m8k,"D:\work\secondYearMaster\thesis\reference\appeal\algorithms\preference_evaluate\deepskin\data\toMax\rendered_face\m10i\m10im8k_18_face.jpg","D:\work\secondYearMaster\thesis\reference\appeal\algorithms\preference_evaluate\deepskin\data\toMax\rendered_2max\m10i\m10im8k_01.jpg",1148,1530
m10im8k,m10,m10i,m8k,"D:\work\secondYearMaster\thesis\reference\appeal\algorithms\preference_evaluate\deepskin\data\toMax\rendered_face\m10i\m10im8k_19_face.jpg","D:\work\secondYearMaster\thesis\reference\appeal\algorithms\preference_evaluate\deepskin\data\toMax\rendered_2max\m10i\m10im8k_01.jpg",1148,1530
m10im8k,m10,m10i,m8k,"D:\work\secondYearMaster\thesis\reference\appeal\algorithms\preference_evaluate\deepskin\data\toMax\rendered_face\m10i\m10im8k_20_face.jpg","D:\work\secondYearMaster\thesis\reference\appeal\algorithms\preference_evaluate\deepskin\data\toMax\rendered_2max\m10i\m10im8k_01.jpg",1148,1530
m10im8k,m10,m10i,m8k,"D:\work\secondYearMaster\thesis\reference\appeal\algorithms\preference_evaluate\deepskin\data\toMax\rendered_face\m10i\m10im8k_21_face.jpg","D:\work\secondYearMaster\thesis\reference\appeal\algorithms\preference_evaluate\deepskin\data\toMax\rendered_2max\m10i\m10im8k_01.jpg",1148,1530
m10im8k,m10,m10i,m8k,"D:\work\secondYearMaster\thesis\reference\appeal\algorithms\preference_evaluate\deepskin\data\toMax\rendered_face\m10i\m10im8k_22_face.jpg","D:\work\secondYearMaster\thesis\reference\appeal\algorithms\preference_evaluate\deepskin\data\toMax\rendered_2max\m10i\m10im8k_01.jpg",1148,1530
m10im8k,m10,m10i,m8k,"D:\work\secondYearMaster\thesis\reference\appeal\algorithms\preference_evaluate\deepskin\data\toMax\rendered_face\m10i\m10im8k_23_face.jpg","D:\work\secondYearMaster\thesis\reference\appeal\algorithms\preference_evaluate\deepskin\data\toMax\rendered_2max\m10i\m10im8k_01.jpg",1148,1530
m10im8k,m10,m10i,m8k,"D:\work\secondYearMaster\thesis\reference\appeal\algorithms\preference_evaluate\deepskin\data\toMax\rendered_face\m10i\m10im8k_24_face.jpg","D:\work\secondYearMaster\thesis\reference\appeal\algorithms\preference_evaluate\deepskin\data\toMax\rendered_2max\m10i\m10im8k_01.jpg",1148,1530
m10im8k,m10,m10i,m8k,"D:\work\secondYearMaster\thesis\reference\appeal\algorithms\preference_evaluate\deepskin\data\toMax\rendered_face\m10i\m10im8k_25_face.jpg","D:\work\secondYearMaster\thesis\reference\appeal\algorithms\preference_evaluate\deepskin\data\toMax\rendered_2max\m10i\m10im8k_01.jpg",1148,1530
m10im8k,m10,m10i,m8k,"D:\work\secondYearMaster\thesis\reference\appeal\algorithms\preference_evaluate\deepskin\data\toMax\rendered_face\m10i\m10im8k_26_face.jpg","D:\work\secondYearMaster\thesis\reference\appeal\algorithms\preference_evaluate\deepskin\data\toMax\rendered_2max\m10i\m10im8k_01.jpg",1148,1530
m10im8k,m10,m10i,m8k,"D:\work\secondYearMaster\thesis\reference\appeal\algorithms\preference_evaluate\deepskin\data\toMax\rendered_face\m10i\m10im8k_27_face.jpg","D:\work\secondYearMaster\thesis\reference\appeal\algorithms\preference_evaluate\deepskin\data\toMax\rendered_2max\m10i\m10im8k_01.jpg",1148,1530
m10im8k,m10,m10i,m8k,"D:\work\secondYearMaster\thesis\reference\appeal\algorithms\preference_evaluate\deepskin\data\toMax\rendered_face\m10i\m10im8k_28_face.jpg","D:\work\secondYearMaster\thesis\reference\appeal\algorithms\preference_evaluate\deepskin\data\toMax\rendered_2max\m10i\m10im8k_01.jpg",1148,1530
m10im8k,m10,m10i,m8k,"D:\work\secondYearMaster\thesis\reference\appeal\algorithms\preference_evaluate\deepskin\data\toMax\rendered_face\m10i\m10im8k_29_face.jpg","D:\work\secondYearMaster\thesis\reference\appeal\algorithms\preference_evaluate\deepskin\data\toMax\rendered_2max\m10i\m10im8k_01.jpg",1148,1530
m10im8k,m10,m10i,m8k,"D:\work\secondYearMaster\thesis\reference\appeal\algorithms\preference_evaluate\deepskin\data\toMax\rendered_face\m10i\m10im8k_30_face.jpg","D:\work\secondYearMaster\thesis\reference\appeal\algorithms\preference_evaluate\deepskin\data\toMax\rendered_2max\m10i\m10im8k_01.jpg",1148,1530
m10im8k,m10,m10i,m8k,"D:\work\secondYearMaster\thesis\reference\appeal\algorithms\preference_evaluate\deepskin\data\toMax\rendered_face\m10i\m10im8k_31_face.jpg","D:\work\secondYearMaster\thesis\reference\appeal\algorithms\preference_evaluate\deepskin\data\toMax\rendered_2max\m10i\m10im8k_01.jpg",1148,1530
m10im8k,m10,m10i,m8k,"D:\work\secondYearMaster\thesis\reference\appeal\algorithms\preference_evaluate\deepskin\data\toMax\rendered_face\m10i\m10im8k_32_face.jpg","D:\work\secondYearMaster\thesis\reference\appeal\algorithms\preference_evaluate\deepskin\data\toMax\rendered_2max\m10i\m10im8k_01.jpg",1148,1530
m10im8k,m10,m10i,m8k,"D:\work\secondYearMaster\thesis\reference\appeal\algorithms\preference_evaluate\deepskin\data\toMax\rendered_face\m10i\m10im8k_33_face.jpg","D:\work\secondYearMaster\thesis\reference\appeal\algorithms\preference_evaluate\deepskin\data\toMax\rendered_2max\m10i\m10im8k_01.jpg",1148,1530
m10imd65,m10,m10i,md65,"D:\work\secondYearMaster\thesis\reference\appeal\algorithms\preference_evaluate\deepskin\data\toMax\rendered_face\m10i\m10imd65_01_face.jpg","D:\work\secondYearMaster\thesis\reference\appeal\algorithms\preference_evaluate\deepskin\data\toMax\rendered_2max\m10i\m10imd65_01.jpg",1148,1530
m10imd65,m10,m10i,md65,"D:\work\secondYearMaster\thesis\reference\appeal\algorithms\preference_evaluate\deepskin\data\toMax\rendered_face\m10i\m10imd65_02_face.jpg","D:\work\secondYearMaster\thesis\reference\appeal\algorithms\preference_evaluate\deepskin\data\toMax\rendered_2max\m10i\m10imd65_01.jpg",1148,1530
m10imd65,m10,m10i,md65,"D:\work\secondYearMaster\thesis\reference\appeal\algorithms\preference_evaluate\deepskin\data\toMax\rendered_face\m10i\m10imd65_03_face.jpg","D:\work\secondYearMaster\thesis\reference\appeal\algorithms\preference_evaluate\deepskin\data\toMax\rendered_2max\m10i\m10imd65_01.jpg",1148,1530
m10imd65,m10,m10i,md65,"D:\work\secondYearMaster\thesis\reference\appeal\algorithms\preference_evaluate\deepskin\data\toMax\rendered_face\m10i\m10imd65_04_face.jpg","D:\work\secondYearMaster\thesis\reference\appeal\algorithms\preference_evaluate\deepskin\data\toMax\rendered_2max\m10i\m10imd65_01.jpg",1148,1530
m10imd65,m10,m10i,md65,"D:\work\secondYearMaster\thesis\reference\appeal\algorithms\preference_evaluate\deepskin\data\toMax\rendered_face\m10i\m10imd65_05_face.jpg","D:\work\secondYearMaster\thesis\reference\appeal\algorithms\preference_evaluate\deepskin\data\toMax\rendered_2max\m10i\m10imd65_01.jpg",1148,1530
m10imd65,m10,m10i,md65,"D:\work\secondYearMaster\thesis\reference\appeal\algorithms\preference_evaluate\deepskin\data\toMax\rendered_face\m10i\m10imd65_06_face.jpg","D:\work\secondYearMaster\thesis\reference\appeal\algorithms\preference_evaluate\deepskin\data\toMax\rendered_2max\m10i\m10imd65_01.jpg",1148,1530
m10imd65,m10,m10i,md65,"D:\work\secondYearMaster\thesis\reference\appeal\algorithms\preference_evaluate\deepskin\data\toMax\rendered_face\m10i\m10imd65_07_face.jpg","D:\work\secondYearMaster\thesis\reference\appeal\algorithms\preference_evaluate\deepskin\data\toMax\rendered_2max\m10i\m10imd65_01.jpg",1148,1530
m10imd65,m10,m10i,md65,"D:\work\secondYearMaster\thesis\reference\appeal\algorithms\preference_evaluate\deepskin\data\toMax\rendered_face\m10i\m10imd65_08_face.jpg","D:\work\secondYearMaster\thesis\reference\appeal\algorithms\preference_evaluate\deepskin\data\toMax\rendered_2max\m10i\m10imd65_01.jpg",1148,1530
m10imd65,m10,m10i,md65,"D:\work\secondYearMaster\thesis\reference\appeal\algorithms\preference_evaluate\deepskin\data\toMax\rendered_face\m10i\m10imd65_09_face.jpg","D:\work\secondYearMaster\thesis\reference\appeal\algorithms\preference_evaluate\deepskin\data\toMax\rendered_2max\m10i\m10imd65_01.jpg",1148,1530
m10imd65,m10,m10i,md65,"D:\work\secondYearMaster\thesis\reference\appeal\algorithms\preference_evaluate\deepskin\data\toMax\rendered_face\m10i\m10imd65_10_face.jpg","D:\work\secondYearMaster\thesis\reference\appeal\algorithms\preference_evaluate\deepskin\data\toMax\rendered_2max\m10i\m10imd65_01.jpg",1148,1530
m10imd65,m10,m10i,md65,"D:\work\secondYearMaster\thesis\reference\appeal\algorithms\preference_evaluate\deepskin\data\toMax\rendered_face\m10i\m10imd65_11_face.jpg","D:\work\secondYearMaster\thesis\reference\appeal\algorithms\preference_evaluate\deepskin\data\toMax\rendered_2max\m10i\m10imd65_01.jpg",1148,1530
m10imd65,m10,m10i,md65,"D:\work\secondYearMaster\thesis\reference\appeal\algorithms\preference_evaluate\deepskin\data\toMax\rendered_face\m10i\m10imd65_12_face.jpg","D:\work\secondYearMaster\thesis\reference\appeal\algorithms\preference_evaluate\deepskin\data\toMax\rendered_2max\m10i\m10imd65_01.jpg",1148,1530
m10imd65,m10,m10i,md65,"D:\work\secondYearMaster\thesis\reference\appeal\algorithms\preference_evaluate\deepskin\data\toMax\rendered_face\m10i\m10imd65_13_face.jpg","D:\work\secondYearMaster\thesis\reference\appeal\algorithms\preference_evaluate\deepskin\data\toMax\rendered_2max\m10i\m10imd65_01.jpg",1148,1530
m10imd65,m10,m10i,md65,"D:\work\secondYearMaster\thesis\reference\appeal\algorithms\preference_evaluate\deepskin\data\toMax\rendered_face\m10i\m10imd65_14_face.jpg","D:\work\secondYearMaster\thesis\reference\appeal\algorithms\preference_evaluate\deepskin\data\toMax\rendered_2max\m10i\m10imd65_01.jpg",1148,1530
m10imd65,m10,m10i,md65,"D:\work\secondYearMaster\thesis\reference\appeal\algorithms\preference_evaluate\deepskin\data\toMax\rendered_face\m10i\m10imd65_15_face.jpg","D:\work\secondYearMaster\thesis\reference\appeal\algorithms\preference_evaluate\deepskin\data\toMax\rendered_2max\m10i\m10imd65_01.jpg",1148,1530
m10imd65,m10,m10i,md65,"D:\work\secondYearMaster\thesis\reference\appeal\algorithms\preference_evaluate\deepskin\data\toMax\rendered_face\m10i\m10imd65_16_face.jpg","D:\work\secondYearMaster\thesis\reference\appeal\algorithms\preference_evaluate\deepskin\data\toMax\rendered_2max\m10i\m10imd65_01.jpg",1148,1530
m10imd65,m10,m10i,md65,"D:\work\secondYearMaster\thesis\reference\appeal\algorithms\preference_evaluate\deepskin\data\toMax\rendered_face\m10i\m10imd65_17_face.jpg","D:\work\secondYearMaster\thesis\reference\appeal\algorithms\preference_evaluate\deepskin\data\toMax\rendered_2max\m10i\m10imd65_01.jpg",1148,1530
m10imd65,m10,m10i,md65,"D:\work\secondYearMaster\thesis\reference\appeal\algorithms\preference_evaluate\deepskin\data\toMax\rendered_face\m10i\m10imd65_18_face.jpg","D:\work\secondYearMaster\thesis\reference\appeal\algorithms\preference_evaluate\deepskin\data\toMax\rendered_2max\m10i\m10imd65_01.jpg",1148,1530
m10imd65,m10,m10i,md65,"D:\work\secondYearMaster\thesis\reference\appeal\algorithms\preference_evaluate\deepskin\data\toMax\rendered_face\m10i\m10imd65_19_face.jpg","D:\work\secondYearMaster\thesis\reference\appeal\algorithms\preference_evaluate\deepskin\data\toMax\rendered_2max\m10i\m10imd65_01.jpg",1148,1530
m10imd65,m10,m10i,md65,"D:\work\secondYearMaster\thesis\reference\appeal\algorithms\preference_evaluate\deepskin\data\toMax\rendered_face\m10i\m10imd65_20_face.jpg","D:\work\secondYearMaster\thesis\reference\appeal\algorithms\preference_evaluate\deepskin\data\toMax\rendered_2max\m10i\m10imd65_01.jpg",1148,1530
m10imd65,m10,m10i,md65,"D:\work\secondYearMaster\thesis\reference\appeal\algorithms\preference_evaluate\deepskin\data\toMax\rendered_face\m10i\m10imd65_21_face.jpg","D:\work\secondYearMaster\thesis\reference\appeal\algorithms\preference_evaluate\deepskin\data\toMax\rendered_2max\m10i\m10imd65_01.jpg",1148,1530
m10imd65,m10,m10i,md65,"D:\work\secondYearMaster\thesis\reference\appeal\algorithms\preference_evaluate\deepskin\data\toMax\rendered_face\m10i\m10imd65_22_face.jpg","D:\work\secondYearMaster\thesis\reference\appeal\algorithms\preference_evaluate\deepskin\data\toMax\rendered_2max\m10i\m10imd65_01.jpg",1148,1530
m10imd65,m10,m10i,md65,"D:\work\secondYearMaster\thesis\reference\appeal\algorithms\preference_evaluate\deepskin\data\toMax\rendered_face\m10i\m10imd65_23_face.jpg","D:\work\secondYearMaster\thesis\reference\appeal\algorithms\preference_evaluate\deepskin\data\toMax\rendered_2max\m10i\m10imd65_01.jpg",1148,1530
m10imd65,m10,m10i,md65,"D:\work\secondYearMaster\thesis\reference\appeal\algorithms\preference_evaluate\deepskin\data\toMax\rendered_face\m10i\m10imd65_24_face.jpg","D:\work\secondYearMaster\thesis\reference\appeal\algorithms\preference_evaluate\deepskin\data\toMax\rendered_2max\m10i\m10imd65_01.jpg",1148,1530
m10imd65,m10,m10i,md65,"D:\work\secondYearMaster\thesis\reference\appeal\algorithms\preference_evaluate\deepskin\data\toMax\rendered_face\m10i\m10imd65_25_face.jpg","D:\work\secondYearMaster\thesis\reference\appeal\algorithms\preference_evaluate\deepskin\data\toMax\rendered_2max\m10i\m10imd65_01.jpg",1148,1530
m10imd65,m10,m10i,md65,"D:\work\secondYearMaster\thesis\reference\appeal\algorithms\preference_evaluate\deepskin\data\toMax\rendered_face\m10i\m10imd65_26_face.jpg","D:\work\secondYearMaster\thesis\reference\appeal\algorithms\preference_evaluate\deepskin\data\toMax\rendered_2max\m10i\m10imd65_01.jpg",1148,1530
m10imd65,m10,m10i,md65,"D:\work\secondYearMaster\thesis\reference\appeal\algorithms\preference_evaluate\deepskin\data\toMax\rendered_face\m10i\m10imd65_27_face.jpg","D:\work\secondYearMaster\thesis\reference\appeal\algorithms\preference_evaluate\deepskin\data\toMax\rendered_2max\m10i\m10imd65_01.jpg",1148,1530
m10imd65,m10,m10i,md65,"D:\work\secondYearMaster\thesis\reference\appeal\algorithms\preference_evaluate\deepskin\data\toMax\rendered_face\m10i\m10imd65_28_face.jpg","D:\work\secondYearMaster\thesis\reference\appeal\algorithms\preference_evaluate\deepskin\data\toMax\rendered_2max\m10i\m10imd65_01.jpg",1148,1530
m10imd65,m10,m10i,md65,"D:\work\secondYearMaster\thesis\reference\appeal\algorithms\preference_evaluate\deepskin\data\toMax\rendered_face\m10i\m10imd65_29_face.jpg","D:\work\secondYearMaster\thesis\reference\appeal\algorithms\preference_evaluate\deepskin\data\toMax\rendered_2max\m10i\m10imd65_01.jpg",1148,1530
m10imd65,m10,m10i,md65,"D:\work\secondYearMaster\thesis\reference\appeal\algorithms\preference_evaluate\deepskin\data\toMax\rendered_face\m10i\m10imd65_30_face.jpg","D:\work\secondYearMaster\thesis\reference\appeal\algorithms\preference_evaluate\deepskin\data\toMax\rendered_2max\m10i\m10imd65_01.jpg",1148,1530
m10imd65,m10,m10i,md65,"D:\work\secondYearMaster\thesis\reference\appeal\algorithms\preference_evaluate\deepskin\data\toMax\rendered_face\m10i\m10imd65_31_face.jpg","D:\work\secondYearMaster\thesis\reference\appeal\algorithms\preference_evaluate\deepskin\data\toMax\rendered_2max\m10i\m10imd65_01.jpg",1148,1530
m10imd65,m10,m10i,md65,"D:\work\secondYearMaster\thesis\reference\appeal\algorithms\preference_evaluate\deepskin\data\toMax\rendered_face\m10i\m10imd65_32_face.jpg","D:\work\secondYearMaster\thesis\reference\appeal\algorithms\preference_evaluate\deepskin\data\toMax\rendered_2max\m10i\m10imd65_01.jpg",1148,1530
m10imd65,m10,m10i,md65,"D:\work\secondYearMaster\thesis\reference\appeal\algorithms\preference_evaluate\deepskin\data\toMax\rendered_face\m10i\m10imd65_33_face.jpg","D:\work\secondYearMaster\thesis\reference\appeal\algorithms\preference_evaluate\deepskin\data\toMax\rendered_2max\m10i\m10imd65_01.jpg",1148,1530
